2025-03-31 21:55:06,457 [Worker-0: Loading available Gradle versions] INFO  o.e.b.c.i.u.g.PublishedGradleVersions - Gradle version information cache is up-to-date. Trying to read.
2025-03-31 21:59:04,068 [Worker-4: Import Getting Started Content] INFO  o.e.m.c.i.l.LifecycleMappingFactory - Using org.eclipse.m2e.jdt.JarLifecycleMapping lifecycle mapping for MavenProject: auth-service:usuario-service:0.0.1-SNAPSHOT @ E:\microservicio\usuario-service\pom.xml.
2025-03-31 21:59:04,973 [Worker-4: Import Getting Started Content] INFO  o.e.m.c.i.e.AbstractTransferListenerAdapter - Downloading https://repo.maven.apache.org/maven2/org/springframework/boot/spring-boot-starter-data-jpa/3.4.4/spring-boot-starter-data-jpa-3.4.4.pom
2025-03-31 21:59:05,018 [Worker-4: Import Getting Started Content] INFO  o.e.m.c.i.e.AbstractTransferListenerAdapter - Downloaded https://repo.maven.apache.org/maven2/org/springframework/boot/spring-boot-starter-data-jpa/3.4.4/spring-boot-starter-data-jpa-3.4.4.pom
2025-03-31 21:59:05,704 [Worker-4: Import Getting Started Content] INFO  o.e.m.c.i.e.AbstractTransferListenerAdapter - Downloading https://repo.maven.apache.org/maven2/org/springframework/boot/spring-boot-starter-jdbc/3.4.4/spring-boot-starter-jdbc-3.4.4.pom
2025-03-31 21:59:05,718 [Worker-4: Import Getting Started Content] INFO  o.e.m.c.i.e.AbstractTransferListenerAdapter - Downloaded https://repo.maven.apache.org/maven2/org/springframework/boot/spring-boot-starter-jdbc/3.4.4/spring-boot-starter-jdbc-3.4.4.pom
2025-03-31 21:59:05,850 [Worker-4: Import Getting Started Content] INFO  o.e.m.c.i.e.AbstractTransferListenerAdapter - Downloading https://repo.maven.apache.org/maven2/org/springframework/spring-jdbc/6.2.5/spring-jdbc-6.2.5.pom
2025-03-31 21:59:05,862 [Worker-4: Import Getting Started Content] INFO  o.e.m.c.i.e.AbstractTransferListenerAdapter - Downloaded https://repo.maven.apache.org/maven2/org/springframework/spring-jdbc/6.2.5/spring-jdbc-6.2.5.pom
2025-03-31 21:59:05,976 [Worker-4: Import Getting Started Content] INFO  o.e.m.c.i.e.AbstractTransferListenerAdapter - Downloading https://repo.maven.apache.org/maven2/org/springframework/spring-tx/6.2.5/spring-tx-6.2.5.pom
2025-03-31 21:59:05,990 [Worker-4: Import Getting Started Content] INFO  o.e.m.c.i.e.AbstractTransferListenerAdapter - Downloaded https://repo.maven.apache.org/maven2/org/springframework/spring-tx/6.2.5/spring-tx-6.2.5.pom
2025-03-31 21:59:06,101 [Worker-4: Import Getting Started Content] INFO  o.e.m.c.i.e.AbstractTransferListenerAdapter - Downloading https://repo.maven.apache.org/maven2/org/hibernate/orm/hibernate-core/6.6.11.Final/hibernate-core-6.6.11.Final.pom
2025-03-31 21:59:06,123 [Worker-4: Import Getting Started Content] INFO  o.e.m.c.i.e.AbstractTransferListenerAdapter - Downloaded https://repo.maven.apache.org/maven2/org/hibernate/orm/hibernate-core/6.6.11.Final/hibernate-core-6.6.11.Final.pom
2025-03-31 21:59:06,852 [Worker-4: Import Getting Started Content] INFO  o.e.m.c.i.e.AbstractTransferListenerAdapter - Downloading https://repo.maven.apache.org/maven2/org/springframework/data/spring-data-jpa/3.4.4/spring-data-jpa-3.4.4.pom
2025-03-31 21:59:06,884 [Worker-4: Import Getting Started Content] INFO  o.e.m.c.i.e.AbstractTransferListenerAdapter - Downloaded https://repo.maven.apache.org/maven2/org/springframework/data/spring-data-jpa/3.4.4/spring-data-jpa-3.4.4.pom
2025-03-31 21:59:06,996 [Worker-4: Import Getting Started Content] INFO  o.e.m.c.i.e.AbstractTransferListenerAdapter - Downloading https://repo.maven.apache.org/maven2/org/springframework/data/spring-data-jpa-parent/3.4.4/spring-data-jpa-parent-3.4.4.pom
2025-03-31 21:59:07,023 [Worker-4: Import Getting Started Content] INFO  o.e.m.c.i.e.AbstractTransferListenerAdapter - Downloaded https://repo.maven.apache.org/maven2/org/springframework/data/spring-data-jpa-parent/3.4.4/spring-data-jpa-parent-3.4.4.pom
2025-03-31 21:59:07,138 [Worker-4: Import Getting Started Content] INFO  o.e.m.c.i.e.AbstractTransferListenerAdapter - Downloading https://repo.maven.apache.org/maven2/org/springframework/data/build/spring-data-parent/3.4.4/spring-data-parent-3.4.4.pom
2025-03-31 21:59:07,251 [Worker-4: Import Getting Started Content] INFO  o.e.m.c.i.e.AbstractTransferListenerAdapter - Downloaded https://repo.maven.apache.org/maven2/org/springframework/data/build/spring-data-parent/3.4.4/spring-data-parent-3.4.4.pom
2025-03-31 21:59:07,386 [Worker-4: Import Getting Started Content] INFO  o.e.m.c.i.e.AbstractTransferListenerAdapter - Downloading https://repo.maven.apache.org/maven2/org/springframework/data/build/spring-data-build/3.4.4/spring-data-build-3.4.4.pom
2025-03-31 21:59:07,402 [Worker-4: Import Getting Started Content] INFO  o.e.m.c.i.e.AbstractTransferListenerAdapter - Downloaded https://repo.maven.apache.org/maven2/org/springframework/data/build/spring-data-build/3.4.4/spring-data-build-3.4.4.pom
2025-03-31 21:59:07,538 [Worker-4: Import Getting Started Content] INFO  o.e.m.c.i.e.AbstractTransferListenerAdapter - Downloading https://repo.maven.apache.org/maven2/org/springframework/spring-framework-bom/6.2.4/spring-framework-bom-6.2.4.pom
2025-03-31 21:59:07,555 [Worker-4: Import Getting Started Content] INFO  o.e.m.c.i.e.AbstractTransferListenerAdapter - Downloaded https://repo.maven.apache.org/maven2/org/springframework/spring-framework-bom/6.2.4/spring-framework-bom-6.2.4.pom
2025-03-31 21:59:07,716 [Worker-4: Import Getting Started Content] INFO  o.e.m.c.i.e.AbstractTransferListenerAdapter - Downloading https://repo.maven.apache.org/maven2/org/springframework/data/spring-data-commons/3.4.4/spring-data-commons-3.4.4.pom
2025-03-31 21:59:07,735 [Worker-4: Import Getting Started Content] INFO  o.e.m.c.i.e.AbstractTransferListenerAdapter - Downloaded https://repo.maven.apache.org/maven2/org/springframework/data/spring-data-commons/3.4.4/spring-data-commons-3.4.4.pom
2025-03-31 21:59:07,857 [Worker-4: Import Getting Started Content] INFO  o.e.m.c.i.e.AbstractTransferListenerAdapter - Downloading https://repo.maven.apache.org/maven2/org/springframework/spring-orm/6.2.5/spring-orm-6.2.5.pom
2025-03-31 21:59:07,873 [Worker-4: Import Getting Started Content] INFO  o.e.m.c.i.e.AbstractTransferListenerAdapter - Downloaded https://repo.maven.apache.org/maven2/org/springframework/spring-orm/6.2.5/spring-orm-6.2.5.pom
2025-03-31 21:59:07,996 [Worker-4: Import Getting Started Content] INFO  o.e.m.c.i.e.AbstractTransferListenerAdapter - Downloading https://repo.maven.apache.org/maven2/org/springframework/spring-aspects/6.2.5/spring-aspects-6.2.5.pom
2025-03-31 21:59:08,009 [Worker-4: Import Getting Started Content] INFO  o.e.m.c.i.e.AbstractTransferListenerAdapter - Downloaded https://repo.maven.apache.org/maven2/org/springframework/spring-aspects/6.2.5/spring-aspects-6.2.5.pom
2025-03-31 21:59:08,125 [Worker-4: Import Getting Started Content] INFO  o.e.m.c.i.e.AbstractTransferListenerAdapter - Downloading https://repo.maven.apache.org/maven2/org/aspectj/aspectjweaver/1.9.23/aspectjweaver-1.9.23.pom
2025-03-31 21:59:08,137 [Worker-4: Import Getting Started Content] INFO  o.e.m.c.i.e.AbstractTransferListenerAdapter - Downloaded https://repo.maven.apache.org/maven2/org/aspectj/aspectjweaver/1.9.23/aspectjweaver-1.9.23.pom
2025-03-31 21:59:08,535 [Worker-4: Import Getting Started Content] INFO  o.e.m.c.i.e.AbstractTransferListenerAdapter - Downloading https://repo.maven.apache.org/maven2/org/springframework/boot/spring-boot-devtools/3.4.4/spring-boot-devtools-3.4.4.pom
2025-03-31 21:59:08,548 [Worker-4: Import Getting Started Content] INFO  o.e.m.c.i.e.AbstractTransferListenerAdapter - Downloaded https://repo.maven.apache.org/maven2/org/springframework/boot/spring-boot-devtools/3.4.4/spring-boot-devtools-3.4.4.pom
2025-03-31 21:59:09,286 [Worker-4: Import Getting Started Content] INFO  o.e.m.c.i.e.AbstractTransferListenerAdapter - Downloading https://repo.maven.apache.org/maven2/org/springframework/boot/spring-boot-starter-data-jpa/3.4.4/spring-boot-starter-data-jpa-3.4.4.jar
2025-03-31 21:59:09,305 [Worker-4: Import Getting Started Content] INFO  o.e.m.c.i.e.AbstractTransferListenerAdapter - Downloaded https://repo.maven.apache.org/maven2/org/springframework/boot/spring-boot-starter-data-jpa/3.4.4/spring-boot-starter-data-jpa-3.4.4.jar
2025-03-31 21:59:09,414 [BasicRepositoryConnector-repo.maven.apache.org-0-1] INFO  o.e.m.c.i.e.AbstractTransferListenerAdapter - Downloading https://repo.maven.apache.org/maven2/org/springframework/spring-jdbc/6.2.5/spring-jdbc-6.2.5.jar
2025-03-31 21:59:09,632 [BasicRepositoryConnector-repo.maven.apache.org-0-2] INFO  o.e.m.c.i.e.AbstractTransferListenerAdapter - Downloading https://repo.maven.apache.org/maven2/org/hibernate/orm/hibernate-core/6.6.11.Final/hibernate-core-6.6.11.Final.jar
2025-03-31 21:59:09,640 [BasicRepositoryConnector-repo.maven.apache.org-0-0] INFO  o.e.m.c.i.e.AbstractTransferListenerAdapter - Downloading https://repo.maven.apache.org/maven2/org/springframework/boot/spring-boot-starter-jdbc/3.4.4/spring-boot-starter-jdbc-3.4.4.jar
2025-03-31 21:59:09,645 [BasicRepositoryConnector-repo.maven.apache.org-0-3] INFO  o.e.m.c.i.e.AbstractTransferListenerAdapter - Downloading https://repo.maven.apache.org/maven2/org/springframework/data/spring-data-jpa/3.4.4/spring-data-jpa-3.4.4.jar
2025-03-31 21:59:09,653 [BasicRepositoryConnector-repo.maven.apache.org-0-0] INFO  o.e.m.c.i.e.AbstractTransferListenerAdapter - Downloaded https://repo.maven.apache.org/maven2/org/springframework/boot/spring-boot-starter-jdbc/3.4.4/spring-boot-starter-jdbc-3.4.4.jar
2025-03-31 21:59:09,654 [BasicRepositoryConnector-repo.maven.apache.org-0-4] INFO  o.e.m.c.i.e.AbstractTransferListenerAdapter - Downloading https://repo.maven.apache.org/maven2/org/springframework/data/spring-data-commons/3.4.4/spring-data-commons-3.4.4.jar
2025-03-31 21:59:09,758 [BasicRepositoryConnector-repo.maven.apache.org-0-0] INFO  o.e.m.c.i.e.AbstractTransferListenerAdapter - Downloading https://repo.maven.apache.org/maven2/org/springframework/spring-orm/6.2.5/spring-orm-6.2.5.jar
2025-03-31 21:59:09,764 [BasicRepositoryConnector-repo.maven.apache.org-0-1] INFO  o.e.m.c.i.e.AbstractTransferListenerAdapter - Downloaded https://repo.maven.apache.org/maven2/org/springframework/spring-jdbc/6.2.5/spring-jdbc-6.2.5.jar
2025-03-31 21:59:09,868 [BasicRepositoryConnector-repo.maven.apache.org-0-1] INFO  o.e.m.c.i.e.AbstractTransferListenerAdapter - Downloading https://repo.maven.apache.org/maven2/org/springframework/spring-tx/6.2.5/spring-tx-6.2.5.jar
2025-03-31 21:59:09,965 [BasicRepositoryConnector-repo.maven.apache.org-0-1] INFO  o.e.m.c.i.e.AbstractTransferListenerAdapter - Downloaded https://repo.maven.apache.org/maven2/org/springframework/spring-tx/6.2.5/spring-tx-6.2.5.jar
2025-03-31 21:59:10,125 [BasicRepositoryConnector-repo.maven.apache.org-0-1] INFO  o.e.m.c.i.e.AbstractTransferListenerAdapter - Downloading https://repo.maven.apache.org/maven2/org/springframework/spring-aspects/6.2.5/spring-aspects-6.2.5.jar
2025-03-31 21:59:10,140 [BasicRepositoryConnector-repo.maven.apache.org-0-1] INFO  o.e.m.c.i.e.AbstractTransferListenerAdapter - Downloaded https://repo.maven.apache.org/maven2/org/springframework/spring-aspects/6.2.5/spring-aspects-6.2.5.jar
2025-03-31 21:59:10,173 [BasicRepositoryConnector-repo.maven.apache.org-0-0] INFO  o.e.m.c.i.e.AbstractTransferListenerAdapter - Downloaded https://repo.maven.apache.org/maven2/org/springframework/spring-orm/6.2.5/spring-orm-6.2.5.jar
2025-03-31 21:59:10,323 [BasicRepositoryConnector-repo.maven.apache.org-0-1] INFO  o.e.m.c.i.e.AbstractTransferListenerAdapter - Downloading https://repo.maven.apache.org/maven2/org/aspectj/aspectjweaver/1.9.23/aspectjweaver-1.9.23.jar
2025-03-31 21:59:10,355 [BasicRepositoryConnector-repo.maven.apache.org-0-0] INFO  o.e.m.c.i.e.AbstractTransferListenerAdapter - Downloading https://repo.maven.apache.org/maven2/org/springframework/boot/spring-boot-devtools/3.4.4/spring-boot-devtools-3.4.4.jar
2025-03-31 21:59:10,815 [BasicRepositoryConnector-repo.maven.apache.org-0-0] INFO  o.e.m.c.i.e.AbstractTransferListenerAdapter - Downloaded https://repo.maven.apache.org/maven2/org/springframework/boot/spring-boot-devtools/3.4.4/spring-boot-devtools-3.4.4.jar
2025-03-31 21:59:11,072 [BasicRepositoryConnector-repo.maven.apache.org-0-3] INFO  o.e.m.c.i.e.AbstractTransferListenerAdapter - Downloaded https://repo.maven.apache.org/maven2/org/springframework/data/spring-data-jpa/3.4.4/spring-data-jpa-3.4.4.jar
2025-03-31 21:59:11,176 [BasicRepositoryConnector-repo.maven.apache.org-0-4] INFO  o.e.m.c.i.e.AbstractTransferListenerAdapter - Downloaded https://repo.maven.apache.org/maven2/org/springframework/data/spring-data-commons/3.4.4/spring-data-commons-3.4.4.jar
2025-03-31 21:59:11,312 [BasicRepositoryConnector-repo.maven.apache.org-0-1] INFO  o.e.m.c.i.e.AbstractTransferListenerAdapter - Downloaded https://repo.maven.apache.org/maven2/org/aspectj/aspectjweaver/1.9.23/aspectjweaver-1.9.23.jar
2025-03-31 21:59:13,668 [BasicRepositoryConnector-repo.maven.apache.org-0-2] INFO  o.e.m.c.i.e.AbstractTransferListenerAdapter - Downloaded https://repo.maven.apache.org/maven2/org/hibernate/orm/hibernate-core/6.6.11.Final/hibernate-core-6.6.11.Final.jar
2025-03-31 21:59:15,989 [Worker-4: Import Getting Started Content] INFO  o.e.m.j.i.AbstractJavaProjectConfigurator - Adding source folder /usuario-service/src/main/java
2025-03-31 21:59:15,992 [Worker-4: Import Getting Started Content] INFO  o.e.m.j.i.AbstractJavaProjectConfigurator - Adding resource folder /usuario-service/src/main/resources
2025-03-31 21:59:16,018 [Worker-4: Import Getting Started Content] INFO  o.e.m.j.i.AbstractJavaProjectConfigurator - Adding resource folder /usuario-service/src/main/resources
2025-03-31 21:59:16,042 [Worker-4: Import Getting Started Content] INFO  o.e.m.j.i.AbstractJavaProjectConfigurator - Adding source folder /usuario-service/src/test/java
2025-03-31 21:59:16,044 [Worker-4: Import Getting Started Content] INFO  o.e.m.j.i.AbstractJavaProjectConfigurator - Adding resource folder /usuario-service/src/test/resources
2025-03-31 21:59:16,446 [Worker-0: Download sources and javadoc] INFO  o.e.m.c.i.e.AbstractTransferListenerAdapter - Downloading https://repo.maven.apache.org/maven2/org/springframework/boot/spring-boot-starter-data-jpa/3.4.4/spring-boot-starter-data-jpa-3.4.4-sources.jar
2025-03-31 21:59:16,457 [Worker-0: Download sources and javadoc] INFO  o.e.m.c.i.e.AbstractTransferListenerAdapter - Downloaded https://repo.maven.apache.org/maven2/org/springframework/boot/spring-boot-starter-data-jpa/3.4.4/spring-boot-starter-data-jpa-3.4.4-sources.jar
2025-03-31 21:59:16,465 [Worker-0: Download sources and javadoc] INFO  o.e.m.j.internal.DownloadSourcesJob - Downloaded sources for org.springframework.boot:spring-boot-starter-data-jpa:3.4.4
2025-03-31 21:59:16,805 [Worker-0: Download sources and javadoc] INFO  o.e.m.c.i.e.AbstractTransferListenerAdapter - Downloading https://repo.maven.apache.org/maven2/org/springframework/boot/spring-boot-starter-jdbc/3.4.4/spring-boot-starter-jdbc-3.4.4-sources.jar
2025-03-31 21:59:16,817 [Worker-0: Download sources and javadoc] INFO  o.e.m.c.i.e.AbstractTransferListenerAdapter - Downloaded https://repo.maven.apache.org/maven2/org/springframework/boot/spring-boot-starter-jdbc/3.4.4/spring-boot-starter-jdbc-3.4.4-sources.jar
2025-03-31 21:59:16,825 [Worker-0: Download sources and javadoc] INFO  o.e.m.j.internal.DownloadSourcesJob - Downloaded sources for org.springframework.boot:spring-boot-starter-jdbc:3.4.4
2025-03-31 21:59:17,146 [Worker-0: Download sources and javadoc] INFO  o.e.m.c.i.e.AbstractTransferListenerAdapter - Downloading https://repo.maven.apache.org/maven2/org/springframework/spring-jdbc/6.2.5/spring-jdbc-6.2.5-sources.jar
2025-03-31 21:59:17,621 [Worker-0: Download sources and javadoc] INFO  o.e.m.c.i.e.AbstractTransferListenerAdapter - Downloaded https://repo.maven.apache.org/maven2/org/springframework/spring-jdbc/6.2.5/spring-jdbc-6.2.5-sources.jar
2025-03-31 21:59:17,630 [Worker-0: Download sources and javadoc] INFO  o.e.m.j.internal.DownloadSourcesJob - Downloaded sources for org.springframework:spring-jdbc:6.2.5
2025-03-31 21:59:18,313 [Worker-0: Download sources and javadoc] INFO  o.e.m.c.i.e.AbstractTransferListenerAdapter - Downloading https://repo.maven.apache.org/maven2/org/hibernate/orm/hibernate-core/6.6.11.Final/hibernate-core-6.6.11.Final-sources.jar
2025-03-31 21:59:19,157 [Worker-4: Import Getting Started Content] INFO  o.e.m.c.i.p.ProjectConfigurationManager - Imported and configured 1 project(s) in 20 sec
2025-03-31 21:59:19,164 [Worker-4: Import Getting Started Content] INFO  o.e.m.c.i.p.ProjectConfigurationManager - Update started
2025-03-31 21:59:20,064 [Worker-0: Download sources and javadoc] INFO  o.e.m.c.i.e.AbstractTransferListenerAdapter - Downloaded https://repo.maven.apache.org/maven2/org/hibernate/orm/hibernate-core/6.6.11.Final/hibernate-core-6.6.11.Final-sources.jar
2025-03-31 21:59:20,073 [Worker-0: Download sources and javadoc] INFO  o.e.m.j.internal.DownloadSourcesJob - Downloaded sources for org.hibernate.orm:hibernate-core:6.6.11.Final
2025-03-31 21:59:22,373 [Worker-4: Import Getting Started Content] INFO  o.e.m.c.i.l.LifecycleMappingFactory - Using org.eclipse.m2e.jdt.JarLifecycleMapping lifecycle mapping for MavenProject: auth-service:usuario-service:0.0.1-SNAPSHOT @ E:\microservicio\usuario-service\pom.xml.
2025-03-31 21:59:22,634 [Worker-0: Download sources and javadoc] INFO  o.e.m.c.i.e.AbstractTransferListenerAdapter - Downloading https://repo.maven.apache.org/maven2/org/springframework/data/spring-data-jpa/3.4.4/spring-data-jpa-3.4.4-sources.jar
2025-03-31 21:59:23,111 [Worker-0: Download sources and javadoc] INFO  o.e.m.c.i.e.AbstractTransferListenerAdapter - Downloaded https://repo.maven.apache.org/maven2/org/springframework/data/spring-data-jpa/3.4.4/spring-data-jpa-3.4.4-sources.jar
2025-03-31 21:59:23,119 [Worker-0: Download sources and javadoc] INFO  o.e.m.j.internal.DownloadSourcesJob - Downloaded sources for org.springframework.data:spring-data-jpa:3.4.4
2025-03-31 21:59:23,492 [Worker-0: Download sources and javadoc] INFO  o.e.m.c.i.e.AbstractTransferListenerAdapter - Downloading https://repo.maven.apache.org/maven2/org/springframework/data/spring-data-commons/3.4.4/spring-data-commons-3.4.4-sources.jar
2025-03-31 21:59:24,027 [Worker-0: Download sources and javadoc] INFO  o.e.m.c.i.e.AbstractTransferListenerAdapter - Downloaded https://repo.maven.apache.org/maven2/org/springframework/data/spring-data-commons/3.4.4/spring-data-commons-3.4.4-sources.jar
2025-03-31 21:59:24,036 [Worker-0: Download sources and javadoc] INFO  o.e.m.j.internal.DownloadSourcesJob - Downloaded sources for org.springframework.data:spring-data-commons:3.4.4
2025-03-31 21:59:24,401 [Worker-0: Download sources and javadoc] INFO  o.e.m.c.i.e.AbstractTransferListenerAdapter - Downloading https://repo.maven.apache.org/maven2/org/springframework/spring-orm/6.2.5/spring-orm-6.2.5-sources.jar
2025-03-31 21:59:24,660 [Worker-0: Download sources and javadoc] INFO  o.e.m.c.i.e.AbstractTransferListenerAdapter - Downloaded https://repo.maven.apache.org/maven2/org/springframework/spring-orm/6.2.5/spring-orm-6.2.5-sources.jar
2025-03-31 21:59:24,671 [Worker-0: Download sources and javadoc] INFO  o.e.m.j.internal.DownloadSourcesJob - Downloaded sources for org.springframework:spring-orm:6.2.5
2025-03-31 21:59:25,052 [Worker-0: Download sources and javadoc] INFO  o.e.m.c.i.e.AbstractTransferListenerAdapter - Downloading https://repo.maven.apache.org/maven2/org/springframework/spring-tx/6.2.5/spring-tx-6.2.5-sources.jar
2025-03-31 21:59:25,091 [Worker-4: Import Getting Started Content] INFO  o.e.m.j.i.AbstractJavaProjectConfigurator - Adding source folder /usuario-service/src/main/java
2025-03-31 21:59:25,093 [Worker-4: Import Getting Started Content] INFO  o.e.m.j.i.AbstractJavaProjectConfigurator - Adding resource folder /usuario-service/src/main/resources
2025-03-31 21:59:25,094 [Worker-4: Import Getting Started Content] INFO  o.e.m.j.i.AbstractJavaProjectConfigurator - Adding resource folder /usuario-service/src/main/resources
2025-03-31 21:59:25,097 [Worker-4: Import Getting Started Content] INFO  o.e.m.j.i.AbstractJavaProjectConfigurator - Adding source folder /usuario-service/src/test/java
2025-03-31 21:59:25,098 [Worker-4: Import Getting Started Content] INFO  o.e.m.j.i.AbstractJavaProjectConfigurator - Adding resource folder /usuario-service/src/test/resources
2025-03-31 21:59:25,400 [Worker-0: Download sources and javadoc] INFO  o.e.m.c.i.e.AbstractTransferListenerAdapter - Downloaded https://repo.maven.apache.org/maven2/org/springframework/spring-tx/6.2.5/spring-tx-6.2.5-sources.jar
2025-03-31 21:59:25,407 [Worker-0: Download sources and javadoc] INFO  o.e.m.j.internal.DownloadSourcesJob - Downloaded sources for org.springframework:spring-tx:6.2.5
2025-03-31 21:59:25,757 [Worker-0: Download sources and javadoc] INFO  o.e.m.c.i.e.AbstractTransferListenerAdapter - Downloading https://repo.maven.apache.org/maven2/org/springframework/spring-aspects/6.2.5/spring-aspects-6.2.5-sources.jar
2025-03-31 21:59:25,795 [Worker-0: Download sources and javadoc] INFO  o.e.m.c.i.e.AbstractTransferListenerAdapter - Downloaded https://repo.maven.apache.org/maven2/org/springframework/spring-aspects/6.2.5/spring-aspects-6.2.5-sources.jar
2025-03-31 21:59:25,805 [Worker-0: Download sources and javadoc] INFO  o.e.m.j.internal.DownloadSourcesJob - Downloaded sources for org.springframework:spring-aspects:6.2.5
2025-03-31 21:59:26,329 [Worker-0: Download sources and javadoc] INFO  o.e.m.c.i.e.AbstractTransferListenerAdapter - Downloading https://repo.maven.apache.org/maven2/org/aspectj/aspectjweaver/1.9.23/aspectjweaver-1.9.23-sources.jar
2025-03-31 21:59:27,154 [Worker-0: Download sources and javadoc] INFO  o.e.m.c.i.e.AbstractTransferListenerAdapter - Downloaded https://repo.maven.apache.org/maven2/org/aspectj/aspectjweaver/1.9.23/aspectjweaver-1.9.23-sources.jar
2025-03-31 21:59:27,164 [Worker-0: Download sources and javadoc] INFO  o.e.m.j.internal.DownloadSourcesJob - Downloaded sources for org.aspectj:aspectjweaver:1.9.23
2025-03-31 21:59:27,516 [Worker-0: Download sources and javadoc] INFO  o.e.m.c.i.e.AbstractTransferListenerAdapter - Downloading https://repo.maven.apache.org/maven2/org/springframework/boot/spring-boot-devtools/3.4.4/spring-boot-devtools-3.4.4-sources.jar
2025-03-31 21:59:27,732 [Worker-0: Download sources and javadoc] INFO  o.e.m.c.i.e.AbstractTransferListenerAdapter - Downloaded https://repo.maven.apache.org/maven2/org/springframework/boot/spring-boot-devtools/3.4.4/spring-boot-devtools-3.4.4-sources.jar
2025-03-31 21:59:27,740 [Worker-0: Download sources and javadoc] INFO  o.e.m.j.internal.DownloadSourcesJob - Downloaded sources for org.springframework.boot:spring-boot-devtools:3.4.4
2025-03-31 21:59:28,723 [Worker-4: Import Getting Started Content] INFO  o.e.m.c.i.p.ProjectConfigurationManager - Update completed for 1 poms: local refresh takes 0,00 sec, refresh facades takes 5,00 sec, update config takes 1,00 sec 
2025-03-31 21:59:31,794 [Worker-12: Building] INFO  o.a.m.s.f.DefaultMavenResourcesFiltering - Copying 1 resource from src\main\resources to target\classes
2025-03-31 21:59:31,889 [Worker-12: Building] INFO  o.a.m.s.f.DefaultMavenResourcesFiltering - Copying 0 resource from src\main\resources to target\classes
2025-03-31 21:59:31,905 [Worker-12: Building] INFO  o.a.m.s.f.DefaultMavenResourcesFiltering - skip non existing resourceDirectory E:\microservicio\usuario-service\src\test\resources
2025-03-31 22:00:01,566 [Worker-2: Building] INFO  o.a.m.s.f.DefaultMavenResourcesFiltering - Copying 1 resource from src\main\resources to target\classes
2025-03-31 22:00:01,574 [Worker-2: Building] INFO  o.a.m.s.f.DefaultMavenResourcesFiltering - Copying 0 resource from src\main\resources to target\classes
2025-03-31 22:00:01,615 [Worker-2: Building] INFO  o.a.m.s.f.DefaultMavenResourcesFiltering - skip non existing resourceDirectory E:\microservicio\usuario-service\src\test\resources
2025-03-31 22:01:10,361 [Worker-1: Building] INFO  o.a.m.s.f.DefaultMavenResourcesFiltering - Copying 1 resource from src\main\resources to target\classes
2025-03-31 22:01:10,369 [Worker-1: Building] INFO  o.a.m.s.f.DefaultMavenResourcesFiltering - Copying 0 resource from src\main\resources to target\classes
2025-03-31 22:01:10,379 [Worker-1: Building] INFO  o.a.m.s.f.DefaultMavenResourcesFiltering - skip non existing resourceDirectory E:\microservicio\usuario-service\src\test\resources
2025-03-31 22:01:34,924 [Worker-2: Building] INFO  o.a.m.s.f.DefaultMavenResourcesFiltering - Copying 1 resource from src\main\resources to target\classes
2025-03-31 22:01:34,989 [Worker-2: Building] INFO  o.a.m.s.f.DefaultMavenResourcesFiltering - Copying 0 resource from src\main\resources to target\classes
2025-03-31 22:01:35,025 [Worker-2: Building] INFO  o.a.m.s.f.DefaultMavenResourcesFiltering - skip non existing resourceDirectory E:\microservicio\usuario-service\src\test\resources
2025-03-31 22:02:09,294 [Worker-6: Building] INFO  o.a.m.s.f.DefaultMavenResourcesFiltering - Copying 1 resource from src\main\resources to target\classes
2025-03-31 22:02:09,309 [Worker-6: Building] INFO  o.a.m.s.f.DefaultMavenResourcesFiltering - Copying 0 resource from src\main\resources to target\classes
2025-03-31 22:02:09,342 [Worker-6: Building] INFO  o.a.m.s.f.DefaultMavenResourcesFiltering - skip non existing resourceDirectory E:\microservicio\usuario-service\src\test\resources
2025-03-31 22:02:18,878 [Worker-0: Building] INFO  o.a.m.s.f.DefaultMavenResourcesFiltering - Copying 1 resource from src\main\resources to target\classes
2025-03-31 22:02:18,886 [Worker-0: Building] INFO  o.a.m.s.f.DefaultMavenResourcesFiltering - Copying 0 resource from src\main\resources to target\classes
2025-03-31 22:02:18,894 [Worker-0: Building] INFO  o.a.m.s.f.DefaultMavenResourcesFiltering - skip non existing resourceDirectory E:\microservicio\usuario-service\src\test\resources
2025-03-31 22:03:07,555 [Worker-0: Building] INFO  o.a.m.s.f.DefaultMavenResourcesFiltering - Copying 1 resource from src\main\resources to target\classes
2025-03-31 22:03:07,564 [Worker-0: Building] INFO  o.a.m.s.f.DefaultMavenResourcesFiltering - Copying 0 resource from src\main\resources to target\classes
2025-03-31 22:03:07,572 [Worker-0: Building] INFO  o.a.m.s.f.DefaultMavenResourcesFiltering - skip non existing resourceDirectory E:\microservicio\usuario-service\src\test\resources
2025-03-31 22:03:42,661 [Worker-2: Building] INFO  o.a.m.s.f.DefaultMavenResourcesFiltering - Copying 1 resource from src\main\resources to target\classes
2025-03-31 22:03:42,668 [Worker-2: Building] INFO  o.a.m.s.f.DefaultMavenResourcesFiltering - Copying 0 resource from src\main\resources to target\classes
2025-03-31 22:03:42,698 [Worker-2: Building] INFO  o.a.m.s.f.DefaultMavenResourcesFiltering - skip non existing resourceDirectory E:\microservicio\usuario-service\src\test\resources
2025-03-31 22:06:55,598 [Worker-12: Building] INFO  o.a.m.s.f.DefaultMavenResourcesFiltering - Copying 1 resource from src\main\resources to target\classes
2025-03-31 22:06:55,605 [Worker-12: Building] INFO  o.a.m.s.f.DefaultMavenResourcesFiltering - Copying 0 resource from src\main\resources to target\classes
2025-03-31 22:06:55,614 [Worker-12: Building] INFO  o.a.m.s.f.DefaultMavenResourcesFiltering - skip non existing resourceDirectory E:\microservicio\usuario-service\src\test\resources
2025-03-31 22:10:09,496 [Worker-13: Building] INFO  o.a.m.s.f.DefaultMavenResourcesFiltering - Copying 1 resource from src\main\resources to target\classes
2025-03-31 22:10:09,509 [Worker-13: Building] INFO  o.a.m.s.f.DefaultMavenResourcesFiltering - Copying 0 resource from src\main\resources to target\classes
2025-03-31 22:10:09,516 [Worker-13: Building] INFO  o.a.m.s.f.DefaultMavenResourcesFiltering - skip non existing resourceDirectory E:\microservicio\usuario-service\src\test\resources
2025-03-31 22:14:50,146 [Worker-13: Building] INFO  o.a.m.s.f.DefaultMavenResourcesFiltering - Copying 1 resource from src\main\resources to target\classes
2025-03-31 22:14:50,156 [Worker-13: Building] INFO  o.a.m.s.f.DefaultMavenResourcesFiltering - Copying 0 resource from src\main\resources to target\classes
2025-03-31 22:14:50,163 [Worker-13: Building] INFO  o.a.m.s.f.DefaultMavenResourcesFiltering - skip non existing resourceDirectory E:\microservicio\usuario-service\src\test\resources
2025-03-31 22:16:39,681 [Worker-14: Building] INFO  o.a.m.s.f.DefaultMavenResourcesFiltering - Copying 1 resource from src\main\resources to target\classes
2025-03-31 22:16:39,692 [Worker-14: Building] INFO  o.a.m.s.f.DefaultMavenResourcesFiltering - Copying 0 resource from src\main\resources to target\classes
2025-03-31 22:16:39,697 [Worker-14: Building] INFO  o.a.m.s.f.DefaultMavenResourcesFiltering - skip non existing resourceDirectory E:\microservicio\usuario-service\src\test\resources
2025-03-31 22:18:55,705 [Worker-1: Building] INFO  o.a.m.s.f.DefaultMavenResourcesFiltering - Copying 1 resource from src\main\resources to target\classes
2025-03-31 22:18:55,711 [Worker-1: Building] INFO  o.a.m.s.f.DefaultMavenResourcesFiltering - Copying 0 resource from src\main\resources to target\classes
2025-03-31 22:18:55,718 [Worker-1: Building] INFO  o.a.m.s.f.DefaultMavenResourcesFiltering - skip non existing resourceDirectory E:\microservicio\usuario-service\src\test\resources
2025-03-31 22:20:54,947 [Worker-13: Building] INFO  o.a.m.s.f.DefaultMavenResourcesFiltering - Copying 1 resource from src\main\resources to target\classes
2025-03-31 22:20:54,955 [Worker-13: Building] INFO  o.a.m.s.f.DefaultMavenResourcesFiltering - Copying 0 resource from src\main\resources to target\classes
2025-03-31 22:20:54,961 [Worker-13: Building] INFO  o.a.m.s.f.DefaultMavenResourcesFiltering - skip non existing resourceDirectory E:\microservicio\usuario-service\src\test\resources
2025-03-31 22:21:27,377 [Worker-1: Building] INFO  o.a.m.s.f.DefaultMavenResourcesFiltering - Copying 1 resource from src\main\resources to target\classes
2025-03-31 22:21:27,387 [Worker-1: Building] INFO  o.a.m.s.f.DefaultMavenResourcesFiltering - Copying 0 resource from src\main\resources to target\classes
2025-03-31 22:21:27,393 [Worker-1: Building] INFO  o.a.m.s.f.DefaultMavenResourcesFiltering - skip non existing resourceDirectory E:\microservicio\usuario-service\src\test\resources
2025-03-31 22:22:58,898 [Worker-2: Building] INFO  o.a.m.s.f.DefaultMavenResourcesFiltering - Copying 1 resource from src\main\resources to target\classes
2025-03-31 22:22:58,904 [Worker-2: Building] INFO  o.a.m.s.f.DefaultMavenResourcesFiltering - Copying 0 resource from src\main\resources to target\classes
2025-03-31 22:22:58,909 [Worker-2: Building] INFO  o.a.m.s.f.DefaultMavenResourcesFiltering - skip non existing resourceDirectory E:\microservicio\usuario-service\src\test\resources
2025-03-31 22:25:25,925 [Worker-14: Building] INFO  o.a.m.s.f.DefaultMavenResourcesFiltering - Copying 1 resource from src\main\resources to target\classes
2025-03-31 22:25:25,934 [Worker-14: Building] INFO  o.a.m.s.f.DefaultMavenResourcesFiltering - Copying 0 resource from src\main\resources to target\classes
2025-03-31 22:25:25,939 [Worker-14: Building] INFO  o.a.m.s.f.DefaultMavenResourcesFiltering - skip non existing resourceDirectory E:\microservicio\usuario-service\src\test\resources
2025-03-31 22:25:27,996 [Worker-15: Building] INFO  o.a.m.s.f.DefaultMavenResourcesFiltering - Copying 1 resource from src\main\resources to target\classes
2025-03-31 22:25:28,006 [Worker-15: Building] INFO  o.a.m.s.f.DefaultMavenResourcesFiltering - Copying 0 resource from src\main\resources to target\classes
2025-03-31 22:25:28,013 [Worker-15: Building] INFO  o.a.m.s.f.DefaultMavenResourcesFiltering - skip non existing resourceDirectory E:\microservicio\usuario-service\src\test\resources
2025-03-31 22:27:28,294 [Worker-2: Building] INFO  o.a.m.s.f.DefaultMavenResourcesFiltering - Copying 1 resource from src\main\resources to target\classes
2025-03-31 22:27:28,300 [Worker-2: Building] INFO  o.a.m.s.f.DefaultMavenResourcesFiltering - Copying 0 resource from src\main\resources to target\classes
2025-03-31 22:27:28,305 [Worker-2: Building] INFO  o.a.m.s.f.DefaultMavenResourcesFiltering - skip non existing resourceDirectory E:\microservicio\usuario-service\src\test\resources
2025-03-31 22:27:51,267 [Worker-1: Building] INFO  o.a.m.s.f.DefaultMavenResourcesFiltering - Copying 1 resource from src\main\resources to target\classes
2025-03-31 22:27:51,272 [Worker-1: Building] INFO  o.a.m.s.f.DefaultMavenResourcesFiltering - Copying 0 resource from src\main\resources to target\classes
2025-03-31 22:27:51,279 [Worker-1: Building] INFO  o.a.m.s.f.DefaultMavenResourcesFiltering - skip non existing resourceDirectory E:\microservicio\usuario-service\src\test\resources
2025-03-31 22:33:31,134 [Worker-16: Building] INFO  o.a.m.s.f.DefaultMavenResourcesFiltering - Copying 1 resource from src\main\resources to target\classes
2025-03-31 22:33:31,161 [Worker-16: Building] INFO  o.a.m.s.f.DefaultMavenResourcesFiltering - Copying 0 resource from src\main\resources to target\classes
2025-03-31 22:33:31,169 [Worker-16: Building] INFO  o.a.m.s.f.DefaultMavenResourcesFiltering - skip non existing resourceDirectory E:\microservicio\usuario-service\src\test\resources
2025-03-31 22:33:51,744 [Worker-16: Building] INFO  o.a.m.s.f.DefaultMavenResourcesFiltering - Copying 1 resource from src\main\resources to target\classes
2025-03-31 22:33:51,771 [Worker-16: Building] INFO  o.a.m.s.f.DefaultMavenResourcesFiltering - Copying 0 resource from src\main\resources to target\classes
2025-03-31 22:33:51,777 [Worker-16: Building] INFO  o.a.m.s.f.DefaultMavenResourcesFiltering - skip non existing resourceDirectory E:\microservicio\usuario-service\src\test\resources
2025-03-31 22:33:55,361 [Worker-16: Building] INFO  o.a.m.s.f.DefaultMavenResourcesFiltering - Copying 1 resource from src\main\resources to target\classes
2025-03-31 22:33:55,367 [Worker-16: Building] INFO  o.a.m.s.f.DefaultMavenResourcesFiltering - Copying 0 resource from src\main\resources to target\classes
2025-03-31 22:33:55,373 [Worker-16: Building] INFO  o.a.m.s.f.DefaultMavenResourcesFiltering - skip non existing resourceDirectory E:\microservicio\usuario-service\src\test\resources
2025-04-01 06:43:13,773 [Worker-0: Loading available Gradle versions] INFO  o.e.b.c.i.u.g.PublishedGradleVersions - Gradle version information cache is out-of-date. Trying to update.
2025-04-01 07:16:23,948 [Worker-17: Building] INFO  o.a.m.s.f.DefaultMavenResourcesFiltering - Copying 1 resource from src\main\resources to target\classes
2025-04-01 07:16:24,203 [Worker-17: Building] INFO  o.a.m.s.f.DefaultMavenResourcesFiltering - Copying 0 resource from src\main\resources to target\classes
2025-04-01 07:16:24,215 [Worker-17: Building] INFO  o.a.m.s.f.DefaultMavenResourcesFiltering - skip non existing resourceDirectory E:\microservicio\usuario-service\src\test\resources
2025-04-01 07:33:11,456 [Worker-17: Building] INFO  o.a.m.s.f.DefaultMavenResourcesFiltering - Copying 1 resource from src\main\resources to target\classes
2025-04-01 07:33:11,488 [Worker-17: Building] INFO  o.a.m.s.f.DefaultMavenResourcesFiltering - Copying 0 resource from src\main\resources to target\classes
2025-04-01 07:33:11,494 [Worker-17: Building] INFO  o.a.m.s.f.DefaultMavenResourcesFiltering - skip non existing resourceDirectory E:\microservicio\usuario-service\src\test\resources
2025-04-01 07:34:18,149 [Worker-19: Building] INFO  o.a.m.s.f.DefaultMavenResourcesFiltering - Copying 1 resource from src\main\resources to target\classes
2025-04-01 07:34:18,159 [Worker-19: Building] INFO  o.a.m.s.f.DefaultMavenResourcesFiltering - Copying 0 resource from src\main\resources to target\classes
2025-04-01 07:34:18,174 [Worker-19: Building] INFO  o.a.m.s.f.DefaultMavenResourcesFiltering - skip non existing resourceDirectory E:\microservicio\usuario-service\src\test\resources
2025-04-01 07:53:50,700 [Worker-22: Building] INFO  o.a.m.s.f.DefaultMavenResourcesFiltering - Copying 1 resource from src\main\resources to target\classes
2025-04-01 07:53:50,711 [Worker-22: Building] INFO  o.a.m.s.f.DefaultMavenResourcesFiltering - Copying 0 resource from src\main\resources to target\classes
2025-04-01 07:53:50,716 [Worker-22: Building] INFO  o.a.m.s.f.DefaultMavenResourcesFiltering - skip non existing resourceDirectory E:\microservicio\usuario-service\src\test\resources
2025-04-01 07:55:55,699 [Worker-0: Loading available Gradle versions] INFO  o.e.b.c.i.u.g.PublishedGradleVersions - Gradle version information cache is up-to-date. Trying to read.
2025-04-01 07:58:19,846 [Worker-11: Building] INFO  o.a.m.s.f.DefaultMavenResourcesFiltering - Copying 1 resource from src\main\resources to target\classes
2025-04-01 07:58:19,878 [Worker-11: Building] INFO  o.a.m.s.f.DefaultMavenResourcesFiltering - Copying 0 resource from src\main\resources to target\classes
2025-04-01 07:58:19,891 [Worker-11: Building] INFO  o.a.m.s.f.DefaultMavenResourcesFiltering - skip non existing resourceDirectory E:\microservicio\usuario-service\src\test\resources
2025-04-01 21:43:58,326 [Worker-0: Loading available Gradle versions] INFO  o.e.b.c.i.u.g.PublishedGradleVersions - Gradle version information cache is up-to-date. Trying to read.
2025-04-01 21:47:39,943 [Worker-11: Launching usuario-service - UsuarioServiceApplication] INFO  o.a.m.s.f.DefaultMavenResourcesFiltering - Copying 1 resource from src\main\resources to target\classes
2025-04-01 21:47:39,985 [Worker-11: Launching usuario-service - UsuarioServiceApplication] INFO  o.a.m.s.f.DefaultMavenResourcesFiltering - Copying 0 resource from src\main\resources to target\classes
2025-04-01 21:47:40,070 [Worker-11: Launching usuario-service - UsuarioServiceApplication] INFO  o.a.m.s.f.DefaultMavenResourcesFiltering - skip non existing resourceDirectory E:\microservicio\usuario-service\src\test\resources
2025-04-01 21:53:39,544 [Worker-11: Building] INFO  o.a.m.s.f.DefaultMavenResourcesFiltering - Copying 1 resource from src\main\resources to target\classes
2025-04-01 21:53:39,573 [Worker-11: Building] INFO  o.a.m.s.f.DefaultMavenResourcesFiltering - Copying 0 resource from src\main\resources to target\classes
2025-04-01 21:53:39,581 [Worker-11: Building] INFO  o.a.m.s.f.DefaultMavenResourcesFiltering - skip non existing resourceDirectory E:\microservicio\usuario-service\src\test\resources
2025-04-01 22:07:33,339 [Worker-11: Building] INFO  o.a.m.s.f.DefaultMavenResourcesFiltering - Copying 1 resource from src\main\resources to target\classes
2025-04-01 22:07:33,345 [Worker-11: Building] INFO  o.a.m.s.f.DefaultMavenResourcesFiltering - Copying 0 resource from src\main\resources to target\classes
2025-04-01 22:07:33,351 [Worker-11: Building] INFO  o.a.m.s.f.DefaultMavenResourcesFiltering - skip non existing resourceDirectory E:\microservicio\usuario-service\src\test\resources
2025-04-01 22:09:29,044 [Worker-17: Building] INFO  o.a.m.s.f.DefaultMavenResourcesFiltering - Copying 1 resource from src\main\resources to target\classes
2025-04-01 22:09:29,049 [Worker-17: Building] INFO  o.a.m.s.f.DefaultMavenResourcesFiltering - Copying 0 resource from src\main\resources to target\classes
2025-04-01 22:09:29,053 [Worker-17: Building] INFO  o.a.m.s.f.DefaultMavenResourcesFiltering - skip non existing resourceDirectory E:\microservicio\usuario-service\src\test\resources
2025-04-01 22:10:21,146 [Worker-18: Building] INFO  o.a.m.s.f.DefaultMavenResourcesFiltering - Copying 1 resource from src\main\resources to target\classes
2025-04-01 22:10:21,155 [Worker-18: Building] INFO  o.a.m.s.f.DefaultMavenResourcesFiltering - Copying 0 resource from src\main\resources to target\classes
2025-04-01 22:10:21,161 [Worker-18: Building] INFO  o.a.m.s.f.DefaultMavenResourcesFiltering - skip non existing resourceDirectory E:\microservicio\usuario-service\src\test\resources
2025-04-01 22:29:50,577 [Worker-0: Loading available Gradle versions] INFO  o.e.b.c.i.u.g.PublishedGradleVersions - Gradle version information cache is up-to-date. Trying to read.
2025-04-01 22:53:05,742 [Worker-3: Import Getting Started Content] INFO  o.e.m.c.i.l.LifecycleMappingFactory - Using org.eclipse.m2e.jdt.JarLifecycleMapping lifecycle mapping for MavenProject: auth-service:carro-service:0.0.1-SNAPSHOT @ E:\microservicio\carro-service\pom.xml.
2025-04-01 22:53:10,424 [Worker-3: Import Getting Started Content] INFO  o.e.m.j.i.AbstractJavaProjectConfigurator - Adding source folder /carro-service/src/main/java
2025-04-01 22:53:10,428 [Worker-3: Import Getting Started Content] INFO  o.e.m.j.i.AbstractJavaProjectConfigurator - Adding resource folder /carro-service/src/main/resources
2025-04-01 22:53:10,456 [Worker-3: Import Getting Started Content] INFO  o.e.m.j.i.AbstractJavaProjectConfigurator - Adding resource folder /carro-service/src/main/resources
2025-04-01 22:53:10,481 [Worker-3: Import Getting Started Content] INFO  o.e.m.j.i.AbstractJavaProjectConfigurator - Adding source folder /carro-service/src/test/java
2025-04-01 22:53:10,484 [Worker-3: Import Getting Started Content] INFO  o.e.m.j.i.AbstractJavaProjectConfigurator - Adding resource folder /carro-service/src/test/resources
2025-04-01 22:53:11,510 [Worker-3: Import Getting Started Content] INFO  o.e.m.c.i.p.ProjectConfigurationManager - Imported and configured 1 project(s) in 11 sec
2025-04-01 22:53:11,515 [Worker-3: Import Getting Started Content] INFO  o.e.m.c.i.p.ProjectConfigurationManager - Update started
2025-04-01 22:53:13,339 [Worker-3: Import Getting Started Content] INFO  o.e.m.c.i.l.LifecycleMappingFactory - Using org.eclipse.m2e.jdt.JarLifecycleMapping lifecycle mapping for MavenProject: auth-service:carro-service:0.0.1-SNAPSHOT @ E:\microservicio\carro-service\pom.xml.
2025-04-01 22:53:15,159 [Worker-3: Import Getting Started Content] INFO  o.e.m.j.i.AbstractJavaProjectConfigurator - Adding source folder /carro-service/src/main/java
2025-04-01 22:53:15,161 [Worker-3: Import Getting Started Content] INFO  o.e.m.j.i.AbstractJavaProjectConfigurator - Adding resource folder /carro-service/src/main/resources
2025-04-01 22:53:15,163 [Worker-3: Import Getting Started Content] INFO  o.e.m.j.i.AbstractJavaProjectConfigurator - Adding resource folder /carro-service/src/main/resources
2025-04-01 22:53:15,164 [Worker-3: Import Getting Started Content] INFO  o.e.m.j.i.AbstractJavaProjectConfigurator - Adding source folder /carro-service/src/test/java
2025-04-01 22:53:15,166 [Worker-3: Import Getting Started Content] INFO  o.e.m.j.i.AbstractJavaProjectConfigurator - Adding resource folder /carro-service/src/test/resources
2025-04-01 22:53:19,886 [Worker-3: Import Getting Started Content] INFO  o.e.m.c.i.p.ProjectConfigurationManager - Update completed for 1 poms: local refresh takes 0,00 sec, refresh facades takes 3,00 sec, update config takes 3,00 sec 
2025-04-01 22:53:21,670 [Worker-15: Building] INFO  o.a.m.s.f.DefaultMavenResourcesFiltering - Copying 1 resource from src\main\resources to target\classes
2025-04-01 22:53:21,746 [Worker-15: Building] INFO  o.a.m.s.f.DefaultMavenResourcesFiltering - Copying 0 resource from src\main\resources to target\classes
2025-04-01 22:53:21,758 [Worker-15: Building] INFO  o.a.m.s.f.DefaultMavenResourcesFiltering - skip non existing resourceDirectory E:\microservicio\carro-service\src\test\resources
2025-04-01 22:53:38,194 [Worker-16: Building] INFO  o.a.m.s.f.DefaultMavenResourcesFiltering - Copying 1 resource from src\main\resources to target\classes
2025-04-01 22:53:39,054 [Worker-16: Building] INFO  o.a.m.s.f.DefaultMavenResourcesFiltering - Copying 0 resource from src\main\resources to target\classes
2025-04-01 22:53:39,088 [Worker-16: Building] INFO  o.a.m.s.f.DefaultMavenResourcesFiltering - skip non existing resourceDirectory E:\microservicio\carro-service\src\test\resources
2025-04-01 22:53:55,365 [Worker-15: Building] INFO  o.a.m.s.f.DefaultMavenResourcesFiltering - Copying 1 resource from src\main\resources to target\classes
2025-04-01 22:53:55,373 [Worker-15: Building] INFO  o.a.m.s.f.DefaultMavenResourcesFiltering - Copying 0 resource from src\main\resources to target\classes
2025-04-01 22:53:55,379 [Worker-15: Building] INFO  o.a.m.s.f.DefaultMavenResourcesFiltering - skip non existing resourceDirectory E:\microservicio\carro-service\src\test\resources
2025-04-01 22:55:17,732 [Worker-3: Building] INFO  o.a.m.s.f.DefaultMavenResourcesFiltering - Copying 1 resource from src\main\resources to target\classes
2025-04-01 22:55:17,742 [Worker-3: Building] INFO  o.a.m.s.f.DefaultMavenResourcesFiltering - Copying 0 resource from src\main\resources to target\classes
2025-04-01 22:55:17,748 [Worker-3: Building] INFO  o.a.m.s.f.DefaultMavenResourcesFiltering - skip non existing resourceDirectory E:\microservicio\carro-service\src\test\resources
2025-04-01 22:55:55,025 [Worker-16: Building] INFO  o.a.m.s.f.DefaultMavenResourcesFiltering - Copying 1 resource from src\main\resources to target\classes
2025-04-01 22:55:55,042 [Worker-16: Building] INFO  o.a.m.s.f.DefaultMavenResourcesFiltering - Copying 0 resource from src\main\resources to target\classes
2025-04-01 22:55:55,048 [Worker-16: Building] INFO  o.a.m.s.f.DefaultMavenResourcesFiltering - skip non existing resourceDirectory E:\microservicio\carro-service\src\test\resources
2025-04-01 22:56:07,734 [Worker-13: Building] INFO  o.a.m.s.f.DefaultMavenResourcesFiltering - Copying 1 resource from src\main\resources to target\classes
2025-04-01 22:56:07,739 [Worker-13: Building] INFO  o.a.m.s.f.DefaultMavenResourcesFiltering - Copying 0 resource from src\main\resources to target\classes
2025-04-01 22:56:07,745 [Worker-13: Building] INFO  o.a.m.s.f.DefaultMavenResourcesFiltering - skip non existing resourceDirectory E:\microservicio\carro-service\src\test\resources
2025-04-02 07:01:09,784 [Worker-1: Loading available Gradle versions] INFO  o.e.b.c.i.u.g.PublishedGradleVersions - Gradle version information cache is out-of-date. Trying to update.
2025-04-02 07:14:57,541 [Worker-11: Building] INFO  o.a.m.s.f.DefaultMavenResourcesFiltering - Copying 1 resource from src\main\resources to target\classes
2025-04-02 07:14:57,633 [Worker-11: Building] INFO  o.a.m.s.f.DefaultMavenResourcesFiltering - Copying 0 resource from src\main\resources to target\classes
2025-04-02 07:14:57,643 [Worker-11: Building] INFO  o.a.m.s.f.DefaultMavenResourcesFiltering - skip non existing resourceDirectory E:\microservicio\carro-service\src\test\resources
2025-04-02 07:15:40,393 [Worker-19: Building] INFO  o.a.m.s.f.DefaultMavenResourcesFiltering - Copying 1 resource from src\main\resources to target\classes
2025-04-02 07:15:40,409 [Worker-19: Building] INFO  o.a.m.s.f.DefaultMavenResourcesFiltering - Copying 0 resource from src\main\resources to target\classes
2025-04-02 07:15:40,416 [Worker-19: Building] INFO  o.a.m.s.f.DefaultMavenResourcesFiltering - skip non existing resourceDirectory E:\microservicio\carro-service\src\test\resources
2025-04-02 07:16:30,426 [Worker-14: Building] INFO  o.a.m.s.f.DefaultMavenResourcesFiltering - Copying 1 resource from src\main\resources to target\classes
2025-04-02 07:16:30,436 [Worker-14: Building] INFO  o.a.m.s.f.DefaultMavenResourcesFiltering - Copying 0 resource from src\main\resources to target\classes
2025-04-02 07:16:30,443 [Worker-14: Building] INFO  o.a.m.s.f.DefaultMavenResourcesFiltering - skip non existing resourceDirectory E:\microservicio\carro-service\src\test\resources
2025-04-02 07:18:27,388 [Worker-5: Building] INFO  o.a.m.s.f.DefaultMavenResourcesFiltering - Copying 1 resource from src\main\resources to target\classes
2025-04-02 07:18:27,396 [Worker-5: Building] INFO  o.a.m.s.f.DefaultMavenResourcesFiltering - Copying 0 resource from src\main\resources to target\classes
2025-04-02 07:18:27,469 [Worker-5: Building] INFO  o.a.m.s.f.DefaultMavenResourcesFiltering - skip non existing resourceDirectory E:\microservicio\carro-service\src\test\resources
2025-04-02 07:18:55,013 [Worker-14: Building] INFO  o.a.m.s.f.DefaultMavenResourcesFiltering - Copying 1 resource from src\main\resources to target\classes
2025-04-02 07:18:55,021 [Worker-14: Building] INFO  o.a.m.s.f.DefaultMavenResourcesFiltering - Copying 0 resource from src\main\resources to target\classes
2025-04-02 07:18:55,028 [Worker-14: Building] INFO  o.a.m.s.f.DefaultMavenResourcesFiltering - skip non existing resourceDirectory E:\microservicio\carro-service\src\test\resources
2025-04-02 08:33:04,944 [Worker-5: Building] INFO  o.a.m.s.f.DefaultMavenResourcesFiltering - Copying 1 resource from src\main\resources to target\classes
2025-04-02 08:33:04,980 [Worker-5: Building] INFO  o.a.m.s.f.DefaultMavenResourcesFiltering - Copying 0 resource from src\main\resources to target\classes
2025-04-02 08:33:04,986 [Worker-5: Building] INFO  o.a.m.s.f.DefaultMavenResourcesFiltering - skip non existing resourceDirectory E:\microservicio\carro-service\src\test\resources
2025-04-02 20:50:52,686 [Worker-0: Loading available Gradle versions] INFO  o.e.b.c.i.u.g.PublishedGradleVersions - Gradle version information cache is up-to-date. Trying to read.
2025-04-02 21:23:38,204 [Worker-15: Building] INFO  o.a.m.s.f.DefaultMavenResourcesFiltering - Copying 1 resource from src\main\resources to target\classes
2025-04-02 21:23:38,343 [Worker-15: Building] INFO  o.a.m.s.f.DefaultMavenResourcesFiltering - Copying 0 resource from src\main\resources to target\classes
2025-04-02 21:23:38,374 [Worker-15: Building] INFO  o.a.m.s.f.DefaultMavenResourcesFiltering - skip non existing resourceDirectory E:\microservicio\carro-service\src\test\resources
2025-04-02 21:23:53,544 [Worker-1: Building] INFO  o.a.m.s.f.DefaultMavenResourcesFiltering - Copying 1 resource from src\main\resources to target\classes
2025-04-02 21:23:53,563 [Worker-1: Building] INFO  o.a.m.s.f.DefaultMavenResourcesFiltering - Copying 0 resource from src\main\resources to target\classes
2025-04-02 21:23:53,569 [Worker-1: Building] INFO  o.a.m.s.f.DefaultMavenResourcesFiltering - skip non existing resourceDirectory E:\microservicio\carro-service\src\test\resources
2025-04-02 21:24:09,158 [Worker-14: Building] INFO  o.a.m.s.f.DefaultMavenResourcesFiltering - Copying 1 resource from src\main\resources to target\classes
2025-04-02 21:24:09,188 [Worker-14: Building] INFO  o.a.m.s.f.DefaultMavenResourcesFiltering - Copying 0 resource from src\main\resources to target\classes
2025-04-02 21:24:09,204 [Worker-14: Building] INFO  o.a.m.s.f.DefaultMavenResourcesFiltering - skip non existing resourceDirectory E:\microservicio\usuario-service\src\test\resources
2025-04-02 21:24:41,427 [Worker-11: Building] INFO  o.a.m.s.f.DefaultMavenResourcesFiltering - Copying 1 resource from src\main\resources to target\classes
2025-04-02 21:24:41,449 [Worker-11: Building] INFO  o.a.m.s.f.DefaultMavenResourcesFiltering - Copying 0 resource from src\main\resources to target\classes
2025-04-02 21:24:41,454 [Worker-11: Building] INFO  o.a.m.s.f.DefaultMavenResourcesFiltering - skip non existing resourceDirectory E:\microservicio\carro-service\src\test\resources
2025-04-02 21:25:07,475 [Worker-14: Building] INFO  o.a.m.s.f.DefaultMavenResourcesFiltering - Copying 1 resource from src\main\resources to target\classes
2025-04-02 21:25:07,487 [Worker-14: Building] INFO  o.a.m.s.f.DefaultMavenResourcesFiltering - Copying 0 resource from src\main\resources to target\classes
2025-04-02 21:25:07,492 [Worker-14: Building] INFO  o.a.m.s.f.DefaultMavenResourcesFiltering - skip non existing resourceDirectory E:\microservicio\carro-service\src\test\resources
2025-04-02 21:25:23,854 [Worker-14: Building] INFO  o.a.m.s.f.DefaultMavenResourcesFiltering - Copying 1 resource from src\main\resources to target\classes
2025-04-02 21:25:23,863 [Worker-14: Building] INFO  o.a.m.s.f.DefaultMavenResourcesFiltering - Copying 0 resource from src\main\resources to target\classes
2025-04-02 21:25:23,869 [Worker-14: Building] INFO  o.a.m.s.f.DefaultMavenResourcesFiltering - skip non existing resourceDirectory E:\microservicio\usuario-service\src\test\resources
2025-04-02 21:26:46,060 [Worker-15: Building] INFO  o.a.m.s.f.DefaultMavenResourcesFiltering - Copying 1 resource from src\main\resources to target\classes
2025-04-02 21:26:46,091 [Worker-15: Building] INFO  o.a.m.s.f.DefaultMavenResourcesFiltering - Copying 0 resource from src\main\resources to target\classes
2025-04-02 21:26:46,099 [Worker-15: Building] INFO  o.a.m.s.f.DefaultMavenResourcesFiltering - skip non existing resourceDirectory E:\microservicio\carro-service\src\test\resources
2025-04-02 21:36:32,467 [Worker-11: Building] INFO  o.a.m.s.f.DefaultMavenResourcesFiltering - Copying 1 resource from src\main\resources to target\classes
2025-04-02 21:36:32,489 [Worker-11: Building] INFO  o.a.m.s.f.DefaultMavenResourcesFiltering - Copying 0 resource from src\main\resources to target\classes
2025-04-02 21:36:32,507 [Worker-11: Building] INFO  o.a.m.s.f.DefaultMavenResourcesFiltering - skip non existing resourceDirectory E:\microservicio\carro-service\src\test\resources
2025-04-02 21:37:32,530 [Worker-17: Building] INFO  o.a.m.s.f.DefaultMavenResourcesFiltering - Copying 1 resource from src\main\resources to target\classes
2025-04-02 21:37:32,535 [Worker-17: Building] INFO  o.a.m.s.f.DefaultMavenResourcesFiltering - Copying 0 resource from src\main\resources to target\classes
2025-04-02 21:37:32,541 [Worker-17: Building] INFO  o.a.m.s.f.DefaultMavenResourcesFiltering - skip non existing resourceDirectory E:\microservicio\carro-service\src\test\resources
2025-04-02 21:37:54,580 [Worker-17: Building] INFO  o.a.m.s.f.DefaultMavenResourcesFiltering - Copying 1 resource from src\main\resources to target\classes
2025-04-02 21:37:54,584 [Worker-17: Building] INFO  o.a.m.s.f.DefaultMavenResourcesFiltering - Copying 0 resource from src\main\resources to target\classes
2025-04-02 21:37:54,588 [Worker-17: Building] INFO  o.a.m.s.f.DefaultMavenResourcesFiltering - skip non existing resourceDirectory E:\microservicio\carro-service\src\test\resources
2025-04-02 21:38:57,370 [Worker-16: Building] INFO  o.a.m.s.f.DefaultMavenResourcesFiltering - Copying 1 resource from src\main\resources to target\classes
2025-04-02 21:38:57,375 [Worker-16: Building] INFO  o.a.m.s.f.DefaultMavenResourcesFiltering - Copying 0 resource from src\main\resources to target\classes
2025-04-02 21:38:57,382 [Worker-16: Building] INFO  o.a.m.s.f.DefaultMavenResourcesFiltering - skip non existing resourceDirectory E:\microservicio\carro-service\src\test\resources
2025-04-02 21:42:12,081 [Worker-15: Building] INFO  o.a.m.s.f.DefaultMavenResourcesFiltering - Copying 1 resource from src\main\resources to target\classes
2025-04-02 21:42:12,089 [Worker-15: Building] INFO  o.a.m.s.f.DefaultMavenResourcesFiltering - Copying 0 resource from src\main\resources to target\classes
2025-04-02 21:42:12,094 [Worker-15: Building] INFO  o.a.m.s.f.DefaultMavenResourcesFiltering - skip non existing resourceDirectory E:\microservicio\carro-service\src\test\resources
2025-04-02 21:42:49,204 [Worker-11: Building] INFO  o.a.m.s.f.DefaultMavenResourcesFiltering - Copying 1 resource from src\main\resources to target\classes
2025-04-02 21:42:49,214 [Worker-11: Building] INFO  o.a.m.s.f.DefaultMavenResourcesFiltering - Copying 0 resource from src\main\resources to target\classes
2025-04-02 21:42:49,219 [Worker-11: Building] INFO  o.a.m.s.f.DefaultMavenResourcesFiltering - skip non existing resourceDirectory E:\microservicio\carro-service\src\test\resources
2025-04-02 21:43:04,494 [Worker-16: Building] INFO  o.a.m.s.f.DefaultMavenResourcesFiltering - Copying 1 resource from src\main\resources to target\classes
2025-04-02 21:43:04,503 [Worker-16: Building] INFO  o.a.m.s.f.DefaultMavenResourcesFiltering - Copying 0 resource from src\main\resources to target\classes
2025-04-02 21:43:04,508 [Worker-16: Building] INFO  o.a.m.s.f.DefaultMavenResourcesFiltering - skip non existing resourceDirectory E:\microservicio\carro-service\src\test\resources
2025-04-02 21:44:44,820 [Worker-16: Building] INFO  o.a.m.s.f.DefaultMavenResourcesFiltering - Copying 1 resource from src\main\resources to target\classes
2025-04-02 21:44:44,829 [Worker-16: Building] INFO  o.a.m.s.f.DefaultMavenResourcesFiltering - Copying 0 resource from src\main\resources to target\classes
2025-04-02 21:44:44,835 [Worker-16: Building] INFO  o.a.m.s.f.DefaultMavenResourcesFiltering - skip non existing resourceDirectory E:\microservicio\carro-service\src\test\resources
2025-04-02 21:45:30,578 [Worker-17: Building] INFO  o.a.m.s.f.DefaultMavenResourcesFiltering - Copying 1 resource from src\main\resources to target\classes
2025-04-02 21:45:30,612 [Worker-17: Building] INFO  o.a.m.s.f.DefaultMavenResourcesFiltering - Copying 0 resource from src\main\resources to target\classes
2025-04-02 21:45:30,635 [Worker-17: Building] INFO  o.a.m.s.f.DefaultMavenResourcesFiltering - skip non existing resourceDirectory E:\microservicio\carro-service\src\test\resources
2025-04-02 21:45:50,729 [Worker-16: Building] INFO  o.a.m.s.f.DefaultMavenResourcesFiltering - Copying 1 resource from src\main\resources to target\classes
2025-04-02 21:45:50,735 [Worker-16: Building] INFO  o.a.m.s.f.DefaultMavenResourcesFiltering - Copying 0 resource from src\main\resources to target\classes
2025-04-02 21:45:50,741 [Worker-16: Building] INFO  o.a.m.s.f.DefaultMavenResourcesFiltering - skip non existing resourceDirectory E:\microservicio\carro-service\src\test\resources
2025-04-02 21:46:05,904 [Worker-17: Building] INFO  o.a.m.s.f.DefaultMavenResourcesFiltering - Copying 1 resource from src\main\resources to target\classes
2025-04-02 21:46:05,909 [Worker-17: Building] INFO  o.a.m.s.f.DefaultMavenResourcesFiltering - Copying 0 resource from src\main\resources to target\classes
2025-04-02 21:46:05,913 [Worker-17: Building] INFO  o.a.m.s.f.DefaultMavenResourcesFiltering - skip non existing resourceDirectory E:\microservicio\carro-service\src\test\resources
2025-04-02 21:48:39,023 [Worker-19: Building] INFO  o.a.m.s.f.DefaultMavenResourcesFiltering - Copying 1 resource from src\main\resources to target\classes
2025-04-02 21:48:39,032 [Worker-19: Building] INFO  o.a.m.s.f.DefaultMavenResourcesFiltering - Copying 0 resource from src\main\resources to target\classes
2025-04-02 21:48:39,037 [Worker-19: Building] INFO  o.a.m.s.f.DefaultMavenResourcesFiltering - skip non existing resourceDirectory E:\microservicio\carro-service\src\test\resources
2025-04-02 21:48:52,752 [Worker-16: Building] INFO  o.a.m.s.f.DefaultMavenResourcesFiltering - Copying 1 resource from src\main\resources to target\classes
2025-04-02 21:48:52,761 [Worker-16: Building] INFO  o.a.m.s.f.DefaultMavenResourcesFiltering - Copying 0 resource from src\main\resources to target\classes
2025-04-02 21:48:52,767 [Worker-16: Building] INFO  o.a.m.s.f.DefaultMavenResourcesFiltering - skip non existing resourceDirectory E:\microservicio\carro-service\src\test\resources
2025-04-02 21:48:57,564 [Worker-16: Building] INFO  o.a.m.s.f.DefaultMavenResourcesFiltering - Copying 1 resource from src\main\resources to target\classes
2025-04-02 21:48:57,569 [Worker-16: Building] INFO  o.a.m.s.f.DefaultMavenResourcesFiltering - Copying 0 resource from src\main\resources to target\classes
2025-04-02 21:48:57,574 [Worker-16: Building] INFO  o.a.m.s.f.DefaultMavenResourcesFiltering - skip non existing resourceDirectory E:\microservicio\carro-service\src\test\resources
2025-04-02 23:01:11,469 [Worker-17: Building] INFO  o.a.m.s.f.DefaultMavenResourcesFiltering - Copying 1 resource from src\main\resources to target\classes
2025-04-02 23:01:11,510 [Worker-17: Building] INFO  o.a.m.s.f.DefaultMavenResourcesFiltering - Copying 0 resource from src\main\resources to target\classes
2025-04-02 23:01:11,518 [Worker-17: Building] INFO  o.a.m.s.f.DefaultMavenResourcesFiltering - skip non existing resourceDirectory E:\microservicio\carro-service\src\test\resources
2025-04-03 21:11:02,169 [Worker-1: Loading available Gradle versions] INFO  o.e.b.c.i.u.g.PublishedGradleVersions - Gradle version information cache is out-of-date. Trying to update.
2025-04-05 21:36:09,055 [Worker-0: Loading available Gradle versions] INFO  o.e.b.c.i.u.g.PublishedGradleVersions - Gradle version information cache is out-of-date. Trying to update.
2025-04-05 22:58:32,819 [Worker-18: Building] INFO  o.a.m.s.f.DefaultMavenResourcesFiltering - Copying 1 resource from src\main\resources to target\classes
2025-04-05 22:58:32,911 [Worker-18: Building] INFO  o.a.m.s.f.DefaultMavenResourcesFiltering - Copying 0 resource from src\main\resources to target\classes
2025-04-05 22:58:32,922 [Worker-18: Building] INFO  o.a.m.s.f.DefaultMavenResourcesFiltering - skip non existing resourceDirectory E:\microservicio\carro-service\src\test\resources
2025-04-05 22:58:37,898 [Worker-18: Building] INFO  o.a.m.s.f.DefaultMavenResourcesFiltering - Copying 1 resource from src\main\resources to target\classes
2025-04-05 22:58:37,938 [Worker-18: Building] INFO  o.a.m.s.f.DefaultMavenResourcesFiltering - Copying 0 resource from src\main\resources to target\classes
2025-04-05 22:58:37,947 [Worker-18: Building] INFO  o.a.m.s.f.DefaultMavenResourcesFiltering - skip non existing resourceDirectory E:\microservicio\usuario-service\src\test\resources
2025-04-05 23:02:04,840 [Worker-19: Building] INFO  o.a.m.s.f.DefaultMavenResourcesFiltering - Copying 1 resource from src\main\resources to target\classes
2025-04-05 23:02:04,852 [Worker-19: Building] INFO  o.a.m.s.f.DefaultMavenResourcesFiltering - Copying 0 resource from src\main\resources to target\classes
2025-04-05 23:02:04,859 [Worker-19: Building] INFO  o.a.m.s.f.DefaultMavenResourcesFiltering - skip non existing resourceDirectory E:\microservicio\carro-service\src\test\resources
2025-04-05 23:02:12,351 [Worker-19: Building] INFO  o.a.m.s.f.DefaultMavenResourcesFiltering - Copying 1 resource from src\main\resources to target\classes
2025-04-05 23:02:12,358 [Worker-19: Building] INFO  o.a.m.s.f.DefaultMavenResourcesFiltering - Copying 0 resource from src\main\resources to target\classes
2025-04-05 23:02:12,365 [Worker-19: Building] INFO  o.a.m.s.f.DefaultMavenResourcesFiltering - skip non existing resourceDirectory E:\microservicio\carro-service\src\test\resources
2025-04-05 23:06:18,356 [Worker-17: Building] INFO  o.a.m.s.f.DefaultMavenResourcesFiltering - Copying 1 resource from src\main\resources to target\classes
2025-04-05 23:06:18,363 [Worker-17: Building] INFO  o.a.m.s.f.DefaultMavenResourcesFiltering - Copying 0 resource from src\main\resources to target\classes
2025-04-05 23:06:18,370 [Worker-17: Building] INFO  o.a.m.s.f.DefaultMavenResourcesFiltering - skip non existing resourceDirectory E:\microservicio\carro-service\src\test\resources
2025-04-05 23:09:08,769 [Worker-18: Import Getting Started Content] INFO  o.e.m.c.i.l.LifecycleMappingFactory - Using org.eclipse.m2e.jdt.JarLifecycleMapping lifecycle mapping for MavenProject: auth-service:moto-service-1:0.0.1-SNAPSHOT @ E:\microservicio\moto-service-1\pom.xml.
2025-04-05 23:09:11,742 [Worker-18: Import Getting Started Content] INFO  o.e.m.j.i.AbstractJavaProjectConfigurator - Adding source folder /moto-service-1/src/main/java
2025-04-05 23:09:11,745 [Worker-18: Import Getting Started Content] INFO  o.e.m.j.i.AbstractJavaProjectConfigurator - Adding resource folder /moto-service-1/src/main/resources
2025-04-05 23:09:11,763 [Worker-18: Import Getting Started Content] INFO  o.e.m.j.i.AbstractJavaProjectConfigurator - Adding resource folder /moto-service-1/src/main/resources
2025-04-05 23:09:11,784 [Worker-18: Import Getting Started Content] INFO  o.e.m.j.i.AbstractJavaProjectConfigurator - Adding source folder /moto-service-1/src/test/java
2025-04-05 23:09:11,785 [Worker-18: Import Getting Started Content] INFO  o.e.m.j.i.AbstractJavaProjectConfigurator - Adding resource folder /moto-service-1/src/test/resources
2025-04-05 23:09:12,833 [Worker-18: Import Getting Started Content] INFO  o.e.m.c.i.p.ProjectConfigurationManager - Imported and configured 1 project(s) in 8 sec
2025-04-05 23:09:12,842 [Worker-18: Import Getting Started Content] INFO  o.e.m.c.i.p.ProjectConfigurationManager - Update started
2025-04-05 23:09:16,115 [Worker-18: Import Getting Started Content] INFO  o.e.m.c.i.l.LifecycleMappingFactory - Using org.eclipse.m2e.jdt.JarLifecycleMapping lifecycle mapping for MavenProject: auth-service:moto-service-1:0.0.1-SNAPSHOT @ E:\microservicio\moto-service-1\pom.xml.
2025-04-05 23:09:17,866 [Worker-18: Import Getting Started Content] INFO  o.e.m.j.i.AbstractJavaProjectConfigurator - Adding source folder /moto-service-1/src/main/java
2025-04-05 23:09:17,867 [Worker-18: Import Getting Started Content] INFO  o.e.m.j.i.AbstractJavaProjectConfigurator - Adding resource folder /moto-service-1/src/main/resources
2025-04-05 23:09:17,868 [Worker-18: Import Getting Started Content] INFO  o.e.m.j.i.AbstractJavaProjectConfigurator - Adding resource folder /moto-service-1/src/main/resources
2025-04-05 23:09:17,869 [Worker-18: Import Getting Started Content] INFO  o.e.m.j.i.AbstractJavaProjectConfigurator - Adding source folder /moto-service-1/src/test/java
2025-04-05 23:09:17,871 [Worker-18: Import Getting Started Content] INFO  o.e.m.j.i.AbstractJavaProjectConfigurator - Adding resource folder /moto-service-1/src/test/resources
2025-04-05 23:09:18,638 [Worker-18: Import Getting Started Content] INFO  o.e.m.c.i.p.ProjectConfigurationManager - Update completed for 1 poms: local refresh takes 0,00 sec, refresh facades takes 4,00 sec, update config takes 0,00 sec 
2025-04-05 23:09:18,803 [Worker-17: Updating Maven Project] INFO  o.e.m.c.i.p.ProjectConfigurationManager - Update started
2025-04-05 23:09:20,142 [Worker-17: Updating Maven Project] INFO  o.e.m.c.i.l.LifecycleMappingFactory - Using org.eclipse.m2e.jdt.JarLifecycleMapping lifecycle mapping for MavenProject: auth-service:moto-service-1:0.0.1-SNAPSHOT @ E:\microservicio\moto-service-1\pom.xml.
2025-04-05 23:09:21,534 [Worker-17: Updating Maven Project] INFO  o.e.m.j.i.AbstractJavaProjectConfigurator - Adding source folder /moto-service-1/src/main/java
2025-04-05 23:09:21,535 [Worker-17: Updating Maven Project] INFO  o.e.m.j.i.AbstractJavaProjectConfigurator - Adding resource folder /moto-service-1/src/main/resources
2025-04-05 23:09:21,536 [Worker-17: Updating Maven Project] INFO  o.e.m.j.i.AbstractJavaProjectConfigurator - Adding resource folder /moto-service-1/src/main/resources
2025-04-05 23:09:21,537 [Worker-17: Updating Maven Project] INFO  o.e.m.j.i.AbstractJavaProjectConfigurator - Adding source folder /moto-service-1/src/test/java
2025-04-05 23:09:21,540 [Worker-17: Updating Maven Project] INFO  o.e.m.j.i.AbstractJavaProjectConfigurator - Adding resource folder /moto-service-1/src/test/resources
2025-04-05 23:09:22,374 [Worker-17: Updating Maven Project] INFO  o.e.m.c.i.p.ProjectConfigurationManager - Update completed for 1 poms: local refresh takes 0,00 sec, refresh facades takes 2,00 sec, update config takes 0,00 sec 
2025-04-05 23:09:23,417 [Worker-1: Building] INFO  o.a.m.s.f.DefaultMavenResourcesFiltering - Copying 1 resource from src\main\resources to target\classes
2025-04-05 23:09:23,470 [Worker-1: Building] INFO  o.a.m.s.f.DefaultMavenResourcesFiltering - Copying 0 resource from src\main\resources to target\classes
2025-04-05 23:09:23,480 [Worker-1: Building] INFO  o.a.m.s.f.DefaultMavenResourcesFiltering - skip non existing resourceDirectory E:\microservicio\moto-service-1\src\test\resources
2025-04-05 23:09:44,223 [Worker-17: Building] INFO  o.a.m.s.f.DefaultMavenResourcesFiltering - Copying 1 resource from src\main\resources to target\classes
2025-04-05 23:09:44,232 [Worker-17: Building] INFO  o.a.m.s.f.DefaultMavenResourcesFiltering - Copying 0 resource from src\main\resources to target\classes
2025-04-05 23:09:44,237 [Worker-17: Building] INFO  o.a.m.s.f.DefaultMavenResourcesFiltering - skip non existing resourceDirectory E:\microservicio\moto-service-1\src\test\resources
2025-04-05 23:11:30,680 [Worker-17: Building] INFO  o.a.m.s.f.DefaultMavenResourcesFiltering - Copying 1 resource from src\main\resources to target\classes
2025-04-05 23:11:30,688 [Worker-17: Building] INFO  o.a.m.s.f.DefaultMavenResourcesFiltering - Copying 0 resource from src\main\resources to target\classes
2025-04-05 23:11:30,693 [Worker-17: Building] INFO  o.a.m.s.f.DefaultMavenResourcesFiltering - skip non existing resourceDirectory E:\microservicio\moto-service-1\src\test\resources
2025-04-05 23:12:21,464 [Worker-20: Building] INFO  o.a.m.s.f.DefaultMavenResourcesFiltering - Copying 1 resource from src\main\resources to target\classes
2025-04-05 23:12:21,470 [Worker-20: Building] INFO  o.a.m.s.f.DefaultMavenResourcesFiltering - Copying 0 resource from src\main\resources to target\classes
2025-04-05 23:12:21,476 [Worker-20: Building] INFO  o.a.m.s.f.DefaultMavenResourcesFiltering - skip non existing resourceDirectory E:\microservicio\moto-service-1\src\test\resources
2025-04-05 23:13:00,050 [Worker-20: Building] INFO  o.a.m.s.f.DefaultMavenResourcesFiltering - Copying 1 resource from src\main\resources to target\classes
2025-04-05 23:13:00,055 [Worker-20: Building] INFO  o.a.m.s.f.DefaultMavenResourcesFiltering - Copying 0 resource from src\main\resources to target\classes
2025-04-05 23:13:00,060 [Worker-20: Building] INFO  o.a.m.s.f.DefaultMavenResourcesFiltering - skip non existing resourceDirectory E:\microservicio\moto-service-1\src\test\resources
2025-04-05 23:13:22,326 [Worker-20: Building] INFO  o.a.m.s.f.DefaultMavenResourcesFiltering - Copying 1 resource from src\main\resources to target\classes
2025-04-05 23:13:22,334 [Worker-20: Building] INFO  o.a.m.s.f.DefaultMavenResourcesFiltering - Copying 0 resource from src\main\resources to target\classes
2025-04-05 23:13:22,341 [Worker-20: Building] INFO  o.a.m.s.f.DefaultMavenResourcesFiltering - skip non existing resourceDirectory E:\microservicio\moto-service-1\src\test\resources
2025-04-05 23:13:38,385 [Worker-20: Building] INFO  o.a.m.s.f.DefaultMavenResourcesFiltering - Copying 1 resource from src\main\resources to target\classes
2025-04-05 23:13:38,432 [Worker-20: Building] INFO  o.a.m.s.f.DefaultMavenResourcesFiltering - Copying 0 resource from src\main\resources to target\classes
2025-04-05 23:13:38,438 [Worker-20: Building] INFO  o.a.m.s.f.DefaultMavenResourcesFiltering - skip non existing resourceDirectory E:\microservicio\moto-service-1\src\test\resources
2025-04-05 23:13:49,512 [Worker-18: Building] INFO  o.a.m.s.f.DefaultMavenResourcesFiltering - Copying 1 resource from src\main\resources to target\classes
2025-04-05 23:13:49,519 [Worker-18: Building] INFO  o.a.m.s.f.DefaultMavenResourcesFiltering - Copying 0 resource from src\main\resources to target\classes
2025-04-05 23:13:49,523 [Worker-18: Building] INFO  o.a.m.s.f.DefaultMavenResourcesFiltering - skip non existing resourceDirectory E:\microservicio\moto-service-1\src\test\resources
2025-04-05 23:15:49,863 [Worker-3: Building] INFO  o.a.m.s.f.DefaultMavenResourcesFiltering - Copying 1 resource from src\main\resources to target\classes
2025-04-05 23:15:49,871 [Worker-3: Building] INFO  o.a.m.s.f.DefaultMavenResourcesFiltering - Copying 0 resource from src\main\resources to target\classes
2025-04-05 23:15:49,878 [Worker-3: Building] INFO  o.a.m.s.f.DefaultMavenResourcesFiltering - skip non existing resourceDirectory E:\microservicio\moto-service-1\src\test\resources
2025-04-05 23:16:18,619 [Worker-21: Building] INFO  o.a.m.s.f.DefaultMavenResourcesFiltering - Copying 1 resource from src\main\resources to target\classes
2025-04-05 23:16:18,626 [Worker-21: Building] INFO  o.a.m.s.f.DefaultMavenResourcesFiltering - Copying 0 resource from src\main\resources to target\classes
2025-04-05 23:16:18,630 [Worker-21: Building] INFO  o.a.m.s.f.DefaultMavenResourcesFiltering - skip non existing resourceDirectory E:\microservicio\moto-service-1\src\test\resources
2025-04-05 23:17:41,980 [Worker-15: Building] INFO  o.a.m.s.f.DefaultMavenResourcesFiltering - Copying 1 resource from src\main\resources to target\classes
2025-04-05 23:17:41,985 [Worker-15: Building] INFO  o.a.m.s.f.DefaultMavenResourcesFiltering - Copying 0 resource from src\main\resources to target\classes
2025-04-05 23:17:41,990 [Worker-15: Building] INFO  o.a.m.s.f.DefaultMavenResourcesFiltering - skip non existing resourceDirectory E:\microservicio\moto-service-1\src\test\resources
2025-04-05 23:17:51,427 [Worker-20: Building] INFO  o.a.m.s.f.DefaultMavenResourcesFiltering - Copying 1 resource from src\main\resources to target\classes
2025-04-05 23:17:51,432 [Worker-20: Building] INFO  o.a.m.s.f.DefaultMavenResourcesFiltering - Copying 0 resource from src\main\resources to target\classes
2025-04-05 23:17:51,437 [Worker-20: Building] INFO  o.a.m.s.f.DefaultMavenResourcesFiltering - skip non existing resourceDirectory E:\microservicio\moto-service-1\src\test\resources
2025-04-05 23:22:25,786 [Worker-21: Building] INFO  o.a.m.s.f.DefaultMavenResourcesFiltering - Copying 1 resource from src\main\resources to target\classes
2025-04-05 23:22:25,798 [Worker-21: Building] INFO  o.a.m.s.f.DefaultMavenResourcesFiltering - Copying 0 resource from src\main\resources to target\classes
2025-04-05 23:22:25,804 [Worker-21: Building] INFO  o.a.m.s.f.DefaultMavenResourcesFiltering - skip non existing resourceDirectory E:\microservicio\moto-service-1\src\test\resources
2025-04-05 23:23:32,212 [Worker-19: Building] INFO  o.a.m.s.f.DefaultMavenResourcesFiltering - Copying 1 resource from src\main\resources to target\classes
2025-04-05 23:23:32,223 [Worker-19: Building] INFO  o.a.m.s.f.DefaultMavenResourcesFiltering - Copying 0 resource from src\main\resources to target\classes
2025-04-05 23:23:32,229 [Worker-19: Building] INFO  o.a.m.s.f.DefaultMavenResourcesFiltering - skip non existing resourceDirectory E:\microservicio\moto-service-1\src\test\resources
2025-04-05 23:33:18,199 [Worker-21: Building] INFO  o.a.m.s.f.DefaultMavenResourcesFiltering - Copying 1 resource from src\main\resources to target\classes
2025-04-05 23:33:18,209 [Worker-21: Building] INFO  o.a.m.s.f.DefaultMavenResourcesFiltering - Copying 0 resource from src\main\resources to target\classes
2025-04-05 23:33:18,213 [Worker-21: Building] INFO  o.a.m.s.f.DefaultMavenResourcesFiltering - skip non existing resourceDirectory E:\microservicio\moto-service-1\src\test\resources
2025-04-05 23:36:15,139 [Worker-17: Building] INFO  o.a.m.s.f.DefaultMavenResourcesFiltering - Copying 1 resource from src\main\resources to target\classes
2025-04-05 23:36:15,144 [Worker-17: Building] INFO  o.a.m.s.f.DefaultMavenResourcesFiltering - Copying 0 resource from src\main\resources to target\classes
2025-04-05 23:36:15,150 [Worker-17: Building] INFO  o.a.m.s.f.DefaultMavenResourcesFiltering - skip non existing resourceDirectory E:\microservicio\moto-service-1\src\test\resources
2025-04-05 23:39:52,369 [Worker-20: Building] INFO  o.a.m.s.f.DefaultMavenResourcesFiltering - Copying 1 resource from src\main\resources to target\classes
2025-04-05 23:39:52,379 [Worker-20: Building] INFO  o.a.m.s.f.DefaultMavenResourcesFiltering - Copying 0 resource from src\main\resources to target\classes
2025-04-05 23:39:52,387 [Worker-20: Building] INFO  o.a.m.s.f.DefaultMavenResourcesFiltering - skip non existing resourceDirectory E:\microservicio\moto-service-1\src\test\resources
2025-04-05 23:40:32,731 [Worker-1: Building] INFO  o.a.m.s.f.DefaultMavenResourcesFiltering - Copying 1 resource from src\main\resources to target\classes
2025-04-05 23:40:32,737 [Worker-1: Building] INFO  o.a.m.s.f.DefaultMavenResourcesFiltering - Copying 0 resource from src\main\resources to target\classes
2025-04-05 23:40:32,741 [Worker-1: Building] INFO  o.a.m.s.f.DefaultMavenResourcesFiltering - skip non existing resourceDirectory E:\microservicio\moto-service-1\src\test\resources
2025-04-05 23:40:55,791 [Worker-19: Building] INFO  o.a.m.s.f.DefaultMavenResourcesFiltering - Copying 1 resource from src\main\resources to target\classes
2025-04-05 23:40:55,794 [Worker-19: Building] INFO  o.a.m.s.f.DefaultMavenResourcesFiltering - Copying 0 resource from src\main\resources to target\classes
2025-04-05 23:40:55,797 [Worker-19: Building] INFO  o.a.m.s.f.DefaultMavenResourcesFiltering - skip non existing resourceDirectory E:\microservicio\moto-service-1\src\test\resources
2025-04-05 23:42:12,907 [Worker-3: Building] INFO  o.a.m.s.f.DefaultMavenResourcesFiltering - Copying 1 resource from src\main\resources to target\classes
2025-04-05 23:42:12,916 [Worker-3: Building] INFO  o.a.m.s.f.DefaultMavenResourcesFiltering - Copying 0 resource from src\main\resources to target\classes
2025-04-05 23:42:12,921 [Worker-3: Building] INFO  o.a.m.s.f.DefaultMavenResourcesFiltering - skip non existing resourceDirectory E:\microservicio\moto-service-1\src\test\resources
2025-04-05 23:44:46,091 [Worker-1: Building] INFO  o.a.m.s.f.DefaultMavenResourcesFiltering - Copying 1 resource from src\main\resources to target\classes
2025-04-05 23:44:46,125 [Worker-1: Building] INFO  o.a.m.s.f.DefaultMavenResourcesFiltering - Copying 0 resource from src\main\resources to target\classes
2025-04-05 23:44:46,213 [Worker-1: Building] INFO  o.a.m.s.f.DefaultMavenResourcesFiltering - skip non existing resourceDirectory E:\microservicio\usuario-service\src\test\resources
2025-04-05 23:46:56,784 [Worker-22: Building] INFO  o.a.m.s.f.DefaultMavenResourcesFiltering - Copying 1 resource from src\main\resources to target\classes
2025-04-05 23:46:56,797 [Worker-22: Building] INFO  o.a.m.s.f.DefaultMavenResourcesFiltering - Copying 0 resource from src\main\resources to target\classes
2025-04-05 23:46:56,803 [Worker-22: Building] INFO  o.a.m.s.f.DefaultMavenResourcesFiltering - skip non existing resourceDirectory E:\microservicio\usuario-service\src\test\resources
2025-04-05 23:47:50,321 [Worker-3: Building] INFO  o.a.m.s.f.DefaultMavenResourcesFiltering - Copying 1 resource from src\main\resources to target\classes
2025-04-05 23:47:50,332 [Worker-3: Building] INFO  o.a.m.s.f.DefaultMavenResourcesFiltering - Copying 0 resource from src\main\resources to target\classes
2025-04-05 23:47:50,337 [Worker-3: Building] INFO  o.a.m.s.f.DefaultMavenResourcesFiltering - skip non existing resourceDirectory E:\microservicio\usuario-service\src\test\resources
2025-04-05 23:48:46,739 [Worker-22: Building] INFO  o.a.m.s.f.DefaultMavenResourcesFiltering - Copying 1 resource from src\main\resources to target\classes
2025-04-05 23:48:46,749 [Worker-22: Building] INFO  o.a.m.s.f.DefaultMavenResourcesFiltering - Copying 0 resource from src\main\resources to target\classes
2025-04-05 23:48:46,754 [Worker-22: Building] INFO  o.a.m.s.f.DefaultMavenResourcesFiltering - skip non existing resourceDirectory E:\microservicio\usuario-service\src\test\resources
2025-04-05 23:49:05,272 [Worker-1: Building] INFO  o.a.m.s.f.DefaultMavenResourcesFiltering - Copying 1 resource from src\main\resources to target\classes
2025-04-05 23:49:05,279 [Worker-1: Building] INFO  o.a.m.s.f.DefaultMavenResourcesFiltering - Copying 0 resource from src\main\resources to target\classes
2025-04-05 23:49:05,284 [Worker-1: Building] INFO  o.a.m.s.f.DefaultMavenResourcesFiltering - skip non existing resourceDirectory E:\microservicio\usuario-service\src\test\resources
2025-04-05 23:49:25,951 [Worker-23: Building] INFO  o.a.m.s.f.DefaultMavenResourcesFiltering - Copying 1 resource from src\main\resources to target\classes
2025-04-05 23:49:25,997 [Worker-23: Building] INFO  o.a.m.s.f.DefaultMavenResourcesFiltering - Copying 0 resource from src\main\resources to target\classes
2025-04-05 23:49:26,048 [Worker-23: Building] INFO  o.a.m.s.f.DefaultMavenResourcesFiltering - skip non existing resourceDirectory E:\microservicio\usuario-service\src\test\resources
2025-04-05 23:50:39,671 [Worker-3: Building] INFO  o.a.m.s.f.DefaultMavenResourcesFiltering - Copying 1 resource from src\main\resources to target\classes
2025-04-05 23:50:39,683 [Worker-3: Building] INFO  o.a.m.s.f.DefaultMavenResourcesFiltering - Copying 0 resource from src\main\resources to target\classes
2025-04-05 23:50:39,690 [Worker-3: Building] INFO  o.a.m.s.f.DefaultMavenResourcesFiltering - skip non existing resourceDirectory E:\microservicio\usuario-service\src\test\resources
2025-04-05 23:51:23,350 [Worker-21: Building] INFO  o.a.m.s.f.DefaultMavenResourcesFiltering - Copying 1 resource from src\main\resources to target\classes
2025-04-05 23:51:23,356 [Worker-21: Building] INFO  o.a.m.s.f.DefaultMavenResourcesFiltering - Copying 0 resource from src\main\resources to target\classes
2025-04-05 23:51:23,367 [Worker-21: Building] INFO  o.a.m.s.f.DefaultMavenResourcesFiltering - skip non existing resourceDirectory E:\microservicio\usuario-service\src\test\resources
2025-04-05 23:55:32,449 [Worker-21: Building] INFO  o.a.m.s.f.DefaultMavenResourcesFiltering - Copying 1 resource from src\main\resources to target\classes
2025-04-05 23:55:32,459 [Worker-21: Building] INFO  o.a.m.s.f.DefaultMavenResourcesFiltering - Copying 0 resource from src\main\resources to target\classes
2025-04-05 23:55:32,463 [Worker-21: Building] INFO  o.a.m.s.f.DefaultMavenResourcesFiltering - skip non existing resourceDirectory E:\microservicio\usuario-service\src\test\resources
2025-04-05 23:55:43,315 [Worker-1: Building] INFO  o.a.m.s.f.DefaultMavenResourcesFiltering - Copying 1 resource from src\main\resources to target\classes
2025-04-05 23:55:43,332 [Worker-1: Building] INFO  o.a.m.s.f.DefaultMavenResourcesFiltering - Copying 0 resource from src\main\resources to target\classes
2025-04-05 23:55:43,419 [Worker-1: Building] INFO  o.a.m.s.f.DefaultMavenResourcesFiltering - skip non existing resourceDirectory E:\microservicio\usuario-service\src\test\resources
2025-04-05 23:57:47,820 [Worker-3: Building] INFO  o.a.m.s.f.DefaultMavenResourcesFiltering - Copying 1 resource from src\main\resources to target\classes
2025-04-05 23:57:47,826 [Worker-3: Building] INFO  o.a.m.s.f.DefaultMavenResourcesFiltering - Copying 0 resource from src\main\resources to target\classes
2025-04-05 23:57:47,831 [Worker-3: Building] INFO  o.a.m.s.f.DefaultMavenResourcesFiltering - skip non existing resourceDirectory E:\microservicio\usuario-service\src\test\resources
2025-04-05 23:58:10,371 [Worker-21: Building] INFO  o.a.m.s.f.DefaultMavenResourcesFiltering - Copying 1 resource from src\main\resources to target\classes
2025-04-05 23:58:10,373 [Worker-21: Building] INFO  o.a.m.s.f.DefaultMavenResourcesFiltering - Copying 0 resource from src\main\resources to target\classes
2025-04-05 23:58:10,376 [Worker-21: Building] INFO  o.a.m.s.f.DefaultMavenResourcesFiltering - skip non existing resourceDirectory E:\microservicio\usuario-service\src\test\resources
2025-04-05 23:58:43,889 [Worker-24: Building] INFO  o.a.m.s.f.DefaultMavenResourcesFiltering - Copying 1 resource from src\main\resources to target\classes
2025-04-05 23:58:43,899 [Worker-24: Building] INFO  o.a.m.s.f.DefaultMavenResourcesFiltering - Copying 0 resource from src\main\resources to target\classes
2025-04-05 23:58:43,904 [Worker-24: Building] INFO  o.a.m.s.f.DefaultMavenResourcesFiltering - skip non existing resourceDirectory E:\microservicio\usuario-service\src\test\resources
2025-04-06 00:04:11,170 [Worker-23: Building] INFO  o.a.m.s.f.DefaultMavenResourcesFiltering - Copying 1 resource from src\main\resources to target\classes
2025-04-06 00:04:11,179 [Worker-23: Building] INFO  o.a.m.s.f.DefaultMavenResourcesFiltering - Copying 0 resource from src\main\resources to target\classes
2025-04-06 00:04:11,184 [Worker-23: Building] INFO  o.a.m.s.f.DefaultMavenResourcesFiltering - skip non existing resourceDirectory E:\microservicio\usuario-service\src\test\resources
2025-04-06 00:07:19,472 [Worker-23: Building] INFO  o.a.m.s.f.DefaultMavenResourcesFiltering - Copying 1 resource from src\main\resources to target\classes
2025-04-06 00:07:19,499 [Worker-23: Building] INFO  o.a.m.s.f.DefaultMavenResourcesFiltering - Copying 0 resource from src\main\resources to target\classes
2025-04-06 00:07:19,504 [Worker-23: Building] INFO  o.a.m.s.f.DefaultMavenResourcesFiltering - skip non existing resourceDirectory E:\microservicio\usuario-service\src\test\resources
2025-04-06 00:08:14,884 [Worker-1: Building] INFO  o.a.m.s.f.DefaultMavenResourcesFiltering - Copying 1 resource from src\main\resources to target\classes
2025-04-06 00:08:14,889 [Worker-1: Building] INFO  o.a.m.s.f.DefaultMavenResourcesFiltering - Copying 0 resource from src\main\resources to target\classes
2025-04-06 00:08:14,895 [Worker-1: Building] INFO  o.a.m.s.f.DefaultMavenResourcesFiltering - skip non existing resourceDirectory E:\microservicio\usuario-service\src\test\resources
2025-04-06 00:12:48,070 [Worker-24: Building] INFO  o.e.m.c.i.e.AbstractTransferListenerAdapter - Downloading https://repo.maven.apache.org/maven2/org/springframework/cloud/spring-cloud-dependencies/2024.0.1/spring-cloud-dependencies-2024.0.1.pom
2025-04-06 00:12:48,114 [Worker-24: Building] INFO  o.e.m.c.i.e.AbstractTransferListenerAdapter - Downloaded https://repo.maven.apache.org/maven2/org/springframework/cloud/spring-cloud-dependencies/2024.0.1/spring-cloud-dependencies-2024.0.1.pom
2025-04-06 00:12:48,192 [Worker-24: Building] INFO  o.e.m.c.i.e.AbstractTransferListenerAdapter - Downloading https://repo.maven.apache.org/maven2/org/springframework/cloud/spring-cloud-dependencies-parent/4.2.1/spring-cloud-dependencies-parent-4.2.1.pom
2025-04-06 00:12:48,210 [Worker-24: Building] INFO  o.e.m.c.i.e.AbstractTransferListenerAdapter - Downloaded https://repo.maven.apache.org/maven2/org/springframework/cloud/spring-cloud-dependencies-parent/4.2.1/spring-cloud-dependencies-parent-4.2.1.pom
2025-04-06 00:12:48,298 [Worker-24: Building] INFO  o.e.m.c.i.e.AbstractTransferListenerAdapter - Downloading https://repo.maven.apache.org/maven2/org/springframework/cloud/spring-cloud-commons-dependencies/4.2.1/spring-cloud-commons-dependencies-4.2.1.pom
2025-04-06 00:12:48,333 [Worker-24: Building] INFO  o.e.m.c.i.e.AbstractTransferListenerAdapter - Downloaded https://repo.maven.apache.org/maven2/org/springframework/cloud/spring-cloud-commons-dependencies/4.2.1/spring-cloud-commons-dependencies-4.2.1.pom
2025-04-06 00:12:48,495 [Worker-24: Building] INFO  o.e.m.c.i.e.AbstractTransferListenerAdapter - Downloading https://repo.maven.apache.org/maven2/org/springframework/cloud/spring-cloud-netflix-dependencies/4.2.1/spring-cloud-netflix-dependencies-4.2.1.pom
2025-04-06 00:12:48,514 [Worker-24: Building] INFO  o.e.m.c.i.e.AbstractTransferListenerAdapter - Downloaded https://repo.maven.apache.org/maven2/org/springframework/cloud/spring-cloud-netflix-dependencies/4.2.1/spring-cloud-netflix-dependencies-4.2.1.pom
2025-04-06 00:12:48,656 [Worker-24: Building] INFO  o.e.m.c.i.e.AbstractTransferListenerAdapter - Downloading https://repo.maven.apache.org/maven2/org/springframework/cloud/spring-cloud-stream-dependencies/4.2.1/spring-cloud-stream-dependencies-4.2.1.pom
2025-04-06 00:12:48,685 [Worker-24: Building] INFO  o.e.m.c.i.e.AbstractTransferListenerAdapter - Downloaded https://repo.maven.apache.org/maven2/org/springframework/cloud/spring-cloud-stream-dependencies/4.2.1/spring-cloud-stream-dependencies-4.2.1.pom
2025-04-06 00:12:48,794 [Worker-24: Building] INFO  o.e.m.c.i.e.AbstractTransferListenerAdapter - Downloading https://repo.maven.apache.org/maven2/org/springframework/cloud/spring-cloud-task-dependencies/3.2.1/spring-cloud-task-dependencies-3.2.1.pom
2025-04-06 00:12:48,809 [Worker-24: Building] INFO  o.e.m.c.i.e.AbstractTransferListenerAdapter - Downloaded https://repo.maven.apache.org/maven2/org/springframework/cloud/spring-cloud-task-dependencies/3.2.1/spring-cloud-task-dependencies-3.2.1.pom
2025-04-06 00:12:48,901 [Worker-24: Building] INFO  o.e.m.c.i.e.AbstractTransferListenerAdapter - Downloading https://repo.maven.apache.org/maven2/org/springframework/cloud/spring-cloud-circuitbreaker-dependencies/3.2.1/spring-cloud-circuitbreaker-dependencies-3.2.1.pom
2025-04-06 00:12:48,915 [Worker-24: Building] INFO  o.e.m.c.i.e.AbstractTransferListenerAdapter - Downloaded https://repo.maven.apache.org/maven2/org/springframework/cloud/spring-cloud-circuitbreaker-dependencies/3.2.1/spring-cloud-circuitbreaker-dependencies-3.2.1.pom
2025-04-06 00:12:49,013 [Worker-24: Building] INFO  o.e.m.c.i.e.AbstractTransferListenerAdapter - Downloading https://repo.maven.apache.org/maven2/io/github/resilience4j/resilience4j-bom/2.2.0/resilience4j-bom-2.2.0.pom
2025-04-06 00:12:49,027 [Worker-24: Building] INFO  o.e.m.c.i.e.AbstractTransferListenerAdapter - Downloaded https://repo.maven.apache.org/maven2/io/github/resilience4j/resilience4j-bom/2.2.0/resilience4j-bom-2.2.0.pom
2025-04-06 00:12:49,100 [Worker-24: Building] INFO  o.e.m.c.i.e.AbstractTransferListenerAdapter - Downloading https://repo.maven.apache.org/maven2/org/springframework/cloud/spring-cloud-config-dependencies/4.2.1/spring-cloud-config-dependencies-4.2.1.pom
2025-04-06 00:12:49,112 [Worker-24: Building] INFO  o.e.m.c.i.e.AbstractTransferListenerAdapter - Downloaded https://repo.maven.apache.org/maven2/org/springframework/cloud/spring-cloud-config-dependencies/4.2.1/spring-cloud-config-dependencies-4.2.1.pom
2025-04-06 00:12:49,187 [Worker-24: Building] INFO  o.e.m.c.i.e.AbstractTransferListenerAdapter - Downloading https://repo.maven.apache.org/maven2/org/springframework/cloud/spring-cloud-function-dependencies/4.2.2/spring-cloud-function-dependencies-4.2.2.pom
2025-04-06 00:12:49,201 [Worker-24: Building] INFO  o.e.m.c.i.e.AbstractTransferListenerAdapter - Downloaded https://repo.maven.apache.org/maven2/org/springframework/cloud/spring-cloud-function-dependencies/4.2.2/spring-cloud-function-dependencies-4.2.2.pom
2025-04-06 00:12:49,288 [Worker-24: Building] INFO  o.e.m.c.i.e.AbstractTransferListenerAdapter - Downloading https://repo.maven.apache.org/maven2/org/springframework/cloud/spring-cloud-gateway-dependencies/4.2.1/spring-cloud-gateway-dependencies-4.2.1.pom
2025-04-06 00:12:49,298 [Worker-24: Building] INFO  o.e.m.c.i.e.AbstractTransferListenerAdapter - Downloaded https://repo.maven.apache.org/maven2/org/springframework/cloud/spring-cloud-gateway-dependencies/4.2.1/spring-cloud-gateway-dependencies-4.2.1.pom
2025-04-06 00:12:49,381 [Worker-24: Building] INFO  o.e.m.c.i.e.AbstractTransferListenerAdapter - Downloading https://repo.maven.apache.org/maven2/org/springframework/cloud/spring-cloud-consul-dependencies/4.2.1/spring-cloud-consul-dependencies-4.2.1.pom
2025-04-06 00:12:49,393 [Worker-24: Building] INFO  o.e.m.c.i.e.AbstractTransferListenerAdapter - Downloaded https://repo.maven.apache.org/maven2/org/springframework/cloud/spring-cloud-consul-dependencies/4.2.1/spring-cloud-consul-dependencies-4.2.1.pom
2025-04-06 00:12:49,470 [Worker-24: Building] INFO  o.e.m.c.i.e.AbstractTransferListenerAdapter - Downloading https://repo.maven.apache.org/maven2/org/springframework/cloud/spring-cloud-vault-dependencies/4.2.1/spring-cloud-vault-dependencies-4.2.1.pom
2025-04-06 00:12:49,481 [Worker-24: Building] INFO  o.e.m.c.i.e.AbstractTransferListenerAdapter - Downloaded https://repo.maven.apache.org/maven2/org/springframework/cloud/spring-cloud-vault-dependencies/4.2.1/spring-cloud-vault-dependencies-4.2.1.pom
2025-04-06 00:12:49,569 [Worker-24: Building] INFO  o.e.m.c.i.e.AbstractTransferListenerAdapter - Downloading https://repo.maven.apache.org/maven2/org/springframework/cloud/spring-cloud-zookeeper-dependencies/4.2.1/spring-cloud-zookeeper-dependencies-4.2.1.pom
2025-04-06 00:12:49,581 [Worker-24: Building] INFO  o.e.m.c.i.e.AbstractTransferListenerAdapter - Downloaded https://repo.maven.apache.org/maven2/org/springframework/cloud/spring-cloud-zookeeper-dependencies/4.2.1/spring-cloud-zookeeper-dependencies-4.2.1.pom
2025-04-06 00:12:49,663 [Worker-24: Building] INFO  o.e.m.c.i.e.AbstractTransferListenerAdapter - Downloading https://repo.maven.apache.org/maven2/org/springframework/cloud/spring-cloud-bus-dependencies/4.2.1/spring-cloud-bus-dependencies-4.2.1.pom
2025-04-06 00:12:49,673 [Worker-24: Building] INFO  o.e.m.c.i.e.AbstractTransferListenerAdapter - Downloaded https://repo.maven.apache.org/maven2/org/springframework/cloud/spring-cloud-bus-dependencies/4.2.1/spring-cloud-bus-dependencies-4.2.1.pom
2025-04-06 00:12:49,754 [Worker-24: Building] INFO  o.e.m.c.i.e.AbstractTransferListenerAdapter - Downloading https://repo.maven.apache.org/maven2/org/springframework/cloud/spring-cloud-contract-dependencies/4.2.1/spring-cloud-contract-dependencies-4.2.1.pom
2025-04-06 00:12:49,764 [Worker-24: Building] INFO  o.e.m.c.i.e.AbstractTransferListenerAdapter - Downloaded https://repo.maven.apache.org/maven2/org/springframework/cloud/spring-cloud-contract-dependencies/4.2.1/spring-cloud-contract-dependencies-4.2.1.pom
2025-04-06 00:12:49,853 [Worker-24: Building] INFO  o.e.m.c.i.e.AbstractTransferListenerAdapter - Downloading https://repo.maven.apache.org/maven2/org/springframework/cloud/spring-cloud-openfeign-dependencies/4.2.1/spring-cloud-openfeign-dependencies-4.2.1.pom
2025-04-06 00:12:49,861 [Worker-24: Building] INFO  o.e.m.c.i.e.AbstractTransferListenerAdapter - Downloaded https://repo.maven.apache.org/maven2/org/springframework/cloud/spring-cloud-openfeign-dependencies/4.2.1/spring-cloud-openfeign-dependencies-4.2.1.pom
2025-04-06 00:12:49,932 [Worker-24: Building] INFO  o.e.m.c.i.e.AbstractTransferListenerAdapter - Downloading https://repo.maven.apache.org/maven2/io/github/openfeign/feign-bom/13.5/feign-bom-13.5.pom
2025-04-06 00:12:49,946 [Worker-24: Building] INFO  o.e.m.c.i.e.AbstractTransferListenerAdapter - Downloaded https://repo.maven.apache.org/maven2/io/github/openfeign/feign-bom/13.5/feign-bom-13.5.pom
2025-04-06 00:12:50,025 [Worker-24: Building] INFO  o.e.m.c.i.e.AbstractTransferListenerAdapter - Downloading https://repo.maven.apache.org/maven2/org/springframework/cloud/spring-cloud-kubernetes-dependencies/3.2.1/spring-cloud-kubernetes-dependencies-3.2.1.pom
2025-04-06 00:12:50,040 [Worker-24: Building] INFO  o.e.m.c.i.e.AbstractTransferListenerAdapter - Downloaded https://repo.maven.apache.org/maven2/org/springframework/cloud/spring-cloud-kubernetes-dependencies/3.2.1/spring-cloud-kubernetes-dependencies-3.2.1.pom
2025-04-06 00:12:50,120 [Worker-24: Building] INFO  o.e.m.c.i.e.AbstractTransferListenerAdapter - Downloading https://repo.maven.apache.org/maven2/io/fabric8/kubernetes-client-bom/6.13.5/kubernetes-client-bom-6.13.5.pom
2025-04-06 00:12:50,145 [Worker-24: Building] INFO  o.e.m.c.i.e.AbstractTransferListenerAdapter - Downloaded https://repo.maven.apache.org/maven2/io/fabric8/kubernetes-client-bom/6.13.5/kubernetes-client-bom-6.13.5.pom
2025-04-06 00:12:51,706 [Worker-24: Building] INFO  o.e.m.c.i.l.LifecycleMappingFactory - Using org.eclipse.m2e.jdt.JarLifecycleMapping lifecycle mapping for MavenProject: auth-service:usuario-service:0.0.1-SNAPSHOT @ E:\microservicio\usuario-service\pom.xml.
2025-04-06 00:12:52,899 [Worker-24: Building] INFO  o.e.m.c.i.e.AbstractTransferListenerAdapter - Downloading https://repo.maven.apache.org/maven2/org/springframework/cloud/spring-cloud-starter-openfeign/4.2.1/spring-cloud-starter-openfeign-4.2.1.pom
2025-04-06 00:12:52,933 [Worker-24: Building] INFO  o.e.m.c.i.e.AbstractTransferListenerAdapter - Downloaded https://repo.maven.apache.org/maven2/org/springframework/cloud/spring-cloud-starter-openfeign/4.2.1/spring-cloud-starter-openfeign-4.2.1.pom
2025-04-06 00:12:53,006 [Worker-24: Building] INFO  o.e.m.c.i.e.AbstractTransferListenerAdapter - Downloading https://repo.maven.apache.org/maven2/org/springframework/cloud/spring-cloud-openfeign/4.2.1/spring-cloud-openfeign-4.2.1.pom
2025-04-06 00:12:53,016 [Worker-24: Building] INFO  o.e.m.c.i.e.AbstractTransferListenerAdapter - Downloaded https://repo.maven.apache.org/maven2/org/springframework/cloud/spring-cloud-openfeign/4.2.1/spring-cloud-openfeign-4.2.1.pom
2025-04-06 00:12:53,089 [Worker-24: Building] INFO  o.e.m.c.i.e.AbstractTransferListenerAdapter - Downloading https://repo.maven.apache.org/maven2/org/springframework/cloud/spring-cloud-build/4.2.1/spring-cloud-build-4.2.1.pom
2025-04-06 00:12:53,127 [Worker-24: Building] INFO  o.e.m.c.i.e.AbstractTransferListenerAdapter - Downloaded https://repo.maven.apache.org/maven2/org/springframework/cloud/spring-cloud-build/4.2.1/spring-cloud-build-4.2.1.pom
2025-04-06 00:12:53,211 [Worker-24: Building] INFO  o.e.m.c.i.e.AbstractTransferListenerAdapter - Downloading https://repo.maven.apache.org/maven2/org/springframework/cloud/spring-cloud-build-dependencies/4.2.1/spring-cloud-build-dependencies-4.2.1.pom
2025-04-06 00:12:53,223 [Worker-24: Building] INFO  o.e.m.c.i.e.AbstractTransferListenerAdapter - Downloaded https://repo.maven.apache.org/maven2/org/springframework/cloud/spring-cloud-build-dependencies/4.2.1/spring-cloud-build-dependencies-4.2.1.pom
2025-04-06 00:12:53,974 [Worker-24: Building] INFO  o.e.m.c.i.e.AbstractTransferListenerAdapter - Downloading https://repo.maven.apache.org/maven2/org/springframework/cloud/spring-cloud-starter/4.2.1/spring-cloud-starter-4.2.1.pom
2025-04-06 00:12:53,996 [Worker-24: Building] INFO  o.e.m.c.i.e.AbstractTransferListenerAdapter - Downloaded https://repo.maven.apache.org/maven2/org/springframework/cloud/spring-cloud-starter/4.2.1/spring-cloud-starter-4.2.1.pom
2025-04-06 00:12:54,068 [Worker-24: Building] INFO  o.e.m.c.i.e.AbstractTransferListenerAdapter - Downloading https://repo.maven.apache.org/maven2/org/springframework/cloud/spring-cloud-commons-parent/4.2.1/spring-cloud-commons-parent-4.2.1.pom
2025-04-06 00:12:54,080 [Worker-24: Building] INFO  o.e.m.c.i.e.AbstractTransferListenerAdapter - Downloaded https://repo.maven.apache.org/maven2/org/springframework/cloud/spring-cloud-commons-parent/4.2.1/spring-cloud-commons-parent-4.2.1.pom
2025-04-06 00:12:54,162 [Worker-24: Building] INFO  o.e.m.c.i.e.AbstractTransferListenerAdapter - Downloading https://repo.maven.apache.org/maven2/org/springframework/cloud/spring-cloud-context/4.2.1/spring-cloud-context-4.2.1.pom
2025-04-06 00:12:54,179 [Worker-24: Building] INFO  o.e.m.c.i.e.AbstractTransferListenerAdapter - Downloaded https://repo.maven.apache.org/maven2/org/springframework/cloud/spring-cloud-context/4.2.1/spring-cloud-context-4.2.1.pom
2025-04-06 00:12:54,280 [Worker-24: Building] INFO  o.e.m.c.i.e.AbstractTransferListenerAdapter - Downloading https://repo.maven.apache.org/maven2/org/springframework/security/spring-security-crypto/6.4.4/spring-security-crypto-6.4.4.pom
2025-04-06 00:12:54,291 [Worker-24: Building] INFO  o.e.m.c.i.e.AbstractTransferListenerAdapter - Downloaded https://repo.maven.apache.org/maven2/org/springframework/security/spring-security-crypto/6.4.4/spring-security-crypto-6.4.4.pom
2025-04-06 00:12:54,370 [Worker-24: Building] INFO  o.e.m.c.i.e.AbstractTransferListenerAdapter - Downloading https://repo.maven.apache.org/maven2/org/springframework/cloud/spring-cloud-commons/4.2.1/spring-cloud-commons-4.2.1.pom
2025-04-06 00:12:54,382 [Worker-24: Building] INFO  o.e.m.c.i.e.AbstractTransferListenerAdapter - Downloaded https://repo.maven.apache.org/maven2/org/springframework/cloud/spring-cloud-commons/4.2.1/spring-cloud-commons-4.2.1.pom
2025-04-06 00:12:54,456 [Worker-24: Building] INFO  o.e.m.c.i.e.AbstractTransferListenerAdapter - Downloading https://repo.maven.apache.org/maven2/org/bouncycastle/bcprov-jdk18on/1.78.1/bcprov-jdk18on-1.78.1.pom
2025-04-06 00:12:54,463 [Worker-24: Building] INFO  o.e.m.c.i.e.AbstractTransferListenerAdapter - Downloaded https://repo.maven.apache.org/maven2/org/bouncycastle/bcprov-jdk18on/1.78.1/bcprov-jdk18on-1.78.1.pom
2025-04-06 00:12:54,533 [Worker-24: Building] INFO  o.e.m.c.i.e.AbstractTransferListenerAdapter - Downloading https://repo.maven.apache.org/maven2/org/springframework/cloud/spring-cloud-openfeign-core/4.2.1/spring-cloud-openfeign-core-4.2.1.pom
2025-04-06 00:12:54,541 [Worker-24: Building] INFO  o.e.m.c.i.e.AbstractTransferListenerAdapter - Downloaded https://repo.maven.apache.org/maven2/org/springframework/cloud/spring-cloud-openfeign-core/4.2.1/spring-cloud-openfeign-core-4.2.1.pom
2025-04-06 00:12:54,614 [Worker-24: Building] INFO  o.e.m.c.i.e.AbstractTransferListenerAdapter - Downloading https://repo.maven.apache.org/maven2/io/github/openfeign/feign-form-spring/13.5/feign-form-spring-13.5.pom
2025-04-06 00:12:54,637 [Worker-24: Building] INFO  o.e.m.c.i.e.AbstractTransferListenerAdapter - Downloaded https://repo.maven.apache.org/maven2/io/github/openfeign/feign-form-spring/13.5/feign-form-spring-13.5.pom
2025-04-06 00:12:54,706 [Worker-24: Building] INFO  o.e.m.c.i.e.AbstractTransferListenerAdapter - Downloading https://repo.maven.apache.org/maven2/io/github/openfeign/parent/13.5/parent-13.5.pom
2025-04-06 00:12:54,731 [Worker-24: Building] INFO  o.e.m.c.i.e.AbstractTransferListenerAdapter - Downloaded https://repo.maven.apache.org/maven2/io/github/openfeign/parent/13.5/parent-13.5.pom
2025-04-06 00:12:54,802 [Worker-24: Building] INFO  o.e.m.c.i.e.AbstractTransferListenerAdapter - Downloading https://repo.maven.apache.org/maven2/org/junit/junit-bom/5.11.2/junit-bom-5.11.2.pom
2025-04-06 00:12:54,810 [Worker-24: Building] INFO  o.e.m.c.i.e.AbstractTransferListenerAdapter - Downloaded https://repo.maven.apache.org/maven2/org/junit/junit-bom/5.11.2/junit-bom-5.11.2.pom
2025-04-06 00:12:54,885 [Worker-24: Building] INFO  o.e.m.c.i.e.AbstractTransferListenerAdapter - Downloading https://repo.maven.apache.org/maven2/io/github/openfeign/feign-form/13.5/feign-form-13.5.pom
2025-04-06 00:12:54,899 [Worker-24: Building] INFO  o.e.m.c.i.e.AbstractTransferListenerAdapter - Downloaded https://repo.maven.apache.org/maven2/io/github/openfeign/feign-form/13.5/feign-form-13.5.pom
2025-04-06 00:12:54,977 [Worker-24: Building] INFO  o.e.m.c.i.e.AbstractTransferListenerAdapter - Downloading https://repo.maven.apache.org/maven2/io/github/openfeign/feign-core/13.5/feign-core-13.5.pom
2025-04-06 00:12:54,988 [Worker-24: Building] INFO  o.e.m.c.i.e.AbstractTransferListenerAdapter - Downloaded https://repo.maven.apache.org/maven2/io/github/openfeign/feign-core/13.5/feign-core-13.5.pom
2025-04-06 00:12:55,071 [Worker-24: Building] INFO  o.e.m.c.i.e.AbstractTransferListenerAdapter - Downloading https://repo.maven.apache.org/maven2/commons-fileupload/commons-fileupload/1.5/commons-fileupload-1.5.pom
2025-04-06 00:12:55,100 [Worker-24: Building] INFO  o.e.m.c.i.e.AbstractTransferListenerAdapter - Downloaded https://repo.maven.apache.org/maven2/commons-fileupload/commons-fileupload/1.5/commons-fileupload-1.5.pom
2025-04-06 00:12:55,191 [Worker-24: Building] INFO  o.e.m.c.i.e.AbstractTransferListenerAdapter - Downloading https://repo.maven.apache.org/maven2/org/apache/commons/commons-parent/56/commons-parent-56.pom
2025-04-06 00:12:55,216 [Worker-24: Building] INFO  o.e.m.c.i.e.AbstractTransferListenerAdapter - Downloaded https://repo.maven.apache.org/maven2/org/apache/commons/commons-parent/56/commons-parent-56.pom
2025-04-06 00:12:55,302 [Worker-24: Building] INFO  o.e.m.c.i.e.AbstractTransferListenerAdapter - Downloading https://repo.maven.apache.org/maven2/org/junit/junit-bom/5.9.1/junit-bom-5.9.1.pom
2025-04-06 00:12:55,312 [Worker-24: Building] INFO  o.e.m.c.i.e.AbstractTransferListenerAdapter - Downloaded https://repo.maven.apache.org/maven2/org/junit/junit-bom/5.9.1/junit-bom-5.9.1.pom
2025-04-06 00:12:55,387 [Worker-24: Building] INFO  o.e.m.c.i.e.AbstractTransferListenerAdapter - Downloading https://repo.maven.apache.org/maven2/io/github/openfeign/feign-slf4j/13.5/feign-slf4j-13.5.pom
2025-04-06 00:12:55,411 [Worker-24: Building] INFO  o.e.m.c.i.e.AbstractTransferListenerAdapter - Downloaded https://repo.maven.apache.org/maven2/io/github/openfeign/feign-slf4j/13.5/feign-slf4j-13.5.pom
2025-04-06 00:12:55,903 [Worker-24: Building] INFO  o.e.m.c.i.e.AbstractTransferListenerAdapter - Downloading https://repo.maven.apache.org/maven2/org/springframework/cloud/spring-cloud-starter-openfeign/4.2.1/spring-cloud-starter-openfeign-4.2.1.jar
2025-04-06 00:12:55,909 [Worker-24: Building] INFO  o.e.m.c.i.e.AbstractTransferListenerAdapter - Downloaded https://repo.maven.apache.org/maven2/org/springframework/cloud/spring-cloud-starter-openfeign/4.2.1/spring-cloud-starter-openfeign-4.2.1.jar
2025-04-06 00:12:55,975 [BasicRepositoryConnector-repo.maven.apache.org-0-2] INFO  o.e.m.c.i.e.AbstractTransferListenerAdapter - Downloading https://repo.maven.apache.org/maven2/org/bouncycastle/bcprov-jdk18on/1.78.1/bcprov-jdk18on-1.78.1.jar
2025-04-06 00:12:56,113 [BasicRepositoryConnector-repo.maven.apache.org-0-1] INFO  o.e.m.c.i.e.AbstractTransferListenerAdapter - Downloading https://repo.maven.apache.org/maven2/org/springframework/cloud/spring-cloud-context/4.2.1/spring-cloud-context-4.2.1.jar
2025-04-06 00:12:56,124 [BasicRepositoryConnector-repo.maven.apache.org-0-4] INFO  o.e.m.c.i.e.AbstractTransferListenerAdapter - Downloading https://repo.maven.apache.org/maven2/io/github/openfeign/feign-form-spring/13.5/feign-form-spring-13.5.jar
2025-04-06 00:12:56,125 [BasicRepositoryConnector-repo.maven.apache.org-0-3] INFO  o.e.m.c.i.e.AbstractTransferListenerAdapter - Downloading https://repo.maven.apache.org/maven2/org/springframework/cloud/spring-cloud-openfeign-core/4.2.1/spring-cloud-openfeign-core-4.2.1.jar
2025-04-06 00:12:56,143 [BasicRepositoryConnector-repo.maven.apache.org-0-4] INFO  o.e.m.c.i.e.AbstractTransferListenerAdapter - Downloaded https://repo.maven.apache.org/maven2/io/github/openfeign/feign-form-spring/13.5/feign-form-spring-13.5.jar
2025-04-06 00:12:56,163 [BasicRepositoryConnector-repo.maven.apache.org-0-0] INFO  o.e.m.c.i.e.AbstractTransferListenerAdapter - Downloading https://repo.maven.apache.org/maven2/org/springframework/cloud/spring-cloud-starter/4.2.1/spring-cloud-starter-4.2.1.jar
2025-04-06 00:12:56,173 [BasicRepositoryConnector-repo.maven.apache.org-0-0] INFO  o.e.m.c.i.e.AbstractTransferListenerAdapter - Downloaded https://repo.maven.apache.org/maven2/org/springframework/cloud/spring-cloud-starter/4.2.1/spring-cloud-starter-4.2.1.jar
2025-04-06 00:12:56,242 [BasicRepositoryConnector-repo.maven.apache.org-0-4] INFO  o.e.m.c.i.e.AbstractTransferListenerAdapter - Downloading https://repo.maven.apache.org/maven2/io/github/openfeign/feign-form/13.5/feign-form-13.5.jar
2025-04-06 00:12:56,279 [BasicRepositoryConnector-repo.maven.apache.org-0-0] INFO  o.e.m.c.i.e.AbstractTransferListenerAdapter - Downloading https://repo.maven.apache.org/maven2/commons-fileupload/commons-fileupload/1.5/commons-fileupload-1.5.jar
2025-04-06 00:12:56,298 [BasicRepositoryConnector-repo.maven.apache.org-0-1] INFO  o.e.m.c.i.e.AbstractTransferListenerAdapter - Downloaded https://repo.maven.apache.org/maven2/org/springframework/cloud/spring-cloud-context/4.2.1/spring-cloud-context-4.2.1.jar
2025-04-06 00:12:56,307 [BasicRepositoryConnector-repo.maven.apache.org-0-4] INFO  o.e.m.c.i.e.AbstractTransferListenerAdapter - Downloaded https://repo.maven.apache.org/maven2/io/github/openfeign/feign-form/13.5/feign-form-13.5.jar
2025-04-06 00:12:56,372 [BasicRepositoryConnector-repo.maven.apache.org-0-3] INFO  o.e.m.c.i.e.AbstractTransferListenerAdapter - Downloaded https://repo.maven.apache.org/maven2/org/springframework/cloud/spring-cloud-openfeign-core/4.2.1/spring-cloud-openfeign-core-4.2.1.jar
2025-04-06 00:12:56,421 [BasicRepositoryConnector-repo.maven.apache.org-0-1] INFO  o.e.m.c.i.e.AbstractTransferListenerAdapter - Downloading https://repo.maven.apache.org/maven2/org/springframework/cloud/spring-cloud-commons/4.2.1/spring-cloud-commons-4.2.1.jar
2025-04-06 00:12:56,422 [BasicRepositoryConnector-repo.maven.apache.org-0-4] INFO  o.e.m.c.i.e.AbstractTransferListenerAdapter - Downloading https://repo.maven.apache.org/maven2/org/springframework/security/spring-security-crypto/6.4.4/spring-security-crypto-6.4.4.jar
2025-04-06 00:12:56,441 [BasicRepositoryConnector-repo.maven.apache.org-0-3] INFO  o.e.m.c.i.e.AbstractTransferListenerAdapter - Downloading https://repo.maven.apache.org/maven2/io/github/openfeign/feign-core/13.5/feign-core-13.5.jar
2025-04-06 00:12:56,474 [BasicRepositoryConnector-repo.maven.apache.org-0-0] INFO  o.e.m.c.i.e.AbstractTransferListenerAdapter - Downloaded https://repo.maven.apache.org/maven2/commons-fileupload/commons-fileupload/1.5/commons-fileupload-1.5.jar
2025-04-06 00:12:56,492 [BasicRepositoryConnector-repo.maven.apache.org-0-4] INFO  o.e.m.c.i.e.AbstractTransferListenerAdapter - Downloaded https://repo.maven.apache.org/maven2/org/springframework/security/spring-security-crypto/6.4.4/spring-security-crypto-6.4.4.jar
2025-04-06 00:12:56,592 [BasicRepositoryConnector-repo.maven.apache.org-0-0] INFO  o.e.m.c.i.e.AbstractTransferListenerAdapter - Downloading https://repo.maven.apache.org/maven2/io/github/openfeign/feign-slf4j/13.5/feign-slf4j-13.5.jar
2025-04-06 00:12:56,609 [BasicRepositoryConnector-repo.maven.apache.org-0-0] INFO  o.e.m.c.i.e.AbstractTransferListenerAdapter - Downloaded https://repo.maven.apache.org/maven2/io/github/openfeign/feign-slf4j/13.5/feign-slf4j-13.5.jar
2025-04-06 00:12:56,631 [BasicRepositoryConnector-repo.maven.apache.org-0-3] INFO  o.e.m.c.i.e.AbstractTransferListenerAdapter - Downloaded https://repo.maven.apache.org/maven2/io/github/openfeign/feign-core/13.5/feign-core-13.5.jar
2025-04-06 00:12:56,699 [BasicRepositoryConnector-repo.maven.apache.org-0-1] INFO  o.e.m.c.i.e.AbstractTransferListenerAdapter - Downloaded https://repo.maven.apache.org/maven2/org/springframework/cloud/spring-cloud-commons/4.2.1/spring-cloud-commons-4.2.1.jar
2025-04-06 00:12:57,814 [BasicRepositoryConnector-repo.maven.apache.org-0-2] INFO  o.e.m.c.i.e.AbstractTransferListenerAdapter - Downloaded https://repo.maven.apache.org/maven2/org/bouncycastle/bcprov-jdk18on/1.78.1/bcprov-jdk18on-1.78.1.jar
2025-04-06 00:12:59,215 [Worker-24: Building] INFO  o.e.m.c.i.l.LifecycleMappingFactory - Using org.eclipse.m2e.jdt.JarLifecycleMapping lifecycle mapping for MavenProject: auth-service:carro-service:0.0.1-SNAPSHOT @ E:\microservicio\carro-service\pom.xml.
2025-04-06 00:13:00,546 [Worker-24: Building] INFO  o.e.m.c.i.l.LifecycleMappingFactory - Using org.eclipse.m2e.jdt.JarLifecycleMapping lifecycle mapping for MavenProject: auth-service:moto-service-1:0.0.1-SNAPSHOT @ E:\microservicio\moto-service-1\pom.xml.
2025-04-06 00:13:03,492 [Worker-26: Download sources and javadoc] INFO  o.e.m.c.i.e.AbstractTransferListenerAdapter - Downloaded https://repo.maven.apache.org/maven2/org/springframework/cloud/spring-cloud-starter-openfeign/4.2.1/spring-cloud-starter-openfeign-4.2.1-sources.jar
2025-04-06 00:13:03,499 [Worker-26: Download sources and javadoc] ERROR o.e.m.j.internal.DownloadSourcesJob - Could not download sources for org.springframework.cloud:spring-cloud-starter-openfeign:4.2.1
org.eclipse.core.runtime.CoreException: Could not resolve artifact org.springframework.cloud:spring-cloud-starter-openfeign:jar:sources:4.2.1
	at org.eclipse.m2e.core.internal.embedder.MavenImpl.lambda$7(MavenImpl.java:540)
	at org.eclipse.m2e.core.internal.embedder.MavenExecutionContext.executeBare(MavenExecutionContext.java:458)
	at org.eclipse.m2e.core.internal.embedder.MavenExecutionContext.execute(MavenExecutionContext.java:292)
	at org.eclipse.m2e.core.internal.embedder.MavenExecutionContext.execute(MavenExecutionContext.java:278)
	at org.eclipse.m2e.core.internal.embedder.MavenImpl.resolve(MavenImpl.java:509)
	at org.eclipse.m2e.core.internal.embedder.MavenImpl.resolve(MavenImpl.java:494)
	at org.eclipse.m2e.jdt.internal.DownloadSourcesJob.download(DownloadSourcesJob.java:308)
	at org.eclipse.m2e.jdt.internal.DownloadSourcesJob.downloadAttachments(DownloadSourcesJob.java:282)
	at org.eclipse.m2e.jdt.internal.DownloadSourcesJob.downloadMaven(DownloadSourcesJob.java:252)
	at org.eclipse.m2e.jdt.internal.DownloadSourcesJob.downloadFilesAndPopulateToUpdate(DownloadSourcesJob.java:220)
	at org.eclipse.m2e.jdt.internal.DownloadSourcesJob.lambda$0(DownloadSourcesJob.java:149)
	at org.eclipse.m2e.core.internal.embedder.MavenExecutionContext.executeBare(MavenExecutionContext.java:458)
	at org.eclipse.m2e.core.internal.embedder.MavenExecutionContext.execute(MavenExecutionContext.java:339)
	at org.eclipse.m2e.core.internal.embedder.MavenExecutionContext.execute(MavenExecutionContext.java:278)
	at org.eclipse.m2e.core.embedder.IMaven.execute(IMaven.java:300)
	at org.eclipse.m2e.jdt.internal.DownloadSourcesJob.run(DownloadSourcesJob.java:149)
	at org.eclipse.core.internal.jobs.Worker.run(Worker.java:63)
2025-04-06 00:13:03,880 [Worker-24: Building] INFO  o.a.m.s.f.DefaultMavenResourcesFiltering - Copying 0 resource from src\main\resources to target\classes
2025-04-06 00:13:03,881 [Worker-24: Building] INFO  o.a.m.s.f.DefaultMavenResourcesFiltering - Copying 0 resource from src\main\resources to target\classes
2025-04-06 00:13:03,897 [Worker-26: Download sources and javadoc] INFO  o.e.m.c.i.e.AbstractTransferListenerAdapter - Downloaded https://repo.maven.apache.org/maven2/org/springframework/cloud/spring-cloud-starter/4.2.1/spring-cloud-starter-4.2.1-sources.jar
2025-04-06 00:13:03,898 [Worker-24: Building] INFO  o.a.m.s.f.DefaultMavenResourcesFiltering - skip non existing resourceDirectory E:\microservicio\usuario-service\src\test\resources
2025-04-06 00:13:03,903 [Worker-26: Download sources and javadoc] ERROR o.e.m.j.internal.DownloadSourcesJob - Could not download sources for org.springframework.cloud:spring-cloud-starter:4.2.1
org.eclipse.core.runtime.CoreException: Could not resolve artifact org.springframework.cloud:spring-cloud-starter:jar:sources:4.2.1
	at org.eclipse.m2e.core.internal.embedder.MavenImpl.lambda$7(MavenImpl.java:540)
	at org.eclipse.m2e.core.internal.embedder.MavenExecutionContext.executeBare(MavenExecutionContext.java:458)
	at org.eclipse.m2e.core.internal.embedder.MavenExecutionContext.execute(MavenExecutionContext.java:292)
	at org.eclipse.m2e.core.internal.embedder.MavenExecutionContext.execute(MavenExecutionContext.java:278)
	at org.eclipse.m2e.core.internal.embedder.MavenImpl.resolve(MavenImpl.java:509)
	at org.eclipse.m2e.core.internal.embedder.MavenImpl.resolve(MavenImpl.java:494)
	at org.eclipse.m2e.jdt.internal.DownloadSourcesJob.download(DownloadSourcesJob.java:308)
	at org.eclipse.m2e.jdt.internal.DownloadSourcesJob.downloadAttachments(DownloadSourcesJob.java:282)
	at org.eclipse.m2e.jdt.internal.DownloadSourcesJob.downloadMaven(DownloadSourcesJob.java:252)
	at org.eclipse.m2e.jdt.internal.DownloadSourcesJob.downloadFilesAndPopulateToUpdate(DownloadSourcesJob.java:220)
	at org.eclipse.m2e.jdt.internal.DownloadSourcesJob.lambda$0(DownloadSourcesJob.java:149)
	at org.eclipse.m2e.core.internal.embedder.MavenExecutionContext.executeBare(MavenExecutionContext.java:458)
	at org.eclipse.m2e.core.internal.embedder.MavenExecutionContext.execute(MavenExecutionContext.java:339)
	at org.eclipse.m2e.core.internal.embedder.MavenExecutionContext.execute(MavenExecutionContext.java:278)
	at org.eclipse.m2e.core.embedder.IMaven.execute(IMaven.java:300)
	at org.eclipse.m2e.jdt.internal.DownloadSourcesJob.run(DownloadSourcesJob.java:149)
	at org.eclipse.core.internal.jobs.Worker.run(Worker.java:63)
2025-04-06 00:13:03,981 [Worker-21: Updating Maven Project] INFO  o.e.m.c.i.p.ProjectConfigurationManager - Update started
2025-04-06 00:13:04,113 [Worker-26: Download sources and javadoc] INFO  o.e.m.c.i.e.AbstractTransferListenerAdapter - Downloading https://repo.maven.apache.org/maven2/org/springframework/cloud/spring-cloud-context/4.2.1/spring-cloud-context-4.2.1-sources.jar
2025-04-06 00:13:04,199 [Worker-26: Download sources and javadoc] INFO  o.e.m.c.i.e.AbstractTransferListenerAdapter - Downloaded https://repo.maven.apache.org/maven2/org/springframework/cloud/spring-cloud-context/4.2.1/spring-cloud-context-4.2.1-sources.jar
2025-04-06 00:13:04,210 [Worker-26: Download sources and javadoc] INFO  o.e.m.j.internal.DownloadSourcesJob - Downloaded sources for org.springframework.cloud:spring-cloud-context:4.2.1
2025-04-06 00:13:07,365 [Worker-21: Updating Maven Project] INFO  o.e.m.c.i.l.LifecycleMappingFactory - Using org.eclipse.m2e.jdt.JarLifecycleMapping lifecycle mapping for MavenProject: auth-service:usuario-service:0.0.1-SNAPSHOT @ E:\microservicio\usuario-service\pom.xml.
2025-04-06 00:13:07,475 [Worker-26: Download sources and javadoc] INFO  o.e.m.c.i.e.AbstractTransferListenerAdapter - Downloading https://repo.maven.apache.org/maven2/org/bouncycastle/bcprov-jdk18on/1.78.1/bcprov-jdk18on-1.78.1-sources.jar
2025-04-06 00:13:08,369 [Worker-26: Download sources and javadoc] INFO  o.e.m.c.i.e.AbstractTransferListenerAdapter - Downloaded https://repo.maven.apache.org/maven2/org/bouncycastle/bcprov-jdk18on/1.78.1/bcprov-jdk18on-1.78.1-sources.jar
2025-04-06 00:13:08,378 [Worker-26: Download sources and javadoc] INFO  o.e.m.j.internal.DownloadSourcesJob - Downloaded sources for org.bouncycastle:bcprov-jdk18on:1.78.1
2025-04-06 00:13:08,606 [Worker-26: Download sources and javadoc] INFO  o.e.m.c.i.e.AbstractTransferListenerAdapter - Downloading https://repo.maven.apache.org/maven2/org/springframework/cloud/spring-cloud-openfeign-core/4.2.1/spring-cloud-openfeign-core-4.2.1-sources.jar
2025-04-06 00:13:08,733 [Worker-26: Download sources and javadoc] INFO  o.e.m.c.i.e.AbstractTransferListenerAdapter - Downloaded https://repo.maven.apache.org/maven2/org/springframework/cloud/spring-cloud-openfeign-core/4.2.1/spring-cloud-openfeign-core-4.2.1-sources.jar
2025-04-06 00:13:08,742 [Worker-26: Download sources and javadoc] INFO  o.e.m.j.internal.DownloadSourcesJob - Downloaded sources for org.springframework.cloud:spring-cloud-openfeign-core:4.2.1
2025-04-06 00:13:08,942 [Worker-26: Download sources and javadoc] INFO  o.e.m.c.i.e.AbstractTransferListenerAdapter - Downloading https://repo.maven.apache.org/maven2/io/github/openfeign/feign-form-spring/13.5/feign-form-spring-13.5-sources.jar
2025-04-06 00:13:08,950 [Worker-26: Download sources and javadoc] INFO  o.e.m.c.i.e.AbstractTransferListenerAdapter - Downloaded https://repo.maven.apache.org/maven2/io/github/openfeign/feign-form-spring/13.5/feign-form-spring-13.5-sources.jar
2025-04-06 00:13:08,957 [Worker-26: Download sources and javadoc] INFO  o.e.m.j.internal.DownloadSourcesJob - Downloaded sources for io.github.openfeign:feign-form-spring:13.5
2025-04-06 00:13:09,149 [Worker-26: Download sources and javadoc] INFO  o.e.m.c.i.e.AbstractTransferListenerAdapter - Downloading https://repo.maven.apache.org/maven2/io/github/openfeign/feign-form/13.5/feign-form-13.5-sources.jar
2025-04-06 00:13:09,165 [Worker-26: Download sources and javadoc] INFO  o.e.m.c.i.e.AbstractTransferListenerAdapter - Downloaded https://repo.maven.apache.org/maven2/io/github/openfeign/feign-form/13.5/feign-form-13.5-sources.jar
2025-04-06 00:13:09,174 [Worker-26: Download sources and javadoc] INFO  o.e.m.j.internal.DownloadSourcesJob - Downloaded sources for io.github.openfeign:feign-form:13.5
2025-04-06 00:13:09,326 [Worker-21: Updating Maven Project] INFO  o.e.m.j.i.AbstractJavaProjectConfigurator - Adding source folder /usuario-service/src/main/java
2025-04-06 00:13:09,327 [Worker-21: Updating Maven Project] INFO  o.e.m.j.i.AbstractJavaProjectConfigurator - Adding resource folder /usuario-service/src/main/resources
2025-04-06 00:13:09,328 [Worker-21: Updating Maven Project] INFO  o.e.m.j.i.AbstractJavaProjectConfigurator - Adding resource folder /usuario-service/src/main/resources
2025-04-06 00:13:09,328 [Worker-21: Updating Maven Project] INFO  o.e.m.j.i.AbstractJavaProjectConfigurator - Adding source folder /usuario-service/src/test/java
2025-04-06 00:13:09,329 [Worker-21: Updating Maven Project] INFO  o.e.m.j.i.AbstractJavaProjectConfigurator - Adding resource folder /usuario-service/src/test/resources
2025-04-06 00:13:09,387 [Worker-26: Download sources and javadoc] INFO  o.e.m.c.i.e.AbstractTransferListenerAdapter - Downloading https://repo.maven.apache.org/maven2/commons-fileupload/commons-fileupload/1.5/commons-fileupload-1.5-sources.jar
2025-04-06 00:13:09,522 [Worker-26: Download sources and javadoc] INFO  o.e.m.c.i.e.AbstractTransferListenerAdapter - Downloaded https://repo.maven.apache.org/maven2/commons-fileupload/commons-fileupload/1.5/commons-fileupload-1.5-sources.jar
2025-04-06 00:13:09,528 [Worker-26: Download sources and javadoc] INFO  o.e.m.j.internal.DownloadSourcesJob - Downloaded sources for commons-fileupload:commons-fileupload:1.5
2025-04-06 00:13:09,737 [Worker-26: Download sources and javadoc] INFO  o.e.m.c.i.e.AbstractTransferListenerAdapter - Downloading https://repo.maven.apache.org/maven2/org/springframework/cloud/spring-cloud-commons/4.2.1/spring-cloud-commons-4.2.1-sources.jar
2025-04-06 00:13:09,878 [Worker-26: Download sources and javadoc] INFO  o.e.m.c.i.e.AbstractTransferListenerAdapter - Downloaded https://repo.maven.apache.org/maven2/org/springframework/cloud/spring-cloud-commons/4.2.1/spring-cloud-commons-4.2.1-sources.jar
2025-04-06 00:13:09,885 [Worker-26: Download sources and javadoc] INFO  o.e.m.j.internal.DownloadSourcesJob - Downloaded sources for org.springframework.cloud:spring-cloud-commons:4.2.1
2025-04-06 00:13:10,089 [Worker-26: Download sources and javadoc] INFO  o.e.m.c.i.e.AbstractTransferListenerAdapter - Downloading https://repo.maven.apache.org/maven2/org/springframework/security/spring-security-crypto/6.4.4/spring-security-crypto-6.4.4-sources.jar
2025-04-06 00:13:10,178 [Worker-26: Download sources and javadoc] INFO  o.e.m.c.i.e.AbstractTransferListenerAdapter - Downloaded https://repo.maven.apache.org/maven2/org/springframework/security/spring-security-crypto/6.4.4/spring-security-crypto-6.4.4-sources.jar
2025-04-06 00:13:10,187 [Worker-26: Download sources and javadoc] INFO  o.e.m.j.internal.DownloadSourcesJob - Downloaded sources for org.springframework.security:spring-security-crypto:6.4.4
2025-04-06 00:13:10,245 [Worker-21: Updating Maven Project] INFO  o.e.m.c.i.p.ProjectConfigurationManager - Update completed for 1 poms: local refresh takes 0,00 sec, refresh facades takes 5,00 sec, update config takes 0,00 sec 
2025-04-06 00:13:10,456 [Worker-26: Download sources and javadoc] INFO  o.e.m.c.i.e.AbstractTransferListenerAdapter - Downloading https://repo.maven.apache.org/maven2/io/github/openfeign/feign-core/13.5/feign-core-13.5-sources.jar
2025-04-06 00:13:10,585 [Worker-26: Download sources and javadoc] INFO  o.e.m.c.i.e.AbstractTransferListenerAdapter - Downloaded https://repo.maven.apache.org/maven2/io/github/openfeign/feign-core/13.5/feign-core-13.5-sources.jar
2025-04-06 00:13:10,594 [Worker-26: Download sources and javadoc] INFO  o.e.m.j.internal.DownloadSourcesJob - Downloaded sources for io.github.openfeign:feign-core:13.5
2025-04-06 00:13:10,789 [Worker-26: Download sources and javadoc] INFO  o.e.m.c.i.e.AbstractTransferListenerAdapter - Downloading https://repo.maven.apache.org/maven2/io/github/openfeign/feign-slf4j/13.5/feign-slf4j-13.5-sources.jar
2025-04-06 00:13:10,797 [Worker-26: Download sources and javadoc] INFO  o.e.m.c.i.e.AbstractTransferListenerAdapter - Downloaded https://repo.maven.apache.org/maven2/io/github/openfeign/feign-slf4j/13.5/feign-slf4j-13.5-sources.jar
2025-04-06 00:13:10,806 [Worker-26: Download sources and javadoc] INFO  o.e.m.j.internal.DownloadSourcesJob - Downloaded sources for io.github.openfeign:feign-slf4j:13.5
2025-04-06 00:13:11,041 [Worker-25: Building] INFO  o.a.m.s.f.DefaultMavenResourcesFiltering - Copying 1 resource from src\main\resources to target\classes
2025-04-06 00:13:11,077 [Worker-25: Building] INFO  o.a.m.s.f.DefaultMavenResourcesFiltering - Copying 0 resource from src\main\resources to target\classes
2025-04-06 00:13:11,094 [Worker-25: Building] INFO  o.a.m.s.f.DefaultMavenResourcesFiltering - skip non existing resourceDirectory E:\microservicio\usuario-service\src\test\resources
2025-04-06 00:15:56,272 [Worker-27: Download sources and javadoc] INFO  o.e.m.c.i.e.AbstractTransferListenerAdapter - Downloaded https://repo.maven.apache.org/maven2/org/springframework/cloud/spring-cloud-starter-openfeign/4.2.1/spring-cloud-starter-openfeign-4.2.1-javadoc.jar
2025-04-06 00:15:56,280 [Worker-27: Download sources and javadoc] ERROR o.e.m.j.internal.DownloadSourcesJob - Could not download javadoc for org.springframework.cloud:spring-cloud-starter-openfeign:4.2.1
org.eclipse.core.runtime.CoreException: Could not resolve artifact org.springframework.cloud:spring-cloud-starter-openfeign:jar:javadoc:4.2.1
	at org.eclipse.m2e.core.internal.embedder.MavenImpl.lambda$7(MavenImpl.java:540)
	at org.eclipse.m2e.core.internal.embedder.MavenExecutionContext.executeBare(MavenExecutionContext.java:458)
	at org.eclipse.m2e.core.internal.embedder.MavenExecutionContext.execute(MavenExecutionContext.java:292)
	at org.eclipse.m2e.core.internal.embedder.MavenExecutionContext.execute(MavenExecutionContext.java:278)
	at org.eclipse.m2e.core.internal.embedder.MavenImpl.resolve(MavenImpl.java:509)
	at org.eclipse.m2e.core.internal.embedder.MavenImpl.resolve(MavenImpl.java:494)
	at org.eclipse.m2e.jdt.internal.DownloadSourcesJob.download(DownloadSourcesJob.java:308)
	at org.eclipse.m2e.jdt.internal.DownloadSourcesJob.downloadAttachments(DownloadSourcesJob.java:294)
	at org.eclipse.m2e.jdt.internal.DownloadSourcesJob.downloadMaven(DownloadSourcesJob.java:252)
	at org.eclipse.m2e.jdt.internal.DownloadSourcesJob.downloadFilesAndPopulateToUpdate(DownloadSourcesJob.java:220)
	at org.eclipse.m2e.jdt.internal.DownloadSourcesJob.lambda$0(DownloadSourcesJob.java:149)
	at org.eclipse.m2e.core.internal.embedder.MavenExecutionContext.executeBare(MavenExecutionContext.java:458)
	at org.eclipse.m2e.core.internal.embedder.MavenExecutionContext.execute(MavenExecutionContext.java:339)
	at org.eclipse.m2e.core.internal.embedder.MavenExecutionContext.execute(MavenExecutionContext.java:278)
	at org.eclipse.m2e.core.embedder.IMaven.execute(IMaven.java:300)
	at org.eclipse.m2e.jdt.internal.DownloadSourcesJob.run(DownloadSourcesJob.java:149)
	at org.eclipse.core.internal.jobs.Worker.run(Worker.java:63)
2025-04-06 00:15:56,490 [Worker-27: Download sources and javadoc] INFO  o.e.m.c.i.e.AbstractTransferListenerAdapter - Downloading https://repo.maven.apache.org/maven2/org/springframework/cloud/spring-cloud-starter/4.2.1/spring-cloud-starter-4.2.1-javadoc.jar
2025-04-06 00:15:56,504 [Worker-27: Download sources and javadoc] INFO  o.e.m.c.i.e.AbstractTransferListenerAdapter - Downloaded https://repo.maven.apache.org/maven2/org/springframework/cloud/spring-cloud-starter/4.2.1/spring-cloud-starter-4.2.1-javadoc.jar
2025-04-06 00:15:56,515 [Worker-27: Download sources and javadoc] INFO  o.e.m.j.internal.DownloadSourcesJob - Downloaded javadoc for org.springframework.cloud:spring-cloud-starter:4.2.1
2025-04-06 00:17:32,315 [Worker-28: Building] INFO  o.a.m.s.f.DefaultMavenResourcesFiltering - Copying 1 resource from src\main\resources to target\classes
2025-04-06 00:17:32,325 [Worker-28: Building] INFO  o.a.m.s.f.DefaultMavenResourcesFiltering - Copying 0 resource from src\main\resources to target\classes
2025-04-06 00:17:32,330 [Worker-28: Building] INFO  o.a.m.s.f.DefaultMavenResourcesFiltering - skip non existing resourceDirectory E:\microservicio\usuario-service\src\test\resources
2025-04-06 00:19:02,608 [Worker-27: Building] INFO  o.a.m.s.f.DefaultMavenResourcesFiltering - Copying 1 resource from src\main\resources to target\classes
2025-04-06 00:19:02,619 [Worker-27: Building] INFO  o.a.m.s.f.DefaultMavenResourcesFiltering - Copying 0 resource from src\main\resources to target\classes
2025-04-06 00:19:02,623 [Worker-27: Building] INFO  o.a.m.s.f.DefaultMavenResourcesFiltering - skip non existing resourceDirectory E:\microservicio\usuario-service\src\test\resources
2025-04-06 00:19:14,795 [Worker-29: Launching usuario-service - UsuarioServiceApplication] INFO  o.a.m.s.f.DefaultMavenResourcesFiltering - Copying 1 resource from src\main\resources to target\classes
2025-04-06 00:19:14,805 [Worker-29: Launching usuario-service - UsuarioServiceApplication] INFO  o.a.m.s.f.DefaultMavenResourcesFiltering - Copying 0 resource from src\main\resources to target\classes
2025-04-06 00:19:14,810 [Worker-29: Launching usuario-service - UsuarioServiceApplication] INFO  o.a.m.s.f.DefaultMavenResourcesFiltering - skip non existing resourceDirectory E:\microservicio\usuario-service\src\test\resources
2025-04-06 00:20:34,106 [Worker-24: Building] INFO  o.a.m.s.f.DefaultMavenResourcesFiltering - Copying 1 resource from src\main\resources to target\classes
2025-04-06 00:20:34,112 [Worker-24: Building] INFO  o.a.m.s.f.DefaultMavenResourcesFiltering - Copying 0 resource from src\main\resources to target\classes
2025-04-06 00:20:34,118 [Worker-24: Building] INFO  o.a.m.s.f.DefaultMavenResourcesFiltering - skip non existing resourceDirectory E:\microservicio\usuario-service\src\test\resources
2025-04-06 00:21:50,588 [Worker-1: Building] INFO  o.a.m.s.f.DefaultMavenResourcesFiltering - Copying 1 resource from src\main\resources to target\classes
2025-04-06 00:21:50,594 [Worker-1: Building] INFO  o.a.m.s.f.DefaultMavenResourcesFiltering - Copying 0 resource from src\main\resources to target\classes
2025-04-06 00:21:50,599 [Worker-1: Building] INFO  o.a.m.s.f.DefaultMavenResourcesFiltering - skip non existing resourceDirectory E:\microservicio\usuario-service\src\test\resources
2025-04-06 00:23:18,606 [Worker-24: Building] INFO  o.a.m.s.f.DefaultMavenResourcesFiltering - Copying 1 resource from src\main\resources to target\classes
2025-04-06 00:23:18,613 [Worker-24: Building] INFO  o.a.m.s.f.DefaultMavenResourcesFiltering - Copying 0 resource from src\main\resources to target\classes
2025-04-06 00:23:18,617 [Worker-24: Building] INFO  o.a.m.s.f.DefaultMavenResourcesFiltering - skip non existing resourceDirectory E:\microservicio\usuario-service\src\test\resources
2025-04-06 00:24:37,807 [Worker-29: Building] INFO  o.a.m.s.f.DefaultMavenResourcesFiltering - Copying 1 resource from src\main\resources to target\classes
2025-04-06 00:24:37,814 [Worker-29: Building] INFO  o.a.m.s.f.DefaultMavenResourcesFiltering - Copying 0 resource from src\main\resources to target\classes
2025-04-06 00:24:37,818 [Worker-29: Building] INFO  o.a.m.s.f.DefaultMavenResourcesFiltering - skip non existing resourceDirectory E:\microservicio\usuario-service\src\test\resources
2025-04-06 00:24:49,150 [Worker-25: Building] INFO  o.a.m.s.f.DefaultMavenResourcesFiltering - Copying 1 resource from src\main\resources to target\classes
2025-04-06 00:24:49,155 [Worker-25: Building] INFO  o.a.m.s.f.DefaultMavenResourcesFiltering - Copying 0 resource from src\main\resources to target\classes
2025-04-06 00:24:49,160 [Worker-25: Building] INFO  o.a.m.s.f.DefaultMavenResourcesFiltering - skip non existing resourceDirectory E:\microservicio\usuario-service\src\test\resources
2025-04-06 00:25:10,522 [Worker-28: Building] INFO  o.a.m.s.f.DefaultMavenResourcesFiltering - Copying 1 resource from src\main\resources to target\classes
2025-04-06 00:25:10,531 [Worker-28: Building] INFO  o.a.m.s.f.DefaultMavenResourcesFiltering - Copying 0 resource from src\main\resources to target\classes
2025-04-06 00:25:10,535 [Worker-28: Building] INFO  o.a.m.s.f.DefaultMavenResourcesFiltering - skip non existing resourceDirectory E:\microservicio\usuario-service\src\test\resources
2025-04-06 00:26:34,396 [Worker-25: Building] INFO  o.a.m.s.f.DefaultMavenResourcesFiltering - Copying 1 resource from src\main\resources to target\classes
2025-04-06 00:26:34,403 [Worker-25: Building] INFO  o.a.m.s.f.DefaultMavenResourcesFiltering - Copying 0 resource from src\main\resources to target\classes
2025-04-06 00:26:34,406 [Worker-25: Building] INFO  o.a.m.s.f.DefaultMavenResourcesFiltering - skip non existing resourceDirectory E:\microservicio\usuario-service\src\test\resources
2025-04-06 00:26:41,753 [Worker-21: Building] INFO  o.a.m.s.f.DefaultMavenResourcesFiltering - Copying 1 resource from src\main\resources to target\classes
2025-04-06 00:26:41,761 [Worker-21: Building] INFO  o.a.m.s.f.DefaultMavenResourcesFiltering - Copying 0 resource from src\main\resources to target\classes
2025-04-06 00:26:41,764 [Worker-21: Building] INFO  o.a.m.s.f.DefaultMavenResourcesFiltering - skip non existing resourceDirectory E:\microservicio\usuario-service\src\test\resources
2025-04-08 11:58:26,868 [Worker-1: Loading available Gradle versions] INFO  o.e.b.c.i.u.g.PublishedGradleVersions - Gradle version information cache is out-of-date. Trying to update.
2025-04-08 12:05:09,862 [Worker-1: Building] INFO  o.a.m.s.f.DefaultMavenResourcesFiltering - Copying 1 resource from src\main\resources to target\classes
2025-04-08 12:05:09,905 [Worker-1: Building] INFO  o.a.m.s.f.DefaultMavenResourcesFiltering - Copying 0 resource from src\main\resources to target\classes
2025-04-08 12:05:09,913 [Worker-1: Building] INFO  o.a.m.s.f.DefaultMavenResourcesFiltering - skip non existing resourceDirectory E:\microservicio\usuario-service\src\test\resources
2025-04-08 12:05:14,728 [Worker-11: Building] INFO  o.a.m.s.f.DefaultMavenResourcesFiltering - Copying 1 resource from src\main\resources to target\classes
2025-04-08 12:05:14,737 [Worker-11: Building] INFO  o.a.m.s.f.DefaultMavenResourcesFiltering - Copying 0 resource from src\main\resources to target\classes
2025-04-08 12:05:14,745 [Worker-11: Building] INFO  o.a.m.s.f.DefaultMavenResourcesFiltering - skip non existing resourceDirectory E:\microservicio\usuario-service\src\test\resources
2025-04-08 12:12:04,132 [Worker-15: Building] INFO  o.a.m.s.f.DefaultMavenResourcesFiltering - Copying 1 resource from src\main\resources to target\classes
2025-04-08 12:12:04,143 [Worker-15: Building] INFO  o.a.m.s.f.DefaultMavenResourcesFiltering - Copying 0 resource from src\main\resources to target\classes
2025-04-08 12:12:04,151 [Worker-15: Building] INFO  o.a.m.s.f.DefaultMavenResourcesFiltering - skip non existing resourceDirectory E:\microservicio\usuario-service\src\test\resources
2025-04-08 12:16:15,124 [Worker-19: Building] INFO  o.a.m.s.f.DefaultMavenResourcesFiltering - Copying 1 resource from src\main\resources to target\classes
2025-04-08 12:16:15,133 [Worker-19: Building] INFO  o.a.m.s.f.DefaultMavenResourcesFiltering - Copying 0 resource from src\main\resources to target\classes
2025-04-08 12:16:15,139 [Worker-19: Building] INFO  o.a.m.s.f.DefaultMavenResourcesFiltering - skip non existing resourceDirectory E:\microservicio\usuario-service\src\test\resources
2025-04-08 12:45:54,223 [Worker-20: Building] INFO  o.a.m.s.f.DefaultMavenResourcesFiltering - Copying 1 resource from src\main\resources to target\classes
2025-04-08 12:45:54,271 [Worker-20: Building] INFO  o.a.m.s.f.DefaultMavenResourcesFiltering - Copying 0 resource from src\main\resources to target\classes
2025-04-08 12:45:54,277 [Worker-20: Building] INFO  o.a.m.s.f.DefaultMavenResourcesFiltering - skip non existing resourceDirectory E:\microservicio\usuario-service\src\test\resources
2025-04-08 12:47:35,503 [Worker-19: Building] INFO  o.a.m.s.f.DefaultMavenResourcesFiltering - Copying 1 resource from src\main\resources to target\classes
2025-04-08 12:47:35,533 [Worker-19: Building] INFO  o.a.m.s.f.DefaultMavenResourcesFiltering - Copying 0 resource from src\main\resources to target\classes
2025-04-08 12:47:35,539 [Worker-19: Building] INFO  o.a.m.s.f.DefaultMavenResourcesFiltering - skip non existing resourceDirectory E:\microservicio\usuario-service\src\test\resources
2025-04-08 12:51:46,885 [Worker-23: Building] INFO  o.a.m.s.f.DefaultMavenResourcesFiltering - Copying 1 resource from src\main\resources to target\classes
2025-04-08 12:51:46,968 [Worker-23: Building] INFO  o.a.m.s.f.DefaultMavenResourcesFiltering - Copying 0 resource from src\main\resources to target\classes
2025-04-08 12:51:46,986 [Worker-23: Building] INFO  o.a.m.s.f.DefaultMavenResourcesFiltering - skip non existing resourceDirectory E:\microservicio\usuario-service\src\test\resources
2025-04-08 12:53:42,608 [Worker-19: Building] INFO  o.a.m.s.f.DefaultMavenResourcesFiltering - Copying 1 resource from src\main\resources to target\classes
2025-04-08 12:53:42,628 [Worker-19: Building] INFO  o.a.m.s.f.DefaultMavenResourcesFiltering - Copying 0 resource from src\main\resources to target\classes
2025-04-08 12:53:42,636 [Worker-19: Building] INFO  o.a.m.s.f.DefaultMavenResourcesFiltering - skip non existing resourceDirectory E:\microservicio\usuario-service\src\test\resources
2025-04-08 12:55:21,050 [Worker-22: Building] INFO  o.a.m.s.f.DefaultMavenResourcesFiltering - Copying 1 resource from src\main\resources to target\classes
2025-04-08 12:55:21,057 [Worker-22: Building] INFO  o.a.m.s.f.DefaultMavenResourcesFiltering - Copying 0 resource from src\main\resources to target\classes
2025-04-08 12:55:21,067 [Worker-22: Building] INFO  o.a.m.s.f.DefaultMavenResourcesFiltering - skip non existing resourceDirectory E:\microservicio\usuario-service\src\test\resources
2025-04-08 12:56:22,269 [Worker-19: Building] INFO  o.a.m.s.f.DefaultMavenResourcesFiltering - Copying 1 resource from src\main\resources to target\classes
2025-04-08 12:56:22,276 [Worker-19: Building] INFO  o.a.m.s.f.DefaultMavenResourcesFiltering - Copying 0 resource from src\main\resources to target\classes
2025-04-08 12:56:22,282 [Worker-19: Building] INFO  o.a.m.s.f.DefaultMavenResourcesFiltering - skip non existing resourceDirectory E:\microservicio\usuario-service\src\test\resources
2025-04-08 12:56:49,357 [Worker-19: Building] INFO  o.a.m.s.f.DefaultMavenResourcesFiltering - Copying 1 resource from src\main\resources to target\classes
2025-04-08 12:56:49,364 [Worker-19: Building] INFO  o.a.m.s.f.DefaultMavenResourcesFiltering - Copying 0 resource from src\main\resources to target\classes
2025-04-08 12:56:49,368 [Worker-19: Building] INFO  o.a.m.s.f.DefaultMavenResourcesFiltering - skip non existing resourceDirectory E:\microservicio\usuario-service\src\test\resources
2025-04-08 12:57:30,440 [Worker-14: Building] INFO  o.a.m.s.f.DefaultMavenResourcesFiltering - Copying 1 resource from src\main\resources to target\classes
2025-04-08 12:57:30,446 [Worker-14: Building] INFO  o.a.m.s.f.DefaultMavenResourcesFiltering - Copying 0 resource from src\main\resources to target\classes
2025-04-08 12:57:30,452 [Worker-14: Building] INFO  o.a.m.s.f.DefaultMavenResourcesFiltering - skip non existing resourceDirectory E:\microservicio\usuario-service\src\test\resources
2025-04-08 12:59:30,146 [Worker-22: Building] INFO  o.a.m.s.f.DefaultMavenResourcesFiltering - Copying 1 resource from src\main\resources to target\classes
2025-04-08 12:59:30,152 [Worker-22: Building] INFO  o.a.m.s.f.DefaultMavenResourcesFiltering - Copying 0 resource from src\main\resources to target\classes
2025-04-08 12:59:30,157 [Worker-22: Building] INFO  o.a.m.s.f.DefaultMavenResourcesFiltering - skip non existing resourceDirectory E:\microservicio\usuario-service\src\test\resources
2025-04-08 12:59:42,417 [Worker-19: Building] INFO  o.a.m.s.f.DefaultMavenResourcesFiltering - Copying 1 resource from src\main\resources to target\classes
2025-04-08 12:59:42,426 [Worker-19: Building] INFO  o.a.m.s.f.DefaultMavenResourcesFiltering - Copying 0 resource from src\main\resources to target\classes
2025-04-08 12:59:42,431 [Worker-19: Building] INFO  o.a.m.s.f.DefaultMavenResourcesFiltering - skip non existing resourceDirectory E:\microservicio\usuario-service\src\test\resources
2025-04-08 13:01:20,143 [Worker-14: Building] INFO  o.a.m.s.f.DefaultMavenResourcesFiltering - Copying 1 resource from src\main\resources to target\classes
2025-04-08 13:01:20,150 [Worker-14: Building] INFO  o.a.m.s.f.DefaultMavenResourcesFiltering - Copying 0 resource from src\main\resources to target\classes
2025-04-08 13:01:20,158 [Worker-14: Building] INFO  o.a.m.s.f.DefaultMavenResourcesFiltering - skip non existing resourceDirectory E:\microservicio\usuario-service\src\test\resources
2025-04-08 13:08:49,097 [Worker-14: Building] INFO  o.a.m.s.f.DefaultMavenResourcesFiltering - Copying 1 resource from src\main\resources to target\classes
2025-04-08 13:08:49,107 [Worker-14: Building] INFO  o.a.m.s.f.DefaultMavenResourcesFiltering - Copying 0 resource from src\main\resources to target\classes
2025-04-08 13:08:49,112 [Worker-14: Building] INFO  o.a.m.s.f.DefaultMavenResourcesFiltering - skip non existing resourceDirectory E:\microservicio\usuario-service\src\test\resources
2025-04-08 13:09:23,147 [Worker-19: Building] INFO  o.a.m.s.f.DefaultMavenResourcesFiltering - Copying 1 resource from src\main\resources to target\classes
2025-04-08 13:09:23,155 [Worker-19: Building] INFO  o.a.m.s.f.DefaultMavenResourcesFiltering - Copying 0 resource from src\main\resources to target\classes
2025-04-08 13:09:23,160 [Worker-19: Building] INFO  o.a.m.s.f.DefaultMavenResourcesFiltering - skip non existing resourceDirectory E:\microservicio\usuario-service\src\test\resources
2025-04-08 13:09:36,625 [Worker-24: Building] INFO  o.a.m.s.f.DefaultMavenResourcesFiltering - Copying 1 resource from src\main\resources to target\classes
2025-04-08 13:09:36,630 [Worker-24: Building] INFO  o.a.m.s.f.DefaultMavenResourcesFiltering - Copying 0 resource from src\main\resources to target\classes
2025-04-08 13:09:36,634 [Worker-24: Building] INFO  o.a.m.s.f.DefaultMavenResourcesFiltering - skip non existing resourceDirectory E:\microservicio\usuario-service\src\test\resources
2025-04-08 13:13:52,174 [Worker-25: Building] INFO  o.a.m.s.f.DefaultMavenResourcesFiltering - Copying 1 resource from src\main\resources to target\classes
2025-04-08 13:13:52,185 [Worker-25: Building] INFO  o.a.m.s.f.DefaultMavenResourcesFiltering - Copying 0 resource from src\main\resources to target\classes
2025-04-08 13:13:52,198 [Worker-25: Building] INFO  o.a.m.s.f.DefaultMavenResourcesFiltering - skip non existing resourceDirectory E:\microservicio\usuario-service\src\test\resources
2025-04-08 13:18:54,358 [Worker-25: Building] INFO  o.a.m.s.f.DefaultMavenResourcesFiltering - Copying 1 resource from src\main\resources to target\classes
2025-04-08 13:18:54,367 [Worker-25: Building] INFO  o.a.m.s.f.DefaultMavenResourcesFiltering - Copying 0 resource from src\main\resources to target\classes
2025-04-08 13:18:54,373 [Worker-25: Building] INFO  o.a.m.s.f.DefaultMavenResourcesFiltering - skip non existing resourceDirectory E:\microservicio\usuario-service\src\test\resources
2025-04-08 13:32:15,653 [Worker-25: Building] INFO  o.a.m.s.f.DefaultMavenResourcesFiltering - Copying 1 resource from src\main\resources to target\classes
2025-04-08 13:32:15,659 [Worker-25: Building] INFO  o.a.m.s.f.DefaultMavenResourcesFiltering - Copying 0 resource from src\main\resources to target\classes
2025-04-08 13:32:15,664 [Worker-25: Building] INFO  o.a.m.s.f.DefaultMavenResourcesFiltering - skip non existing resourceDirectory E:\microservicio\usuario-service\src\test\resources
2025-04-08 22:03:32,608 [Worker-0: Loading available Gradle versions] INFO  o.e.b.c.i.u.g.PublishedGradleVersions - Gradle version information cache is up-to-date. Trying to read.
2025-04-08 22:49:37,319 [Worker-7: Launching usuario-service - UsuarioServiceApplication] INFO  o.a.m.s.f.DefaultMavenResourcesFiltering - Copying 1 resource from src\main\resources to target\classes
2025-04-08 22:49:37,357 [Worker-7: Launching usuario-service - UsuarioServiceApplication] INFO  o.a.m.s.f.DefaultMavenResourcesFiltering - Copying 0 resource from src\main\resources to target\classes
2025-04-08 22:49:37,367 [Worker-7: Launching usuario-service - UsuarioServiceApplication] INFO  o.a.m.s.f.DefaultMavenResourcesFiltering - skip non existing resourceDirectory E:\microservicio\usuario-service\src\test\resources
2025-04-08 22:51:40,708 [Worker-15: Building] INFO  o.a.m.s.f.DefaultMavenResourcesFiltering - Copying 1 resource from src\main\resources to target\classes
2025-04-08 22:51:40,735 [Worker-15: Building] INFO  o.a.m.s.f.DefaultMavenResourcesFiltering - Copying 0 resource from src\main\resources to target\classes
2025-04-08 22:51:40,742 [Worker-15: Building] INFO  o.a.m.s.f.DefaultMavenResourcesFiltering - skip non existing resourceDirectory E:\microservicio\usuario-service\src\test\resources
2025-04-08 22:51:51,128 [Worker-2: Building] INFO  o.a.m.s.f.DefaultMavenResourcesFiltering - Copying 1 resource from src\main\resources to target\classes
2025-04-08 22:51:51,138 [Worker-2: Building] INFO  o.a.m.s.f.DefaultMavenResourcesFiltering - Copying 0 resource from src\main\resources to target\classes
2025-04-08 22:51:51,145 [Worker-2: Building] INFO  o.a.m.s.f.DefaultMavenResourcesFiltering - skip non existing resourceDirectory E:\microservicio\usuario-service\src\test\resources
2025-04-08 22:51:56,806 [Worker-2: Building] INFO  o.a.m.s.f.DefaultMavenResourcesFiltering - Copying 1 resource from src\main\resources to target\classes
2025-04-08 22:51:56,813 [Worker-2: Building] INFO  o.a.m.s.f.DefaultMavenResourcesFiltering - Copying 0 resource from src\main\resources to target\classes
2025-04-08 22:51:56,821 [Worker-2: Building] INFO  o.a.m.s.f.DefaultMavenResourcesFiltering - skip non existing resourceDirectory E:\microservicio\usuario-service\src\test\resources
2025-04-08 22:53:22,608 [Worker-15: Building] INFO  o.a.m.s.f.DefaultMavenResourcesFiltering - Copying 1 resource from src\main\resources to target\classes
2025-04-08 22:53:22,617 [Worker-15: Building] INFO  o.a.m.s.f.DefaultMavenResourcesFiltering - Copying 0 resource from src\main\resources to target\classes
2025-04-08 22:53:22,624 [Worker-15: Building] INFO  o.a.m.s.f.DefaultMavenResourcesFiltering - skip non existing resourceDirectory E:\microservicio\usuario-service\src\test\resources
2025-04-08 23:58:16,566 [Worker-0: Import Getting Started Content] INFO  o.e.m.c.i.l.LifecycleMappingFactory - Using org.eclipse.m2e.jdt.JarLifecycleMapping lifecycle mapping for MavenProject: com.config.service:config-service:1.0 @ E:\microservicio\config-service\pom.xml.
2025-04-08 23:58:17,254 [Worker-0: Import Getting Started Content] INFO  o.e.m.c.i.e.AbstractTransferListenerAdapter - Downloading https://repo.maven.apache.org/maven2/org/springframework/cloud/spring-cloud-config-server/4.2.1/spring-cloud-config-server-4.2.1.pom
2025-04-08 23:58:17,290 [Worker-0: Import Getting Started Content] INFO  o.e.m.c.i.e.AbstractTransferListenerAdapter - Downloaded https://repo.maven.apache.org/maven2/org/springframework/cloud/spring-cloud-config-server/4.2.1/spring-cloud-config-server-4.2.1.pom
2025-04-08 23:58:17,377 [Worker-0: Import Getting Started Content] INFO  o.e.m.c.i.e.AbstractTransferListenerAdapter - Downloading https://repo.maven.apache.org/maven2/org/springframework/cloud/spring-cloud-config/4.2.1/spring-cloud-config-4.2.1.pom
2025-04-08 23:58:17,390 [Worker-0: Import Getting Started Content] INFO  o.e.m.c.i.e.AbstractTransferListenerAdapter - Downloaded https://repo.maven.apache.org/maven2/org/springframework/cloud/spring-cloud-config/4.2.1/spring-cloud-config-4.2.1.pom
2025-04-08 23:58:17,696 [Worker-0: Import Getting Started Content] INFO  o.e.m.c.i.e.AbstractTransferListenerAdapter - Downloading https://repo.maven.apache.org/maven2/org/springframework/cloud/spring-cloud-config-client/4.2.1/spring-cloud-config-client-4.2.1.pom
2025-04-08 23:58:17,709 [Worker-0: Import Getting Started Content] INFO  o.e.m.c.i.e.AbstractTransferListenerAdapter - Downloaded https://repo.maven.apache.org/maven2/org/springframework/cloud/spring-cloud-config-client/4.2.1/spring-cloud-config-client-4.2.1.pom
2025-04-08 23:58:18,094 [Worker-0: Import Getting Started Content] INFO  o.e.m.c.i.e.AbstractTransferListenerAdapter - Downloading https://repo.maven.apache.org/maven2/org/apache/httpcomponents/client5/httpclient5/5.4.2/httpclient5-5.4.2.pom
2025-04-08 23:58:18,109 [Worker-0: Import Getting Started Content] INFO  o.e.m.c.i.e.AbstractTransferListenerAdapter - Downloaded https://repo.maven.apache.org/maven2/org/apache/httpcomponents/client5/httpclient5/5.4.2/httpclient5-5.4.2.pom
2025-04-08 23:58:18,184 [Worker-0: Import Getting Started Content] INFO  o.e.m.c.i.e.AbstractTransferListenerAdapter - Downloading https://repo.maven.apache.org/maven2/org/apache/httpcomponents/client5/httpclient5-parent/5.4.2/httpclient5-parent-5.4.2.pom
2025-04-08 23:58:18,199 [Worker-0: Import Getting Started Content] INFO  o.e.m.c.i.e.AbstractTransferListenerAdapter - Downloaded https://repo.maven.apache.org/maven2/org/apache/httpcomponents/client5/httpclient5-parent/5.4.2/httpclient5-parent-5.4.2.pom
2025-04-08 23:58:18,415 [Worker-0: Import Getting Started Content] INFO  o.e.m.c.i.e.AbstractTransferListenerAdapter - Downloading https://repo.maven.apache.org/maven2/org/apache/httpcomponents/core5/httpcore5/5.3.3/httpcore5-5.3.3.pom
2025-04-08 23:58:18,428 [Worker-0: Import Getting Started Content] INFO  o.e.m.c.i.e.AbstractTransferListenerAdapter - Downloaded https://repo.maven.apache.org/maven2/org/apache/httpcomponents/core5/httpcore5/5.3.3/httpcore5-5.3.3.pom
2025-04-08 23:58:18,499 [Worker-0: Import Getting Started Content] INFO  o.e.m.c.i.e.AbstractTransferListenerAdapter - Downloading https://repo.maven.apache.org/maven2/org/apache/httpcomponents/core5/httpcore5-parent/5.3.3/httpcore5-parent-5.3.3.pom
2025-04-08 23:58:18,516 [Worker-0: Import Getting Started Content] INFO  o.e.m.c.i.e.AbstractTransferListenerAdapter - Downloaded https://repo.maven.apache.org/maven2/org/apache/httpcomponents/core5/httpcore5-parent/5.3.3/httpcore5-parent-5.3.3.pom
2025-04-08 23:58:18,588 [Worker-0: Import Getting Started Content] INFO  o.e.m.c.i.e.AbstractTransferListenerAdapter - Downloading https://repo.maven.apache.org/maven2/org/apache/httpcomponents/core5/httpcore5-h2/5.3.3/httpcore5-h2-5.3.3.pom
2025-04-08 23:58:18,599 [Worker-0: Import Getting Started Content] INFO  o.e.m.c.i.e.AbstractTransferListenerAdapter - Downloaded https://repo.maven.apache.org/maven2/org/apache/httpcomponents/core5/httpcore5-h2/5.3.3/httpcore5-h2-5.3.3.pom
2025-04-08 23:58:20,846 [Worker-0: Import Getting Started Content] INFO  o.e.m.c.i.e.AbstractTransferListenerAdapter - Downloading https://repo.maven.apache.org/maven2/org/springframework/boot/spring-boot-starter-validation/3.4.4/spring-boot-starter-validation-3.4.4.pom
2025-04-08 23:58:20,866 [Worker-0: Import Getting Started Content] INFO  o.e.m.c.i.e.AbstractTransferListenerAdapter - Downloaded https://repo.maven.apache.org/maven2/org/springframework/boot/spring-boot-starter-validation/3.4.4/spring-boot-starter-validation-3.4.4.pom
2025-04-08 23:58:21,307 [Worker-0: Import Getting Started Content] INFO  o.e.m.c.i.e.AbstractTransferListenerAdapter - Downloading https://repo.maven.apache.org/maven2/org/eclipse/jgit/org.eclipse.jgit/6.10.0.202406032230-r/org.eclipse.jgit-6.10.0.202406032230-r.pom
2025-04-08 23:58:21,319 [Worker-0: Import Getting Started Content] INFO  o.e.m.c.i.e.AbstractTransferListenerAdapter - Downloaded https://repo.maven.apache.org/maven2/org/eclipse/jgit/org.eclipse.jgit/6.10.0.202406032230-r/org.eclipse.jgit-6.10.0.202406032230-r.pom
2025-04-08 23:58:21,389 [Worker-0: Import Getting Started Content] INFO  o.e.m.c.i.e.AbstractTransferListenerAdapter - Downloading https://repo.maven.apache.org/maven2/org/eclipse/jgit/org.eclipse.jgit-parent/6.10.0.202406032230-r/org.eclipse.jgit-parent-6.10.0.202406032230-r.pom
2025-04-08 23:58:21,427 [Worker-0: Import Getting Started Content] INFO  o.e.m.c.i.e.AbstractTransferListenerAdapter - Downloaded https://repo.maven.apache.org/maven2/org/eclipse/jgit/org.eclipse.jgit-parent/6.10.0.202406032230-r/org.eclipse.jgit-parent-6.10.0.202406032230-r.pom
2025-04-08 23:58:21,497 [Worker-0: Import Getting Started Content] INFO  o.e.m.c.i.e.AbstractTransferListenerAdapter - Downloading https://repo.maven.apache.org/maven2/com/googlecode/javaewah/JavaEWAH/1.2.3/JavaEWAH-1.2.3.pom
2025-04-08 23:58:21,504 [Worker-0: Import Getting Started Content] INFO  o.e.m.c.i.e.AbstractTransferListenerAdapter - Downloaded https://repo.maven.apache.org/maven2/com/googlecode/javaewah/JavaEWAH/1.2.3/JavaEWAH-1.2.3.pom
2025-04-08 23:58:21,633 [Worker-0: Import Getting Started Content] INFO  o.e.m.c.i.e.AbstractTransferListenerAdapter - Downloading https://repo.maven.apache.org/maven2/commons-codec/commons-codec/1.17.2/commons-codec-1.17.2.pom
2025-04-08 23:58:21,656 [Worker-0: Import Getting Started Content] INFO  o.e.m.c.i.e.AbstractTransferListenerAdapter - Downloaded https://repo.maven.apache.org/maven2/commons-codec/commons-codec/1.17.2/commons-codec-1.17.2.pom
2025-04-08 23:58:21,731 [Worker-0: Import Getting Started Content] INFO  o.e.m.c.i.e.AbstractTransferListenerAdapter - Downloading https://repo.maven.apache.org/maven2/org/apache/commons/commons-parent/78/commons-parent-78.pom
2025-04-08 23:58:21,767 [Worker-0: Import Getting Started Content] INFO  o.e.m.c.i.e.AbstractTransferListenerAdapter - Downloaded https://repo.maven.apache.org/maven2/org/apache/commons/commons-parent/78/commons-parent-78.pom
2025-04-08 23:58:21,844 [Worker-0: Import Getting Started Content] INFO  o.e.m.c.i.e.AbstractTransferListenerAdapter - Downloading https://repo.maven.apache.org/maven2/org/eclipse/jgit/org.eclipse.jgit.http.apache/6.10.0.202406032230-r/org.eclipse.jgit.http.apache-6.10.0.202406032230-r.pom
2025-04-08 23:58:21,852 [Worker-0: Import Getting Started Content] INFO  o.e.m.c.i.e.AbstractTransferListenerAdapter - Downloaded https://repo.maven.apache.org/maven2/org/eclipse/jgit/org.eclipse.jgit.http.apache/6.10.0.202406032230-r/org.eclipse.jgit.http.apache-6.10.0.202406032230-r.pom
2025-04-08 23:58:21,925 [Worker-0: Import Getting Started Content] INFO  o.e.m.c.i.e.AbstractTransferListenerAdapter - Downloading https://repo.maven.apache.org/maven2/org/apache/httpcomponents/httpclient/4.5.14/httpclient-4.5.14.pom
2025-04-08 23:58:21,946 [Worker-0: Import Getting Started Content] INFO  o.e.m.c.i.e.AbstractTransferListenerAdapter - Downloaded https://repo.maven.apache.org/maven2/org/apache/httpcomponents/httpclient/4.5.14/httpclient-4.5.14.pom
2025-04-08 23:58:22,018 [Worker-0: Import Getting Started Content] INFO  o.e.m.c.i.e.AbstractTransferListenerAdapter - Downloading https://repo.maven.apache.org/maven2/org/apache/httpcomponents/httpcomponents-client/4.5.14/httpcomponents-client-4.5.14.pom
2025-04-08 23:58:22,033 [Worker-0: Import Getting Started Content] INFO  o.e.m.c.i.e.AbstractTransferListenerAdapter - Downloaded https://repo.maven.apache.org/maven2/org/apache/httpcomponents/httpcomponents-client/4.5.14/httpcomponents-client-4.5.14.pom
2025-04-08 23:58:22,104 [Worker-0: Import Getting Started Content] INFO  o.e.m.c.i.e.AbstractTransferListenerAdapter - Downloading https://repo.maven.apache.org/maven2/org/apache/httpcomponents/httpcomponents-parent/11/httpcomponents-parent-11.pom
2025-04-08 23:58:22,132 [Worker-0: Import Getting Started Content] INFO  o.e.m.c.i.e.AbstractTransferListenerAdapter - Downloaded https://repo.maven.apache.org/maven2/org/apache/httpcomponents/httpcomponents-parent/11/httpcomponents-parent-11.pom
2025-04-08 23:58:22,213 [Worker-0: Import Getting Started Content] INFO  o.e.m.c.i.e.AbstractTransferListenerAdapter - Downloading https://repo.maven.apache.org/maven2/org/apache/httpcomponents/httpcore/4.4.16/httpcore-4.4.16.pom
2025-04-08 23:58:22,231 [Worker-0: Import Getting Started Content] INFO  o.e.m.c.i.e.AbstractTransferListenerAdapter - Downloaded https://repo.maven.apache.org/maven2/org/apache/httpcomponents/httpcore/4.4.16/httpcore-4.4.16.pom
2025-04-08 23:58:22,309 [Worker-0: Import Getting Started Content] INFO  o.e.m.c.i.e.AbstractTransferListenerAdapter - Downloading https://repo.maven.apache.org/maven2/org/apache/httpcomponents/httpcomponents-core/4.4.16/httpcomponents-core-4.4.16.pom
2025-04-08 23:58:22,326 [Worker-0: Import Getting Started Content] INFO  o.e.m.c.i.e.AbstractTransferListenerAdapter - Downloaded https://repo.maven.apache.org/maven2/org/apache/httpcomponents/httpcomponents-core/4.4.16/httpcomponents-core-4.4.16.pom
2025-04-08 23:58:22,412 [Worker-0: Import Getting Started Content] INFO  o.e.m.c.i.e.AbstractTransferListenerAdapter - Downloading https://repo.maven.apache.org/maven2/commons-logging/commons-logging/1.2/commons-logging-1.2.pom
2025-04-08 23:58:22,428 [Worker-0: Import Getting Started Content] INFO  o.e.m.c.i.e.AbstractTransferListenerAdapter - Downloaded https://repo.maven.apache.org/maven2/commons-logging/commons-logging/1.2/commons-logging-1.2.pom
2025-04-08 23:58:22,502 [Worker-0: Import Getting Started Content] INFO  o.e.m.c.i.e.AbstractTransferListenerAdapter - Downloading https://repo.maven.apache.org/maven2/org/apache/commons/commons-parent/34/commons-parent-34.pom
2025-04-08 23:58:22,531 [Worker-0: Import Getting Started Content] INFO  o.e.m.c.i.e.AbstractTransferListenerAdapter - Downloaded https://repo.maven.apache.org/maven2/org/apache/commons/commons-parent/34/commons-parent-34.pom
2025-04-08 23:58:22,608 [Worker-0: Import Getting Started Content] INFO  o.e.m.c.i.e.AbstractTransferListenerAdapter - Downloading https://repo.maven.apache.org/maven2/org/eclipse/jgit/org.eclipse.jgit.ssh.apache/6.10.0.202406032230-r/org.eclipse.jgit.ssh.apache-6.10.0.202406032230-r.pom
2025-04-08 23:58:22,621 [Worker-0: Import Getting Started Content] INFO  o.e.m.c.i.e.AbstractTransferListenerAdapter - Downloaded https://repo.maven.apache.org/maven2/org/eclipse/jgit/org.eclipse.jgit.ssh.apache/6.10.0.202406032230-r/org.eclipse.jgit.ssh.apache-6.10.0.202406032230-r.pom
2025-04-08 23:58:22,694 [Worker-0: Import Getting Started Content] INFO  o.e.m.c.i.e.AbstractTransferListenerAdapter - Downloading https://repo.maven.apache.org/maven2/org/apache/sshd/sshd-osgi/2.12.1/sshd-osgi-2.12.1.pom
2025-04-08 23:58:22,704 [Worker-0: Import Getting Started Content] INFO  o.e.m.c.i.e.AbstractTransferListenerAdapter - Downloaded https://repo.maven.apache.org/maven2/org/apache/sshd/sshd-osgi/2.12.1/sshd-osgi-2.12.1.pom
2025-04-08 23:58:22,775 [Worker-0: Import Getting Started Content] INFO  o.e.m.c.i.e.AbstractTransferListenerAdapter - Downloading https://repo.maven.apache.org/maven2/org/apache/sshd/sshd/2.12.1/sshd-2.12.1.pom
2025-04-08 23:58:22,802 [Worker-0: Import Getting Started Content] INFO  o.e.m.c.i.e.AbstractTransferListenerAdapter - Downloaded https://repo.maven.apache.org/maven2/org/apache/sshd/sshd/2.12.1/sshd-2.12.1.pom
2025-04-08 23:58:22,877 [Worker-0: Import Getting Started Content] INFO  o.e.m.c.i.e.AbstractTransferListenerAdapter - Downloading https://repo.maven.apache.org/maven2/org/springframework/spring-framework-bom/5.3.28/spring-framework-bom-5.3.28.pom
2025-04-08 23:58:22,885 [Worker-0: Import Getting Started Content] INFO  o.e.m.c.i.e.AbstractTransferListenerAdapter - Downloaded https://repo.maven.apache.org/maven2/org/springframework/spring-framework-bom/5.3.28/spring-framework-bom-5.3.28.pom
2025-04-08 23:58:22,959 [Worker-0: Import Getting Started Content] INFO  o.e.m.c.i.e.AbstractTransferListenerAdapter - Downloading https://repo.maven.apache.org/maven2/org/slf4j/jcl-over-slf4j/2.0.17/jcl-over-slf4j-2.0.17.pom
2025-04-08 23:58:22,978 [Worker-0: Import Getting Started Content] INFO  o.e.m.c.i.e.AbstractTransferListenerAdapter - Downloaded https://repo.maven.apache.org/maven2/org/slf4j/jcl-over-slf4j/2.0.17/jcl-over-slf4j-2.0.17.pom
2025-04-08 23:58:23,060 [Worker-0: Import Getting Started Content] INFO  o.e.m.c.i.e.AbstractTransferListenerAdapter - Downloading https://repo.maven.apache.org/maven2/org/apache/sshd/sshd-sftp/2.12.1/sshd-sftp-2.12.1.pom
2025-04-08 23:58:23,071 [Worker-0: Import Getting Started Content] INFO  o.e.m.c.i.e.AbstractTransferListenerAdapter - Downloaded https://repo.maven.apache.org/maven2/org/apache/sshd/sshd-sftp/2.12.1/sshd-sftp-2.12.1.pom
2025-04-08 23:58:23,145 [Worker-0: Import Getting Started Content] INFO  o.e.m.c.i.e.AbstractTransferListenerAdapter - Downloading https://repo.maven.apache.org/maven2/org/testcontainers/testcontainers-bom/1.16.2/testcontainers-bom-1.16.2.pom
2025-04-08 23:58:23,152 [Worker-0: Import Getting Started Content] INFO  o.e.m.c.i.e.AbstractTransferListenerAdapter - Downloaded https://repo.maven.apache.org/maven2/org/testcontainers/testcontainers-bom/1.16.2/testcontainers-bom-1.16.2.pom
2025-04-08 23:58:23,224 [Worker-0: Import Getting Started Content] INFO  o.e.m.c.i.e.AbstractTransferListenerAdapter - Downloading https://repo.maven.apache.org/maven2/net/i2p/crypto/eddsa/0.3.0/eddsa-0.3.0.pom
2025-04-08 23:58:23,243 [Worker-0: Import Getting Started Content] INFO  o.e.m.c.i.e.AbstractTransferListenerAdapter - Downloaded https://repo.maven.apache.org/maven2/net/i2p/crypto/eddsa/0.3.0/eddsa-0.3.0.pom
2025-04-08 23:58:23,346 [Worker-0: Import Getting Started Content] INFO  o.e.m.c.i.e.AbstractTransferListenerAdapter - Downloading https://repo.maven.apache.org/maven2/com/fasterxml/jackson/dataformat/jackson-dataformat-yaml/2.18.3/jackson-dataformat-yaml-2.18.3.pom
2025-04-08 23:58:23,355 [Worker-0: Import Getting Started Content] INFO  o.e.m.c.i.e.AbstractTransferListenerAdapter - Downloaded https://repo.maven.apache.org/maven2/com/fasterxml/jackson/dataformat/jackson-dataformat-yaml/2.18.3/jackson-dataformat-yaml-2.18.3.pom
2025-04-08 23:58:23,447 [Worker-0: Import Getting Started Content] INFO  o.e.m.c.i.e.AbstractTransferListenerAdapter - Downloading https://repo.maven.apache.org/maven2/com/fasterxml/jackson/dataformat/jackson-dataformats-text/2.18.3/jackson-dataformats-text-2.18.3.pom
2025-04-08 23:58:23,471 [Worker-0: Import Getting Started Content] INFO  o.e.m.c.i.e.AbstractTransferListenerAdapter - Downloaded https://repo.maven.apache.org/maven2/com/fasterxml/jackson/dataformat/jackson-dataformats-text/2.18.3/jackson-dataformats-text-2.18.3.pom
2025-04-08 23:58:24,130 [Worker-0: Import Getting Started Content] INFO  o.e.m.c.i.e.AbstractTransferListenerAdapter - Downloading https://repo.maven.apache.org/maven2/org/springframework/cloud/spring-cloud-config-server/4.2.1/spring-cloud-config-server-4.2.1.jar
2025-04-08 23:58:24,294 [Worker-0: Import Getting Started Content] INFO  o.e.m.c.i.e.AbstractTransferListenerAdapter - Downloaded https://repo.maven.apache.org/maven2/org/springframework/cloud/spring-cloud-config-server/4.2.1/spring-cloud-config-server-4.2.1.jar
2025-04-08 23:58:24,393 [BasicRepositoryConnector-repo.maven.apache.org-0-2] INFO  o.e.m.c.i.e.AbstractTransferListenerAdapter - Downloading https://repo.maven.apache.org/maven2/org/apache/httpcomponents/client5/httpclient5/5.4.2/httpclient5-5.4.2.jar
2025-04-08 23:58:24,550 [BasicRepositoryConnector-repo.maven.apache.org-0-3] INFO  o.e.m.c.i.e.AbstractTransferListenerAdapter - Downloading https://repo.maven.apache.org/maven2/org/apache/httpcomponents/core5/httpcore5/5.3.3/httpcore5-5.3.3.jar
2025-04-08 23:58:24,564 [BasicRepositoryConnector-repo.maven.apache.org-0-0] INFO  o.e.m.c.i.e.AbstractTransferListenerAdapter - Downloading https://repo.maven.apache.org/maven2/org/springframework/cloud/spring-cloud-config-client/4.2.1/spring-cloud-config-client-4.2.1.jar
2025-04-08 23:58:24,565 [BasicRepositoryConnector-repo.maven.apache.org-0-4] INFO  o.e.m.c.i.e.AbstractTransferListenerAdapter - Downloading https://repo.maven.apache.org/maven2/org/apache/httpcomponents/core5/httpcore5-h2/5.3.3/httpcore5-h2-5.3.3.jar
2025-04-08 23:58:24,578 [BasicRepositoryConnector-repo.maven.apache.org-0-1] INFO  o.e.m.c.i.e.AbstractTransferListenerAdapter - Downloading https://repo.maven.apache.org/maven2/org/springframework/boot/spring-boot-starter-validation/3.4.4/spring-boot-starter-validation-3.4.4.jar
2025-04-08 23:58:24,592 [BasicRepositoryConnector-repo.maven.apache.org-0-1] INFO  o.e.m.c.i.e.AbstractTransferListenerAdapter - Downloaded https://repo.maven.apache.org/maven2/org/springframework/boot/spring-boot-starter-validation/3.4.4/spring-boot-starter-validation-3.4.4.jar
2025-04-08 23:58:24,655 [BasicRepositoryConnector-repo.maven.apache.org-0-1] INFO  o.e.m.c.i.e.AbstractTransferListenerAdapter - Downloading https://repo.maven.apache.org/maven2/org/eclipse/jgit/org.eclipse.jgit/6.10.0.202406032230-r/org.eclipse.jgit-6.10.0.202406032230-r.jar
2025-04-08 23:58:24,660 [BasicRepositoryConnector-repo.maven.apache.org-0-2] INFO  o.e.m.c.i.e.AbstractTransferListenerAdapter - Downloaded https://repo.maven.apache.org/maven2/org/apache/httpcomponents/client5/httpclient5/5.4.2/httpclient5-5.4.2.jar
2025-04-08 23:58:24,676 [BasicRepositoryConnector-repo.maven.apache.org-0-0] INFO  o.e.m.c.i.e.AbstractTransferListenerAdapter - Downloaded https://repo.maven.apache.org/maven2/org/springframework/cloud/spring-cloud-config-client/4.2.1/spring-cloud-config-client-4.2.1.jar
2025-04-08 23:58:24,750 [BasicRepositoryConnector-repo.maven.apache.org-0-2] INFO  o.e.m.c.i.e.AbstractTransferListenerAdapter - Downloading https://repo.maven.apache.org/maven2/com/googlecode/javaewah/JavaEWAH/1.2.3/JavaEWAH-1.2.3.jar
2025-04-08 23:58:24,752 [BasicRepositoryConnector-repo.maven.apache.org-0-0] INFO  o.e.m.c.i.e.AbstractTransferListenerAdapter - Downloading https://repo.maven.apache.org/maven2/commons-codec/commons-codec/1.17.2/commons-codec-1.17.2.jar
2025-04-08 23:58:24,791 [BasicRepositoryConnector-repo.maven.apache.org-0-4] INFO  o.e.m.c.i.e.AbstractTransferListenerAdapter - Downloaded https://repo.maven.apache.org/maven2/org/apache/httpcomponents/core5/httpcore5-h2/5.3.3/httpcore5-h2-5.3.3.jar
2025-04-08 23:58:24,818 [BasicRepositoryConnector-repo.maven.apache.org-0-2] INFO  o.e.m.c.i.e.AbstractTransferListenerAdapter - Downloaded https://repo.maven.apache.org/maven2/com/googlecode/javaewah/JavaEWAH/1.2.3/JavaEWAH-1.2.3.jar
2025-04-08 23:58:24,886 [BasicRepositoryConnector-repo.maven.apache.org-0-4] INFO  o.e.m.c.i.e.AbstractTransferListenerAdapter - Downloading https://repo.maven.apache.org/maven2/org/eclipse/jgit/org.eclipse.jgit.http.apache/6.10.0.202406032230-r/org.eclipse.jgit.http.apache-6.10.0.202406032230-r.jar
2025-04-08 23:58:24,906 [BasicRepositoryConnector-repo.maven.apache.org-0-2] INFO  o.e.m.c.i.e.AbstractTransferListenerAdapter - Downloading https://repo.maven.apache.org/maven2/org/apache/httpcomponents/httpclient/4.5.14/httpclient-4.5.14.jar
2025-04-08 23:58:24,913 [BasicRepositoryConnector-repo.maven.apache.org-0-4] INFO  o.e.m.c.i.e.AbstractTransferListenerAdapter - Downloaded https://repo.maven.apache.org/maven2/org/eclipse/jgit/org.eclipse.jgit.http.apache/6.10.0.202406032230-r/org.eclipse.jgit.http.apache-6.10.0.202406032230-r.jar
2025-04-08 23:58:25,027 [BasicRepositoryConnector-repo.maven.apache.org-0-3] INFO  o.e.m.c.i.e.AbstractTransferListenerAdapter - Downloaded https://repo.maven.apache.org/maven2/org/apache/httpcomponents/core5/httpcore5/5.3.3/httpcore5-5.3.3.jar
2025-04-08 23:58:25,050 [BasicRepositoryConnector-repo.maven.apache.org-0-4] INFO  o.e.m.c.i.e.AbstractTransferListenerAdapter - Downloading https://repo.maven.apache.org/maven2/commons-logging/commons-logging/1.2/commons-logging-1.2.jar
2025-04-08 23:58:25,057 [BasicRepositoryConnector-repo.maven.apache.org-0-0] INFO  o.e.m.c.i.e.AbstractTransferListenerAdapter - Downloaded https://repo.maven.apache.org/maven2/commons-codec/commons-codec/1.17.2/commons-codec-1.17.2.jar
2025-04-08 23:58:25,072 [BasicRepositoryConnector-repo.maven.apache.org-0-4] INFO  o.e.m.c.i.e.AbstractTransferListenerAdapter - Downloaded https://repo.maven.apache.org/maven2/commons-logging/commons-logging/1.2/commons-logging-1.2.jar
2025-04-08 23:58:25,133 [BasicRepositoryConnector-repo.maven.apache.org-0-3] INFO  o.e.m.c.i.e.AbstractTransferListenerAdapter - Downloading https://repo.maven.apache.org/maven2/org/apache/httpcomponents/httpcore/4.4.16/httpcore-4.4.16.jar
2025-04-08 23:58:25,142 [BasicRepositoryConnector-repo.maven.apache.org-0-0] INFO  o.e.m.c.i.e.AbstractTransferListenerAdapter - Downloading https://repo.maven.apache.org/maven2/org/eclipse/jgit/org.eclipse.jgit.ssh.apache/6.10.0.202406032230-r/org.eclipse.jgit.ssh.apache-6.10.0.202406032230-r.jar
2025-04-08 23:58:25,162 [BasicRepositoryConnector-repo.maven.apache.org-0-4] INFO  o.e.m.c.i.e.AbstractTransferListenerAdapter - Downloading https://repo.maven.apache.org/maven2/org/apache/sshd/sshd-osgi/2.12.1/sshd-osgi-2.12.1.jar
2025-04-08 23:58:25,305 [BasicRepositoryConnector-repo.maven.apache.org-0-3] INFO  o.e.m.c.i.e.AbstractTransferListenerAdapter - Downloaded https://repo.maven.apache.org/maven2/org/apache/httpcomponents/httpcore/4.4.16/httpcore-4.4.16.jar
2025-04-08 23:58:25,326 [BasicRepositoryConnector-repo.maven.apache.org-0-2] INFO  o.e.m.c.i.e.AbstractTransferListenerAdapter - Downloaded https://repo.maven.apache.org/maven2/org/apache/httpcomponents/httpclient/4.5.14/httpclient-4.5.14.jar
2025-04-08 23:58:25,333 [BasicRepositoryConnector-repo.maven.apache.org-0-0] INFO  o.e.m.c.i.e.AbstractTransferListenerAdapter - Downloaded https://repo.maven.apache.org/maven2/org/eclipse/jgit/org.eclipse.jgit.ssh.apache/6.10.0.202406032230-r/org.eclipse.jgit.ssh.apache-6.10.0.202406032230-r.jar
2025-04-08 23:58:25,403 [BasicRepositoryConnector-repo.maven.apache.org-0-3] INFO  o.e.m.c.i.e.AbstractTransferListenerAdapter - Downloading https://repo.maven.apache.org/maven2/org/slf4j/jcl-over-slf4j/2.0.17/jcl-over-slf4j-2.0.17.jar
2025-04-08 23:58:25,410 [BasicRepositoryConnector-repo.maven.apache.org-0-2] INFO  o.e.m.c.i.e.AbstractTransferListenerAdapter - Downloading https://repo.maven.apache.org/maven2/org/apache/sshd/sshd-sftp/2.12.1/sshd-sftp-2.12.1.jar
2025-04-08 23:58:25,413 [BasicRepositoryConnector-repo.maven.apache.org-0-0] INFO  o.e.m.c.i.e.AbstractTransferListenerAdapter - Downloading https://repo.maven.apache.org/maven2/net/i2p/crypto/eddsa/0.3.0/eddsa-0.3.0.jar
2025-04-08 23:58:25,417 [BasicRepositoryConnector-repo.maven.apache.org-0-3] INFO  o.e.m.c.i.e.AbstractTransferListenerAdapter - Downloaded https://repo.maven.apache.org/maven2/org/slf4j/jcl-over-slf4j/2.0.17/jcl-over-slf4j-2.0.17.jar
2025-04-08 23:58:25,450 [BasicRepositoryConnector-repo.maven.apache.org-0-0] INFO  o.e.m.c.i.e.AbstractTransferListenerAdapter - Downloaded https://repo.maven.apache.org/maven2/net/i2p/crypto/eddsa/0.3.0/eddsa-0.3.0.jar
2025-04-08 23:58:25,510 [BasicRepositoryConnector-repo.maven.apache.org-0-3] INFO  o.e.m.c.i.e.AbstractTransferListenerAdapter - Downloading https://repo.maven.apache.org/maven2/com/fasterxml/jackson/dataformat/jackson-dataformat-yaml/2.18.3/jackson-dataformat-yaml-2.18.3.jar
2025-04-08 23:58:25,536 [BasicRepositoryConnector-repo.maven.apache.org-0-3] INFO  o.e.m.c.i.e.AbstractTransferListenerAdapter - Downloaded https://repo.maven.apache.org/maven2/com/fasterxml/jackson/dataformat/jackson-dataformat-yaml/2.18.3/jackson-dataformat-yaml-2.18.3.jar
2025-04-08 23:58:25,626 [BasicRepositoryConnector-repo.maven.apache.org-0-2] INFO  o.e.m.c.i.e.AbstractTransferListenerAdapter - Downloaded https://repo.maven.apache.org/maven2/org/apache/sshd/sshd-sftp/2.12.1/sshd-sftp-2.12.1.jar
2025-04-08 23:58:25,917 [BasicRepositoryConnector-repo.maven.apache.org-0-4] INFO  o.e.m.c.i.e.AbstractTransferListenerAdapter - Downloaded https://repo.maven.apache.org/maven2/org/apache/sshd/sshd-osgi/2.12.1/sshd-osgi-2.12.1.jar
2025-04-08 23:58:26,277 [BasicRepositoryConnector-repo.maven.apache.org-0-1] INFO  o.e.m.c.i.e.AbstractTransferListenerAdapter - Downloaded https://repo.maven.apache.org/maven2/org/eclipse/jgit/org.eclipse.jgit/6.10.0.202406032230-r/org.eclipse.jgit-6.10.0.202406032230-r.jar
2025-04-08 23:58:29,064 [Worker-0: Import Getting Started Content] INFO  o.e.m.c.i.l.LifecycleMappingFactory - Using org.eclipse.m2e.jdt.JarLifecycleMapping lifecycle mapping for MavenProject: auth-service:carro-service:0.0.1-SNAPSHOT @ E:\microservicio\carro-service\pom.xml.
2025-04-08 23:58:30,884 [Worker-0: Import Getting Started Content] INFO  o.e.m.c.i.l.LifecycleMappingFactory - Using org.eclipse.m2e.jdt.JarLifecycleMapping lifecycle mapping for MavenProject: auth-service:moto-service-1:0.0.1-SNAPSHOT @ E:\microservicio\moto-service-1\pom.xml.
2025-04-08 23:58:32,086 [Worker-0: Import Getting Started Content] INFO  o.e.m.c.i.l.LifecycleMappingFactory - Using org.eclipse.m2e.jdt.JarLifecycleMapping lifecycle mapping for MavenProject: auth-service:usuario-service:0.0.1-SNAPSHOT @ E:\microservicio\usuario-service\pom.xml.
2025-04-08 23:58:34,932 [Worker-0: Import Getting Started Content] INFO  o.e.m.j.i.AbstractJavaProjectConfigurator - Adding source folder /config-service/src/main/java
2025-04-08 23:58:34,934 [Worker-0: Import Getting Started Content] INFO  o.e.m.j.i.AbstractJavaProjectConfigurator - Adding resource folder /config-service/src/main/resources
2025-04-08 23:58:34,951 [Worker-0: Import Getting Started Content] INFO  o.e.m.j.i.AbstractJavaProjectConfigurator - Adding resource folder /config-service/src/main/resources
2025-04-08 23:58:34,967 [Worker-0: Import Getting Started Content] INFO  o.e.m.j.i.AbstractJavaProjectConfigurator - Adding source folder /config-service/src/test/java
2025-04-08 23:58:34,969 [Worker-0: Import Getting Started Content] INFO  o.e.m.j.i.AbstractJavaProjectConfigurator - Adding resource folder /config-service/src/test/resources
2025-04-08 23:58:35,397 [Worker-21: Download sources and javadoc] INFO  o.e.m.c.i.e.AbstractTransferListenerAdapter - Downloading https://repo.maven.apache.org/maven2/org/springframework/cloud/spring-cloud-config-server/4.2.1/spring-cloud-config-server-4.2.1-sources.jar
2025-04-08 23:58:35,597 [Worker-21: Download sources and javadoc] INFO  o.e.m.c.i.e.AbstractTransferListenerAdapter - Downloaded https://repo.maven.apache.org/maven2/org/springframework/cloud/spring-cloud-config-server/4.2.1/spring-cloud-config-server-4.2.1-sources.jar
2025-04-08 23:58:35,615 [Worker-21: Download sources and javadoc] INFO  o.e.m.j.internal.DownloadSourcesJob - Downloaded sources for org.springframework.cloud:spring-cloud-config-server:4.2.1
2025-04-08 23:58:35,892 [Worker-21: Download sources and javadoc] INFO  o.e.m.c.i.e.AbstractTransferListenerAdapter - Downloading https://repo.maven.apache.org/maven2/org/springframework/cloud/spring-cloud-config-client/4.2.1/spring-cloud-config-client-4.2.1-sources.jar
2025-04-08 23:58:35,967 [Worker-21: Download sources and javadoc] INFO  o.e.m.c.i.e.AbstractTransferListenerAdapter - Downloaded https://repo.maven.apache.org/maven2/org/springframework/cloud/spring-cloud-config-client/4.2.1/spring-cloud-config-client-4.2.1-sources.jar
2025-04-08 23:58:36,087 [Worker-21: Download sources and javadoc] INFO  o.e.m.j.internal.DownloadSourcesJob - Downloaded sources for org.springframework.cloud:spring-cloud-config-client:4.2.1
2025-04-08 23:58:36,361 [Worker-0: Import Getting Started Content] INFO  o.e.m.c.i.p.ProjectConfigurationManager - Imported and configured 1 project(s) in 23 sec
2025-04-08 23:58:36,366 [Worker-0: Import Getting Started Content] INFO  o.e.m.c.i.p.ProjectConfigurationManager - Update started
2025-04-08 23:58:36,489 [Worker-21: Download sources and javadoc] INFO  o.e.m.c.i.e.AbstractTransferListenerAdapter - Downloading https://repo.maven.apache.org/maven2/org/springframework/boot/spring-boot-starter-validation/3.4.4/spring-boot-starter-validation-3.4.4-sources.jar
2025-04-08 23:58:36,498 [Worker-21: Download sources and javadoc] INFO  o.e.m.c.i.e.AbstractTransferListenerAdapter - Downloaded https://repo.maven.apache.org/maven2/org/springframework/boot/spring-boot-starter-validation/3.4.4/spring-boot-starter-validation-3.4.4-sources.jar
2025-04-08 23:58:36,506 [Worker-21: Download sources and javadoc] INFO  o.e.m.j.internal.DownloadSourcesJob - Downloaded sources for org.springframework.boot:spring-boot-starter-validation:3.4.4
2025-04-08 23:58:39,613 [Worker-0: Import Getting Started Content] INFO  o.e.m.c.i.l.LifecycleMappingFactory - Using org.eclipse.m2e.jdt.JarLifecycleMapping lifecycle mapping for MavenProject: com.config.service:config-service:1.0 @ E:\microservicio\config-service\pom.xml.
2025-04-08 23:58:39,733 [Worker-21: Download sources and javadoc] INFO  o.e.m.c.i.e.AbstractTransferListenerAdapter - Downloading https://repo.maven.apache.org/maven2/org/apache/httpcomponents/client5/httpclient5/5.4.2/httpclient5-5.4.2-sources.jar
2025-04-08 23:58:40,018 [Worker-21: Download sources and javadoc] INFO  o.e.m.c.i.e.AbstractTransferListenerAdapter - Downloaded https://repo.maven.apache.org/maven2/org/apache/httpcomponents/client5/httpclient5/5.4.2/httpclient5-5.4.2-sources.jar
2025-04-08 23:58:40,025 [Worker-21: Download sources and javadoc] INFO  o.e.m.j.internal.DownloadSourcesJob - Downloaded sources for org.apache.httpcomponents.client5:httpclient5:5.4.2
2025-04-08 23:58:40,235 [Worker-21: Download sources and javadoc] INFO  o.e.m.c.i.e.AbstractTransferListenerAdapter - Downloading https://repo.maven.apache.org/maven2/org/apache/httpcomponents/core5/httpcore5/5.3.3/httpcore5-5.3.3-sources.jar
2025-04-08 23:58:40,556 [Worker-21: Download sources and javadoc] INFO  o.e.m.c.i.e.AbstractTransferListenerAdapter - Downloaded https://repo.maven.apache.org/maven2/org/apache/httpcomponents/core5/httpcore5/5.3.3/httpcore5-5.3.3-sources.jar
2025-04-08 23:58:40,566 [Worker-21: Download sources and javadoc] INFO  o.e.m.j.internal.DownloadSourcesJob - Downloaded sources for org.apache.httpcomponents.core5:httpcore5:5.3.3
2025-04-08 23:58:40,783 [Worker-21: Download sources and javadoc] INFO  o.e.m.c.i.e.AbstractTransferListenerAdapter - Downloading https://repo.maven.apache.org/maven2/org/apache/httpcomponents/core5/httpcore5-h2/5.3.3/httpcore5-h2-5.3.3-sources.jar
2025-04-08 23:58:40,943 [Worker-21: Download sources and javadoc] INFO  o.e.m.c.i.e.AbstractTransferListenerAdapter - Downloaded https://repo.maven.apache.org/maven2/org/apache/httpcomponents/core5/httpcore5-h2/5.3.3/httpcore5-h2-5.3.3-sources.jar
2025-04-08 23:58:40,955 [Worker-21: Download sources and javadoc] INFO  o.e.m.j.internal.DownloadSourcesJob - Downloaded sources for org.apache.httpcomponents.core5:httpcore5-h2:5.3.3
2025-04-08 23:58:41,502 [Worker-21: Download sources and javadoc] INFO  o.e.m.c.i.e.AbstractTransferListenerAdapter - Downloading https://repo.maven.apache.org/maven2/org/eclipse/jgit/org.eclipse.jgit/6.10.0.202406032230-r/org.eclipse.jgit-6.10.0.202406032230-r-sources.jar
2025-04-08 23:58:42,170 [Worker-21: Download sources and javadoc] INFO  o.e.m.c.i.e.AbstractTransferListenerAdapter - Downloaded https://repo.maven.apache.org/maven2/org/eclipse/jgit/org.eclipse.jgit/6.10.0.202406032230-r/org.eclipse.jgit-6.10.0.202406032230-r-sources.jar
2025-04-08 23:58:42,206 [Worker-21: Download sources and javadoc] INFO  o.e.m.j.internal.DownloadSourcesJob - Downloaded sources for org.eclipse.jgit:org.eclipse.jgit:6.10.0.202406032230-r
2025-04-08 23:58:42,405 [Worker-21: Download sources and javadoc] INFO  o.e.m.c.i.e.AbstractTransferListenerAdapter - Downloading https://repo.maven.apache.org/maven2/com/googlecode/javaewah/JavaEWAH/1.2.3/JavaEWAH-1.2.3-sources.jar
2025-04-08 23:58:42,493 [Worker-21: Download sources and javadoc] INFO  o.e.m.c.i.e.AbstractTransferListenerAdapter - Downloaded https://repo.maven.apache.org/maven2/com/googlecode/javaewah/JavaEWAH/1.2.3/JavaEWAH-1.2.3-sources.jar
2025-04-08 23:58:42,502 [Worker-21: Download sources and javadoc] INFO  o.e.m.j.internal.DownloadSourcesJob - Downloaded sources for com.googlecode.javaewah:JavaEWAH:1.2.3
2025-04-08 23:58:42,713 [Worker-21: Download sources and javadoc] INFO  o.e.m.c.i.e.AbstractTransferListenerAdapter - Downloading https://repo.maven.apache.org/maven2/commons-codec/commons-codec/1.17.2/commons-codec-1.17.2-sources.jar
2025-04-08 23:58:42,916 [Worker-21: Download sources and javadoc] INFO  o.e.m.c.i.e.AbstractTransferListenerAdapter - Downloaded https://repo.maven.apache.org/maven2/commons-codec/commons-codec/1.17.2/commons-codec-1.17.2-sources.jar
2025-04-08 23:58:42,923 [Worker-21: Download sources and javadoc] INFO  o.e.m.j.internal.DownloadSourcesJob - Downloaded sources for commons-codec:commons-codec:1.17.2
2025-04-08 23:58:43,135 [Worker-21: Download sources and javadoc] INFO  o.e.m.c.i.e.AbstractTransferListenerAdapter - Downloading https://repo.maven.apache.org/maven2/org/eclipse/jgit/org.eclipse.jgit.http.apache/6.10.0.202406032230-r/org.eclipse.jgit.http.apache-6.10.0.202406032230-r-sources.jar
2025-04-08 23:58:43,152 [Worker-21: Download sources and javadoc] INFO  o.e.m.c.i.e.AbstractTransferListenerAdapter - Downloaded https://repo.maven.apache.org/maven2/org/eclipse/jgit/org.eclipse.jgit.http.apache/6.10.0.202406032230-r/org.eclipse.jgit.http.apache-6.10.0.202406032230-r-sources.jar
2025-04-08 23:58:43,161 [Worker-21: Download sources and javadoc] INFO  o.e.m.j.internal.DownloadSourcesJob - Downloaded sources for org.eclipse.jgit:org.eclipse.jgit.http.apache:6.10.0.202406032230-r
2025-04-08 23:58:43,377 [Worker-21: Download sources and javadoc] INFO  o.e.m.c.i.e.AbstractTransferListenerAdapter - Downloading https://repo.maven.apache.org/maven2/org/apache/httpcomponents/httpclient/4.5.14/httpclient-4.5.14-sources.jar
2025-04-08 23:58:43,696 [Worker-21: Download sources and javadoc] INFO  o.e.m.c.i.e.AbstractTransferListenerAdapter - Downloaded https://repo.maven.apache.org/maven2/org/apache/httpcomponents/httpclient/4.5.14/httpclient-4.5.14-sources.jar
2025-04-08 23:58:43,704 [Worker-21: Download sources and javadoc] INFO  o.e.m.j.internal.DownloadSourcesJob - Downloaded sources for org.apache.httpcomponents:httpclient:4.5.14
2025-04-08 23:58:43,885 [Worker-21: Download sources and javadoc] INFO  o.e.m.c.i.e.AbstractTransferListenerAdapter - Downloading https://repo.maven.apache.org/maven2/commons-logging/commons-logging/1.2/commons-logging-1.2-sources.jar
2025-04-08 23:58:43,957 [Worker-21: Download sources and javadoc] INFO  o.e.m.c.i.e.AbstractTransferListenerAdapter - Downloaded https://repo.maven.apache.org/maven2/commons-logging/commons-logging/1.2/commons-logging-1.2-sources.jar
2025-04-08 23:58:43,969 [Worker-21: Download sources and javadoc] INFO  o.e.m.j.internal.DownloadSourcesJob - Downloaded sources for commons-logging:commons-logging:1.2
2025-04-08 23:58:44,190 [Worker-21: Download sources and javadoc] INFO  o.e.m.c.i.e.AbstractTransferListenerAdapter - Downloading https://repo.maven.apache.org/maven2/org/apache/httpcomponents/httpcore/4.4.16/httpcore-4.4.16-sources.jar
2025-04-08 23:58:44,407 [Worker-21: Download sources and javadoc] INFO  o.e.m.c.i.e.AbstractTransferListenerAdapter - Downloaded https://repo.maven.apache.org/maven2/org/apache/httpcomponents/httpcore/4.4.16/httpcore-4.4.16-sources.jar
2025-04-08 23:58:44,415 [Worker-21: Download sources and javadoc] INFO  o.e.m.j.internal.DownloadSourcesJob - Downloaded sources for org.apache.httpcomponents:httpcore:4.4.16
2025-04-08 23:58:44,554 [Worker-0: Import Getting Started Content] INFO  o.e.m.j.i.AbstractJavaProjectConfigurator - Adding source folder /config-service/src/main/java
2025-04-08 23:58:44,555 [Worker-0: Import Getting Started Content] INFO  o.e.m.j.i.AbstractJavaProjectConfigurator - Adding resource folder /config-service/src/main/resources
2025-04-08 23:58:44,557 [Worker-0: Import Getting Started Content] INFO  o.e.m.j.i.AbstractJavaProjectConfigurator - Adding resource folder /config-service/src/main/resources
2025-04-08 23:58:44,559 [Worker-0: Import Getting Started Content] INFO  o.e.m.j.i.AbstractJavaProjectConfigurator - Adding source folder /config-service/src/test/java
2025-04-08 23:58:44,562 [Worker-0: Import Getting Started Content] INFO  o.e.m.j.i.AbstractJavaProjectConfigurator - Adding resource folder /config-service/src/test/resources
2025-04-08 23:58:44,756 [Worker-21: Download sources and javadoc] INFO  o.e.m.c.i.e.AbstractTransferListenerAdapter - Downloading https://repo.maven.apache.org/maven2/org/eclipse/jgit/org.eclipse.jgit.ssh.apache/6.10.0.202406032230-r/org.eclipse.jgit.ssh.apache-6.10.0.202406032230-r-sources.jar
2025-04-08 23:58:44,892 [Worker-21: Download sources and javadoc] INFO  o.e.m.c.i.e.AbstractTransferListenerAdapter - Downloaded https://repo.maven.apache.org/maven2/org/eclipse/jgit/org.eclipse.jgit.ssh.apache/6.10.0.202406032230-r/org.eclipse.jgit.ssh.apache-6.10.0.202406032230-r-sources.jar
2025-04-08 23:58:44,904 [Worker-21: Download sources and javadoc] INFO  o.e.m.j.internal.DownloadSourcesJob - Downloaded sources for org.eclipse.jgit:org.eclipse.jgit.ssh.apache:6.10.0.202406032230-r
2025-04-08 23:58:45,257 [Worker-21: Download sources and javadoc] INFO  o.e.m.c.i.e.AbstractTransferListenerAdapter - Downloading https://repo.maven.apache.org/maven2/org/apache/sshd/sshd-osgi/2.12.1/sshd-osgi-2.12.1-sources.jar
2025-04-08 23:58:46,170 [Worker-21: Download sources and javadoc] INFO  o.e.m.c.i.e.AbstractTransferListenerAdapter - Downloaded https://repo.maven.apache.org/maven2/org/apache/sshd/sshd-osgi/2.12.1/sshd-osgi-2.12.1-sources.jar
2025-04-08 23:58:46,178 [Worker-21: Download sources and javadoc] INFO  o.e.m.j.internal.DownloadSourcesJob - Downloaded sources for org.apache.sshd:sshd-osgi:2.12.1
2025-04-08 23:58:46,397 [Worker-21: Download sources and javadoc] INFO  o.e.m.c.i.e.AbstractTransferListenerAdapter - Downloading https://repo.maven.apache.org/maven2/org/slf4j/jcl-over-slf4j/2.0.17/jcl-over-slf4j-2.0.17-sources.jar
2025-04-08 23:58:46,680 [Worker-21: Download sources and javadoc] INFO  o.e.m.c.i.e.AbstractTransferListenerAdapter - Downloaded https://repo.maven.apache.org/maven2/org/slf4j/jcl-over-slf4j/2.0.17/jcl-over-slf4j-2.0.17-sources.jar
2025-04-08 23:58:46,705 [Worker-21: Download sources and javadoc] INFO  o.e.m.j.internal.DownloadSourcesJob - Downloaded sources for org.slf4j:jcl-over-slf4j:2.0.17
2025-04-08 23:58:47,035 [Worker-21: Download sources and javadoc] INFO  o.e.m.c.i.e.AbstractTransferListenerAdapter - Downloading https://repo.maven.apache.org/maven2/org/apache/sshd/sshd-sftp/2.12.1/sshd-sftp-2.12.1-sources.jar
2025-04-08 23:58:47,231 [Worker-21: Download sources and javadoc] INFO  o.e.m.c.i.e.AbstractTransferListenerAdapter - Downloaded https://repo.maven.apache.org/maven2/org/apache/sshd/sshd-sftp/2.12.1/sshd-sftp-2.12.1-sources.jar
2025-04-08 23:58:47,239 [Worker-21: Download sources and javadoc] INFO  o.e.m.j.internal.DownloadSourcesJob - Downloaded sources for org.apache.sshd:sshd-sftp:2.12.1
2025-04-08 23:58:47,497 [Worker-21: Download sources and javadoc] INFO  o.e.m.c.i.e.AbstractTransferListenerAdapter - Downloading https://repo.maven.apache.org/maven2/net/i2p/crypto/eddsa/0.3.0/eddsa-0.3.0-sources.jar
2025-04-08 23:58:47,571 [Worker-21: Download sources and javadoc] INFO  o.e.m.c.i.e.AbstractTransferListenerAdapter - Downloaded https://repo.maven.apache.org/maven2/net/i2p/crypto/eddsa/0.3.0/eddsa-0.3.0-sources.jar
2025-04-08 23:58:47,581 [Worker-21: Download sources and javadoc] INFO  o.e.m.j.internal.DownloadSourcesJob - Downloaded sources for net.i2p.crypto:eddsa:0.3.0
2025-04-08 23:58:47,686 [Worker-0: Import Getting Started Content] INFO  o.e.m.c.i.p.ProjectConfigurationManager - Update completed for 1 poms: local refresh takes 0,00 sec, refresh facades takes 8,00 sec, update config takes 2,00 sec 
2025-04-08 23:58:47,850 [Worker-21: Download sources and javadoc] INFO  o.e.m.c.i.e.AbstractTransferListenerAdapter - Downloading https://repo.maven.apache.org/maven2/com/fasterxml/jackson/dataformat/jackson-dataformat-yaml/2.18.3/jackson-dataformat-yaml-2.18.3-sources.jar
2025-04-08 23:58:47,919 [Worker-21: Download sources and javadoc] INFO  o.e.m.c.i.e.AbstractTransferListenerAdapter - Downloaded https://repo.maven.apache.org/maven2/com/fasterxml/jackson/dataformat/jackson-dataformat-yaml/2.18.3/jackson-dataformat-yaml-2.18.3-sources.jar
2025-04-08 23:58:47,928 [Worker-21: Download sources and javadoc] INFO  o.e.m.j.internal.DownloadSourcesJob - Downloaded sources for com.fasterxml.jackson.dataformat:jackson-dataformat-yaml:2.18.3
2025-04-08 23:58:50,082 [Worker-26: Updating Maven Project] INFO  o.e.m.c.i.p.ProjectConfigurationManager - Update started
2025-04-08 23:58:55,505 [Worker-26: Updating Maven Project] INFO  o.e.m.c.i.l.LifecycleMappingFactory - Using org.eclipse.m2e.jdt.JarLifecycleMapping lifecycle mapping for MavenProject: com.config.service:config-service:1.0 @ E:\microservicio\config-service\pom.xml.
2025-04-08 23:58:58,487 [Worker-26: Updating Maven Project] INFO  o.e.m.j.i.AbstractJavaProjectConfigurator - Adding source folder /config-service/src/main/java
2025-04-08 23:58:58,488 [Worker-26: Updating Maven Project] INFO  o.e.m.j.i.AbstractJavaProjectConfigurator - Adding resource folder /config-service/src/main/resources
2025-04-08 23:58:58,490 [Worker-26: Updating Maven Project] INFO  o.e.m.j.i.AbstractJavaProjectConfigurator - Adding resource folder /config-service/src/main/resources
2025-04-08 23:58:58,491 [Worker-26: Updating Maven Project] INFO  o.e.m.j.i.AbstractJavaProjectConfigurator - Adding source folder /config-service/src/test/java
2025-04-08 23:58:58,492 [Worker-26: Updating Maven Project] INFO  o.e.m.j.i.AbstractJavaProjectConfigurator - Adding resource folder /config-service/src/test/resources
2025-04-08 23:59:00,018 [Worker-26: Updating Maven Project] INFO  o.e.m.c.i.p.ProjectConfigurationManager - Update completed for 1 poms: local refresh takes 0,00 sec, refresh facades takes 8,00 sec, update config takes 1,00 sec 
2025-04-08 23:59:04,020 [Worker-26: Building] INFO  o.a.m.s.f.DefaultMavenResourcesFiltering - Copying 1 resource from src\main\resources to target\classes
2025-04-08 23:59:04,066 [Worker-26: Building] INFO  o.a.m.s.f.DefaultMavenResourcesFiltering - Copying 0 resource from src\main\resources to target\classes
2025-04-08 23:59:04,075 [Worker-26: Building] INFO  o.a.m.s.f.DefaultMavenResourcesFiltering - skip non existing resourceDirectory E:\microservicio\config-service\src\test\resources
2025-04-08 23:59:26,109 [Worker-27: Building] INFO  o.a.m.s.f.DefaultMavenResourcesFiltering - Copying 1 resource from src\main\resources to target\classes
2025-04-08 23:59:26,122 [Worker-27: Building] INFO  o.a.m.s.f.DefaultMavenResourcesFiltering - Copying 0 resource from src\main\resources to target\classes
2025-04-08 23:59:26,150 [Worker-27: Building] INFO  o.a.m.s.f.DefaultMavenResourcesFiltering - skip non existing resourceDirectory E:\microservicio\config-service\src\test\resources
2025-04-08 23:59:45,698 [Worker-20: Building] INFO  o.a.m.s.f.DefaultMavenResourcesFiltering - Copying 1 resource from src\main\resources to target\classes
2025-04-08 23:59:45,710 [Worker-20: Building] INFO  o.a.m.s.f.DefaultMavenResourcesFiltering - Copying 0 resource from src\main\resources to target\classes
2025-04-08 23:59:45,717 [Worker-20: Building] INFO  o.a.m.s.f.DefaultMavenResourcesFiltering - skip non existing resourceDirectory E:\microservicio\config-service\src\test\resources
2025-04-08 23:59:56,446 [Worker-26: Building] INFO  o.a.m.s.f.DefaultMavenResourcesFiltering - Copying 1 resource from src\main\resources to target\classes
2025-04-08 23:59:56,454 [Worker-26: Building] INFO  o.a.m.s.f.DefaultMavenResourcesFiltering - Copying 0 resource from src\main\resources to target\classes
2025-04-08 23:59:56,458 [Worker-26: Building] INFO  o.a.m.s.f.DefaultMavenResourcesFiltering - skip non existing resourceDirectory E:\microservicio\config-service\src\test\resources
2025-04-09 00:01:28,885 [Worker-23: Building] INFO  o.a.m.s.f.DefaultMavenResourcesFiltering - Copying 1 resource from src\main\resources to target\classes
2025-04-09 00:01:28,910 [Worker-23: Building] INFO  o.a.m.s.f.DefaultMavenResourcesFiltering - Copying 0 resource from src\main\resources to target\classes
2025-04-09 00:01:28,914 [Worker-23: Building] INFO  o.a.m.s.f.DefaultMavenResourcesFiltering - skip non existing resourceDirectory E:\microservicio\config-service\src\test\resources
2025-04-09 00:02:56,399 [Worker-20: Building] INFO  o.a.m.s.f.DefaultMavenResourcesFiltering - Copying 1 resource from src\main\resources to target\classes
2025-04-09 00:02:56,422 [Worker-20: Building] INFO  o.a.m.s.f.DefaultMavenResourcesFiltering - Copying 0 resource from src\main\resources to target\classes
2025-04-09 00:02:56,426 [Worker-20: Building] INFO  o.a.m.s.f.DefaultMavenResourcesFiltering - skip non existing resourceDirectory E:\microservicio\config-service\src\test\resources
2025-04-09 06:15:58,726 [Worker-2: Loading available Gradle versions] INFO  o.e.b.c.i.u.g.PublishedGradleVersions - Gradle version information cache is up-to-date. Trying to read.
2025-04-09 06:20:31,001 [Worker-7: Building] INFO  o.a.m.s.f.DefaultMavenResourcesFiltering - Copying 1 resource from src\main\resources to target\classes
2025-04-09 06:20:31,224 [Worker-7: Building] INFO  o.a.m.s.f.DefaultMavenResourcesFiltering - Copying 0 resource from src\main\resources to target\classes
2025-04-09 06:20:31,238 [Worker-7: Building] INFO  o.a.m.s.f.DefaultMavenResourcesFiltering - skip non existing resourceDirectory E:\microservicio\config-service\src\test\resources
2025-04-09 06:22:03,879 [Worker-1: Building] INFO  o.a.m.s.f.DefaultMavenResourcesFiltering - Copying 1 resource from src\main\resources to target\classes
2025-04-09 06:22:03,894 [Worker-1: Building] INFO  o.a.m.s.f.DefaultMavenResourcesFiltering - Copying 0 resource from src\main\resources to target\classes
2025-04-09 06:22:03,901 [Worker-1: Building] INFO  o.a.m.s.f.DefaultMavenResourcesFiltering - skip non existing resourceDirectory E:\microservicio\config-service\src\test\resources
2025-04-09 06:36:45,070 [Worker-14: Building] INFO  o.a.m.s.f.DefaultMavenResourcesFiltering - Copying 1 resource from src\main\resources to target\classes
2025-04-09 06:36:45,082 [Worker-14: Building] INFO  o.a.m.s.f.DefaultMavenResourcesFiltering - Copying 0 resource from src\main\resources to target\classes
2025-04-09 06:36:45,089 [Worker-14: Building] INFO  o.a.m.s.f.DefaultMavenResourcesFiltering - skip non existing resourceDirectory E:\microservicio\config-service\src\test\resources
2025-04-09 06:37:47,817 [Worker-14: Building] INFO  o.a.m.s.f.DefaultMavenResourcesFiltering - Copying 1 resource from src\main\resources to target\classes
2025-04-09 06:37:47,824 [Worker-14: Building] INFO  o.a.m.s.f.DefaultMavenResourcesFiltering - Copying 0 resource from src\main\resources to target\classes
2025-04-09 06:37:47,831 [Worker-14: Building] INFO  o.a.m.s.f.DefaultMavenResourcesFiltering - skip non existing resourceDirectory E:\microservicio\config-service\src\test\resources
2025-04-09 06:40:01,301 [Worker-2: Building] INFO  o.a.m.s.f.DefaultMavenResourcesFiltering - Copying 1 resource from src\main\resources to target\classes
2025-04-09 06:40:01,311 [Worker-2: Building] INFO  o.a.m.s.f.DefaultMavenResourcesFiltering - Copying 0 resource from src\main\resources to target\classes
2025-04-09 06:40:01,316 [Worker-2: Building] INFO  o.a.m.s.f.DefaultMavenResourcesFiltering - skip non existing resourceDirectory E:\microservicio\config-service\src\test\resources
2025-04-09 06:43:16,648 [Worker-2: Building] INFO  o.a.m.s.f.DefaultMavenResourcesFiltering - Copying 1 resource from src\main\resources to target\classes
2025-04-09 06:43:16,661 [Worker-2: Building] INFO  o.a.m.s.f.DefaultMavenResourcesFiltering - Copying 0 resource from src\main\resources to target\classes
2025-04-09 06:43:16,669 [Worker-2: Building] INFO  o.a.m.s.f.DefaultMavenResourcesFiltering - skip non existing resourceDirectory E:\microservicio\config-service\src\test\resources
2025-04-09 06:43:39,063 [Worker-11: Building] INFO  o.a.m.s.f.DefaultMavenResourcesFiltering - Copying 1 resource from src\main\resources to target\classes
2025-04-09 06:43:39,088 [Worker-11: Building] INFO  o.a.m.s.f.DefaultMavenResourcesFiltering - Copying 0 resource from src\main\resources to target\classes
2025-04-09 06:43:39,095 [Worker-11: Building] INFO  o.a.m.s.f.DefaultMavenResourcesFiltering - skip non existing resourceDirectory E:\microservicio\config-service\src\test\resources
2025-04-09 06:46:20,589 [Worker-20: Building] INFO  o.e.m.c.i.l.LifecycleMappingFactory - Using org.eclipse.m2e.jdt.JarLifecycleMapping lifecycle mapping for MavenProject: auth-service:moto-service-1:0.0.1-SNAPSHOT @ E:\microservicio\moto-service\pom.xml.
2025-04-09 06:46:22,090 [Worker-20: Building] INFO  o.a.m.s.f.DefaultMavenResourcesFiltering - Copying 1 resource from src\main\resources to target\classes
2025-04-09 06:46:22,118 [Worker-20: Building] INFO  o.a.m.s.f.DefaultMavenResourcesFiltering - Copying 0 resource from src\main\resources to target\classes
2025-04-09 06:46:22,127 [Worker-20: Building] INFO  o.a.m.s.f.DefaultMavenResourcesFiltering - skip non existing resourceDirectory E:\microservicio\moto-service\src\test\resources
2025-04-09 06:46:24,076 [Worker-16: Building] INFO  o.a.m.s.f.DefaultMavenResourcesFiltering - Copying 1 resource from src\main\resources to target\classes
2025-04-09 06:46:24,079 [Worker-16: Building] INFO  o.a.m.s.f.DefaultMavenResourcesFiltering - Copying 0 resource from src\main\resources to target\classes
2025-04-09 06:46:24,085 [Worker-16: Building] INFO  o.a.m.s.f.DefaultMavenResourcesFiltering - skip non existing resourceDirectory E:\microservicio\moto-service\src\test\resources
2025-04-09 06:46:47,736 [Worker-11: Building] INFO  o.a.m.s.f.DefaultMavenResourcesFiltering - Copying 1 resource from src\main\resources to target\classes
2025-04-09 06:46:47,744 [Worker-11: Building] INFO  o.a.m.s.f.DefaultMavenResourcesFiltering - Copying 0 resource from src\main\resources to target\classes
2025-04-09 06:46:47,750 [Worker-11: Building] INFO  o.a.m.s.f.DefaultMavenResourcesFiltering - skip non existing resourceDirectory E:\microservicio\moto-service\src\test\resources
2025-04-09 06:51:42,182 [Worker-11: Building] INFO  o.a.m.s.f.DefaultMavenResourcesFiltering - Copying 1 resource from src\main\resources to target\classes
2025-04-09 06:51:42,207 [Worker-11: Building] INFO  o.a.m.s.f.DefaultMavenResourcesFiltering - Copying 0 resource from src\main\resources to target\classes
2025-04-09 06:51:42,216 [Worker-11: Building] INFO  o.a.m.s.f.DefaultMavenResourcesFiltering - skip non existing resourceDirectory E:\microservicio\carro-service\src\test\resources
2025-04-09 06:51:47,273 [Worker-24: Building] INFO  o.a.m.s.f.DefaultMavenResourcesFiltering - Copying 1 resource from src\main\resources to target\classes
2025-04-09 06:51:47,284 [Worker-24: Building] INFO  o.a.m.s.f.DefaultMavenResourcesFiltering - Copying 0 resource from src\main\resources to target\classes
2025-04-09 06:51:47,289 [Worker-24: Building] INFO  o.a.m.s.f.DefaultMavenResourcesFiltering - skip non existing resourceDirectory E:\microservicio\carro-service\src\test\resources
2025-04-09 06:52:05,258 [Worker-2: Building] INFO  o.a.m.s.f.DefaultMavenResourcesFiltering - Copying 1 resource from src\main\resources to target\classes
2025-04-09 06:52:05,268 [Worker-2: Building] INFO  o.a.m.s.f.DefaultMavenResourcesFiltering - Copying 0 resource from src\main\resources to target\classes
2025-04-09 06:52:05,274 [Worker-2: Building] INFO  o.a.m.s.f.DefaultMavenResourcesFiltering - skip non existing resourceDirectory E:\microservicio\carro-service\src\test\resources
2025-04-09 06:52:32,108 [Worker-25: Building] INFO  o.a.m.s.f.DefaultMavenResourcesFiltering - Copying 1 resource from src\main\resources to target\classes
2025-04-09 06:52:32,115 [Worker-25: Building] INFO  o.a.m.s.f.DefaultMavenResourcesFiltering - Copying 0 resource from src\main\resources to target\classes
2025-04-09 06:52:32,120 [Worker-25: Building] INFO  o.a.m.s.f.DefaultMavenResourcesFiltering - skip non existing resourceDirectory E:\microservicio\carro-service\src\test\resources
2025-04-09 06:52:47,636 [Worker-24: Building] INFO  o.a.m.s.f.DefaultMavenResourcesFiltering - Copying 1 resource from src\main\resources to target\classes
2025-04-09 06:52:47,641 [Worker-24: Building] INFO  o.a.m.s.f.DefaultMavenResourcesFiltering - Copying 0 resource from src\main\resources to target\classes
2025-04-09 06:52:47,646 [Worker-24: Building] INFO  o.a.m.s.f.DefaultMavenResourcesFiltering - skip non existing resourceDirectory E:\microservicio\carro-service\src\test\resources
2025-04-09 06:54:36,460 [Worker-26: Building] INFO  o.a.m.s.f.DefaultMavenResourcesFiltering - Copying 1 resource from src\main\resources to target\classes
2025-04-09 06:54:36,468 [Worker-26: Building] INFO  o.a.m.s.f.DefaultMavenResourcesFiltering - Copying 0 resource from src\main\resources to target\classes
2025-04-09 06:54:36,474 [Worker-26: Building] INFO  o.a.m.s.f.DefaultMavenResourcesFiltering - skip non existing resourceDirectory E:\microservicio\carro-service\src\test\resources
2025-04-09 06:54:45,817 [Worker-24: Building] INFO  o.a.m.s.f.DefaultMavenResourcesFiltering - Copying 1 resource from src\main\resources to target\classes
2025-04-09 06:54:45,851 [Worker-24: Building] INFO  o.a.m.s.f.DefaultMavenResourcesFiltering - Copying 0 resource from src\main\resources to target\classes
2025-04-09 06:54:45,856 [Worker-24: Building] INFO  o.a.m.s.f.DefaultMavenResourcesFiltering - skip non existing resourceDirectory E:\microservicio\carro-service\src\test\resources
2025-04-09 06:56:15,926 [Worker-26: Building] INFO  o.a.m.s.f.DefaultMavenResourcesFiltering - Copying 1 resource from src\main\resources to target\classes
2025-04-09 06:56:15,934 [Worker-26: Building] INFO  o.a.m.s.f.DefaultMavenResourcesFiltering - Copying 0 resource from src\main\resources to target\classes
2025-04-09 06:56:15,940 [Worker-26: Building] INFO  o.a.m.s.f.DefaultMavenResourcesFiltering - skip non existing resourceDirectory E:\microservicio\carro-service\src\test\resources
2025-04-09 06:56:27,217 [Worker-26: Building] INFO  o.a.m.s.f.DefaultMavenResourcesFiltering - Copying 1 resource from src\main\resources to target\classes
2025-04-09 06:56:27,223 [Worker-26: Building] INFO  o.a.m.s.f.DefaultMavenResourcesFiltering - Copying 0 resource from src\main\resources to target\classes
2025-04-09 06:56:27,226 [Worker-26: Building] INFO  o.a.m.s.f.DefaultMavenResourcesFiltering - skip non existing resourceDirectory E:\microservicio\carro-service\src\test\resources
2025-04-09 06:58:13,336 [Worker-2: Building] INFO  o.a.m.s.f.DefaultMavenResourcesFiltering - Copying 1 resource from src\main\resources to target\classes
2025-04-09 06:58:13,344 [Worker-2: Building] INFO  o.a.m.s.f.DefaultMavenResourcesFiltering - Copying 0 resource from src\main\resources to target\classes
2025-04-09 06:58:13,351 [Worker-2: Building] INFO  o.a.m.s.f.DefaultMavenResourcesFiltering - skip non existing resourceDirectory E:\microservicio\moto-service\src\test\resources
2025-04-09 06:58:31,962 [Worker-25: Building] INFO  o.a.m.s.f.DefaultMavenResourcesFiltering - Copying 1 resource from src\main\resources to target\classes
2025-04-09 06:58:31,969 [Worker-25: Building] INFO  o.a.m.s.f.DefaultMavenResourcesFiltering - Copying 0 resource from src\main\resources to target\classes
2025-04-09 06:58:31,975 [Worker-25: Building] INFO  o.a.m.s.f.DefaultMavenResourcesFiltering - skip non existing resourceDirectory E:\microservicio\moto-service\src\test\resources
2025-04-09 07:07:55,653 [Worker-26: Building] INFO  o.e.m.c.i.l.LifecycleMappingFactory - Using org.eclipse.m2e.jdt.JarLifecycleMapping lifecycle mapping for MavenProject: auth-service:usuario-service:0.0.1-SNAPSHOT @ E:\microservicio\usuario-service\pom.xml.
2025-04-09 07:07:58,046 [Worker-26: Building] INFO  o.e.m.c.i.e.AbstractTransferListenerAdapter - Downloading https://repo.maven.apache.org/maven2/org/springframework/cloud/spring-cloud-starter-config/4.2.1/spring-cloud-starter-config-4.2.1.pom
2025-04-09 07:07:58,083 [Worker-26: Building] INFO  o.e.m.c.i.e.AbstractTransferListenerAdapter - Downloaded https://repo.maven.apache.org/maven2/org/springframework/cloud/spring-cloud-starter-config/4.2.1/spring-cloud-starter-config-4.2.1.pom
2025-04-09 07:07:58,624 [Worker-26: Building] INFO  o.e.m.c.i.e.AbstractTransferListenerAdapter - Downloading https://repo.maven.apache.org/maven2/org/springframework/cloud/spring-cloud-starter-config/4.2.1/spring-cloud-starter-config-4.2.1.jar
2025-04-09 07:07:58,633 [Worker-26: Building] INFO  o.e.m.c.i.e.AbstractTransferListenerAdapter - Downloaded https://repo.maven.apache.org/maven2/org/springframework/cloud/spring-cloud-starter-config/4.2.1/spring-cloud-starter-config-4.2.1.jar
2025-04-09 07:07:59,384 [Worker-26: Building] INFO  o.a.m.s.f.DefaultMavenResourcesFiltering - Copying 1 resource from src\main\resources to target\classes
2025-04-09 07:07:59,407 [Worker-26: Building] INFO  o.a.m.s.f.DefaultMavenResourcesFiltering - Copying 0 resource from src\main\resources to target\classes
2025-04-09 07:07:59,412 [Worker-26: Building] INFO  o.a.m.s.f.DefaultMavenResourcesFiltering - skip non existing resourceDirectory E:\microservicio\usuario-service\src\test\resources
2025-04-09 07:07:59,974 [Worker-30: Updating Maven Project] INFO  o.e.m.c.i.p.ProjectConfigurationManager - Update started
2025-04-09 07:08:00,475 [Worker-26: Download sources and javadoc] INFO  o.e.m.c.i.e.AbstractTransferListenerAdapter - Downloaded https://repo.maven.apache.org/maven2/org/springframework/cloud/spring-cloud-starter-config/4.2.1/spring-cloud-starter-config-4.2.1-sources.jar
2025-04-09 07:08:00,482 [Worker-26: Download sources and javadoc] ERROR o.e.m.j.internal.DownloadSourcesJob - Could not download sources for org.springframework.cloud:spring-cloud-starter-config:4.2.1
org.eclipse.core.runtime.CoreException: Could not resolve artifact org.springframework.cloud:spring-cloud-starter-config:jar:sources:4.2.1
	at org.eclipse.m2e.core.internal.embedder.MavenImpl.lambda$7(MavenImpl.java:540)
	at org.eclipse.m2e.core.internal.embedder.MavenExecutionContext.executeBare(MavenExecutionContext.java:458)
	at org.eclipse.m2e.core.internal.embedder.MavenExecutionContext.execute(MavenExecutionContext.java:292)
	at org.eclipse.m2e.core.internal.embedder.MavenExecutionContext.execute(MavenExecutionContext.java:278)
	at org.eclipse.m2e.core.internal.embedder.MavenImpl.resolve(MavenImpl.java:509)
	at org.eclipse.m2e.core.internal.embedder.MavenImpl.resolve(MavenImpl.java:494)
	at org.eclipse.m2e.jdt.internal.DownloadSourcesJob.download(DownloadSourcesJob.java:308)
	at org.eclipse.m2e.jdt.internal.DownloadSourcesJob.downloadAttachments(DownloadSourcesJob.java:282)
	at org.eclipse.m2e.jdt.internal.DownloadSourcesJob.downloadMaven(DownloadSourcesJob.java:252)
	at org.eclipse.m2e.jdt.internal.DownloadSourcesJob.downloadFilesAndPopulateToUpdate(DownloadSourcesJob.java:220)
	at org.eclipse.m2e.jdt.internal.DownloadSourcesJob.lambda$0(DownloadSourcesJob.java:149)
	at org.eclipse.m2e.core.internal.embedder.MavenExecutionContext.executeBare(MavenExecutionContext.java:458)
	at org.eclipse.m2e.core.internal.embedder.MavenExecutionContext.execute(MavenExecutionContext.java:339)
	at org.eclipse.m2e.core.internal.embedder.MavenExecutionContext.execute(MavenExecutionContext.java:278)
	at org.eclipse.m2e.core.embedder.IMaven.execute(IMaven.java:300)
	at org.eclipse.m2e.jdt.internal.DownloadSourcesJob.run(DownloadSourcesJob.java:149)
	at org.eclipse.core.internal.jobs.Worker.run(Worker.java:63)
2025-04-09 07:08:02,672 [Worker-30: Updating Maven Project] INFO  o.e.m.c.i.l.LifecycleMappingFactory - Using org.eclipse.m2e.jdt.JarLifecycleMapping lifecycle mapping for MavenProject: auth-service:usuario-service:0.0.1-SNAPSHOT @ E:\microservicio\usuario-service\pom.xml.
2025-04-09 07:08:04,514 [Worker-30: Updating Maven Project] INFO  o.e.m.j.i.AbstractJavaProjectConfigurator - Adding source folder /usuario-service/src/main/java
2025-04-09 07:08:04,519 [Worker-30: Updating Maven Project] INFO  o.e.m.j.i.AbstractJavaProjectConfigurator - Adding resource folder /usuario-service/src/main/resources
2025-04-09 07:08:04,520 [Worker-30: Updating Maven Project] INFO  o.e.m.j.i.AbstractJavaProjectConfigurator - Adding resource folder /usuario-service/src/main/resources
2025-04-09 07:08:04,521 [Worker-30: Updating Maven Project] INFO  o.e.m.j.i.AbstractJavaProjectConfigurator - Adding source folder /usuario-service/src/test/java
2025-04-09 07:08:04,523 [Worker-30: Updating Maven Project] INFO  o.e.m.j.i.AbstractJavaProjectConfigurator - Adding resource folder /usuario-service/src/test/resources
2025-04-09 07:08:05,352 [Worker-30: Updating Maven Project] INFO  o.e.m.c.i.p.ProjectConfigurationManager - Update completed for 1 poms: local refresh takes 0,00 sec, refresh facades takes 4,00 sec, update config takes 1,00 sec 
2025-04-09 07:08:05,564 [Worker-26: Download sources and javadoc] INFO  o.e.m.c.i.e.AbstractTransferListenerAdapter - Downloaded https://repo.maven.apache.org/maven2/org/springframework/cloud/spring-cloud-starter-config/4.2.1/spring-cloud-starter-config-4.2.1-javadoc.jar
2025-04-09 07:08:05,569 [Worker-26: Download sources and javadoc] ERROR o.e.m.j.internal.DownloadSourcesJob - Could not download javadoc for org.springframework.cloud:spring-cloud-starter-config:4.2.1
org.eclipse.core.runtime.CoreException: Could not resolve artifact org.springframework.cloud:spring-cloud-starter-config:jar:javadoc:4.2.1
	at org.eclipse.m2e.core.internal.embedder.MavenImpl.lambda$7(MavenImpl.java:540)
	at org.eclipse.m2e.core.internal.embedder.MavenExecutionContext.executeBare(MavenExecutionContext.java:458)
	at org.eclipse.m2e.core.internal.embedder.MavenExecutionContext.execute(MavenExecutionContext.java:292)
	at org.eclipse.m2e.core.internal.embedder.MavenExecutionContext.execute(MavenExecutionContext.java:278)
	at org.eclipse.m2e.core.internal.embedder.MavenImpl.resolve(MavenImpl.java:509)
	at org.eclipse.m2e.core.internal.embedder.MavenImpl.resolve(MavenImpl.java:494)
	at org.eclipse.m2e.jdt.internal.DownloadSourcesJob.download(DownloadSourcesJob.java:308)
	at org.eclipse.m2e.jdt.internal.DownloadSourcesJob.downloadAttachments(DownloadSourcesJob.java:294)
	at org.eclipse.m2e.jdt.internal.DownloadSourcesJob.downloadMaven(DownloadSourcesJob.java:252)
	at org.eclipse.m2e.jdt.internal.DownloadSourcesJob.downloadFilesAndPopulateToUpdate(DownloadSourcesJob.java:220)
	at org.eclipse.m2e.jdt.internal.DownloadSourcesJob.lambda$0(DownloadSourcesJob.java:149)
	at org.eclipse.m2e.core.internal.embedder.MavenExecutionContext.executeBare(MavenExecutionContext.java:458)
	at org.eclipse.m2e.core.internal.embedder.MavenExecutionContext.execute(MavenExecutionContext.java:339)
	at org.eclipse.m2e.core.internal.embedder.MavenExecutionContext.execute(MavenExecutionContext.java:278)
	at org.eclipse.m2e.core.embedder.IMaven.execute(IMaven.java:300)
	at org.eclipse.m2e.jdt.internal.DownloadSourcesJob.run(DownloadSourcesJob.java:149)
	at org.eclipse.core.internal.jobs.Worker.run(Worker.java:63)
2025-04-09 07:08:06,145 [Worker-28: Building] INFO  o.a.m.s.f.DefaultMavenResourcesFiltering - Copying 1 resource from src\main\resources to target\classes
2025-04-09 07:08:06,174 [Worker-28: Building] INFO  o.a.m.s.f.DefaultMavenResourcesFiltering - Copying 0 resource from src\main\resources to target\classes
2025-04-09 07:08:06,181 [Worker-28: Building] INFO  o.a.m.s.f.DefaultMavenResourcesFiltering - skip non existing resourceDirectory E:\microservicio\usuario-service\src\test\resources
2025-04-09 07:09:34,341 [Worker-30: Launching Executing clean in E__microservicio_usuario-service] INFO  o.eclipse.m2e.core.internal.Bundles - getClasspathEntries(Bundle=org.eclipse.m2e.maven.runtime_3.9.600.20231203-1234 [297])
2025-04-09 07:09:34,345 [Worker-30: Launching Executing clean in E__microservicio_usuario-service] INFO  o.eclipse.m2e.core.internal.Bundles - 	Entry: C:\Users\Ruben\.p2\pool\plugins\org.eclipse.m2e.maven.runtime_3.9.600.20231203-1234
2025-04-09 07:09:34,345 [Worker-30: Launching Executing clean in E__microservicio_usuario-service] INFO  o.eclipse.m2e.core.internal.Bundles - 	Entry: C:\Users\Ruben\.p2\pool\plugins\org.eclipse.m2e.maven.runtime_3.9.600.20231203-1234\jars\aopalliance-1.0.jar
2025-04-09 07:09:34,346 [Worker-30: Launching Executing clean in E__microservicio_usuario-service] INFO  o.eclipse.m2e.core.internal.Bundles - 	Entry: C:\Users\Ruben\.p2\pool\plugins\org.eclipse.m2e.maven.runtime_3.9.600.20231203-1234\jars\guice-5.1.0.jar
2025-04-09 07:09:34,346 [Worker-30: Launching Executing clean in E__microservicio_usuario-service] INFO  o.eclipse.m2e.core.internal.Bundles - 	Entry: C:\Users\Ruben\.p2\pool\plugins\org.eclipse.m2e.maven.runtime_3.9.600.20231203-1234\jars\httpclient-4.5.14.jar
2025-04-09 07:09:34,346 [Worker-30: Launching Executing clean in E__microservicio_usuario-service] INFO  o.eclipse.m2e.core.internal.Bundles - 	Entry: C:\Users\Ruben\.p2\pool\plugins\org.eclipse.m2e.maven.runtime_3.9.600.20231203-1234\jars\httpcore-4.4.16.jar
2025-04-09 07:09:34,347 [Worker-30: Launching Executing clean in E__microservicio_usuario-service] INFO  o.eclipse.m2e.core.internal.Bundles - 	Entry: C:\Users\Ruben\.p2\pool\plugins\org.eclipse.m2e.maven.runtime_3.9.600.20231203-1234\jars\jansi-2.4.0.jar
2025-04-09 07:09:34,347 [Worker-30: Launching Executing clean in E__microservicio_usuario-service] INFO  o.eclipse.m2e.core.internal.Bundles - 	Entry: C:\Users\Ruben\.p2\pool\plugins\org.eclipse.m2e.maven.runtime_3.9.600.20231203-1234\jars\jcl-over-slf4j-1.7.36.jar
2025-04-09 07:09:34,347 [Worker-30: Launching Executing clean in E__microservicio_usuario-service] INFO  o.eclipse.m2e.core.internal.Bundles - 	Entry: C:\Users\Ruben\.p2\pool\plugins\org.eclipse.m2e.maven.runtime_3.9.600.20231203-1234\jars\maven-artifact-3.9.6.jar
2025-04-09 07:09:34,348 [Worker-30: Launching Executing clean in E__microservicio_usuario-service] INFO  o.eclipse.m2e.core.internal.Bundles - 	Entry: C:\Users\Ruben\.p2\pool\plugins\org.eclipse.m2e.maven.runtime_3.9.600.20231203-1234\jars\maven-builder-support-3.9.6.jar
2025-04-09 07:09:34,348 [Worker-30: Launching Executing clean in E__microservicio_usuario-service] INFO  o.eclipse.m2e.core.internal.Bundles - 	Entry: C:\Users\Ruben\.p2\pool\plugins\org.eclipse.m2e.maven.runtime_3.9.600.20231203-1234\jars\maven-compat-3.9.6.jar
2025-04-09 07:09:34,348 [Worker-30: Launching Executing clean in E__microservicio_usuario-service] INFO  o.eclipse.m2e.core.internal.Bundles - 	Entry: C:\Users\Ruben\.p2\pool\plugins\org.eclipse.m2e.maven.runtime_3.9.600.20231203-1234\jars\maven-core-3.9.6.jar
2025-04-09 07:09:34,349 [Worker-30: Launching Executing clean in E__microservicio_usuario-service] INFO  o.eclipse.m2e.core.internal.Bundles - 	Entry: C:\Users\Ruben\.p2\pool\plugins\org.eclipse.m2e.maven.runtime_3.9.600.20231203-1234\jars\maven-embedder-3.9.6.jar
2025-04-09 07:09:34,349 [Worker-30: Launching Executing clean in E__microservicio_usuario-service] INFO  o.eclipse.m2e.core.internal.Bundles - 	Entry: C:\Users\Ruben\.p2\pool\plugins\org.eclipse.m2e.maven.runtime_3.9.600.20231203-1234\jars\maven-model-3.9.6.jar
2025-04-09 07:09:34,349 [Worker-30: Launching Executing clean in E__microservicio_usuario-service] INFO  o.eclipse.m2e.core.internal.Bundles - 	Entry: C:\Users\Ruben\.p2\pool\plugins\org.eclipse.m2e.maven.runtime_3.9.600.20231203-1234\jars\maven-model-builder-3.9.6.jar
2025-04-09 07:09:34,350 [Worker-30: Launching Executing clean in E__microservicio_usuario-service] INFO  o.eclipse.m2e.core.internal.Bundles - 	Entry: C:\Users\Ruben\.p2\pool\plugins\org.eclipse.m2e.maven.runtime_3.9.600.20231203-1234\jars\maven-plugin-api-3.9.6.jar
2025-04-09 07:09:34,350 [Worker-30: Launching Executing clean in E__microservicio_usuario-service] INFO  o.eclipse.m2e.core.internal.Bundles - 	Entry: C:\Users\Ruben\.p2\pool\plugins\org.eclipse.m2e.maven.runtime_3.9.600.20231203-1234\jars\maven-repository-metadata-3.9.6.jar
2025-04-09 07:09:34,350 [Worker-30: Launching Executing clean in E__microservicio_usuario-service] INFO  o.eclipse.m2e.core.internal.Bundles - 	Entry: C:\Users\Ruben\.p2\pool\plugins\org.eclipse.m2e.maven.runtime_3.9.600.20231203-1234\jars\maven-resolver-api-1.9.18.jar
2025-04-09 07:09:34,351 [Worker-30: Launching Executing clean in E__microservicio_usuario-service] INFO  o.eclipse.m2e.core.internal.Bundles - 	Entry: C:\Users\Ruben\.p2\pool\plugins\org.eclipse.m2e.maven.runtime_3.9.600.20231203-1234\jars\maven-resolver-connector-basic-1.9.18.jar
2025-04-09 07:09:34,351 [Worker-30: Launching Executing clean in E__microservicio_usuario-service] INFO  o.eclipse.m2e.core.internal.Bundles - 	Entry: C:\Users\Ruben\.p2\pool\plugins\org.eclipse.m2e.maven.runtime_3.9.600.20231203-1234\jars\maven-resolver-impl-1.9.18.jar
2025-04-09 07:09:34,351 [Worker-30: Launching Executing clean in E__microservicio_usuario-service] INFO  o.eclipse.m2e.core.internal.Bundles - 	Entry: C:\Users\Ruben\.p2\pool\plugins\org.eclipse.m2e.maven.runtime_3.9.600.20231203-1234\jars\maven-resolver-named-locks-1.9.18.jar
2025-04-09 07:09:34,352 [Worker-30: Launching Executing clean in E__microservicio_usuario-service] INFO  o.eclipse.m2e.core.internal.Bundles - 	Entry: C:\Users\Ruben\.p2\pool\plugins\org.eclipse.m2e.maven.runtime_3.9.600.20231203-1234\jars\maven-resolver-provider-3.9.6.jar
2025-04-09 07:09:34,352 [Worker-30: Launching Executing clean in E__microservicio_usuario-service] INFO  o.eclipse.m2e.core.internal.Bundles - 	Entry: C:\Users\Ruben\.p2\pool\plugins\org.eclipse.m2e.maven.runtime_3.9.600.20231203-1234\jars\maven-resolver-spi-1.9.18.jar
2025-04-09 07:09:34,352 [Worker-30: Launching Executing clean in E__microservicio_usuario-service] INFO  o.eclipse.m2e.core.internal.Bundles - 	Entry: C:\Users\Ruben\.p2\pool\plugins\org.eclipse.m2e.maven.runtime_3.9.600.20231203-1234\jars\maven-resolver-transport-file-1.9.18.jar
2025-04-09 07:09:34,353 [Worker-30: Launching Executing clean in E__microservicio_usuario-service] INFO  o.eclipse.m2e.core.internal.Bundles - 	Entry: C:\Users\Ruben\.p2\pool\plugins\org.eclipse.m2e.maven.runtime_3.9.600.20231203-1234\jars\maven-resolver-transport-http-1.9.18.jar
2025-04-09 07:09:34,353 [Worker-30: Launching Executing clean in E__microservicio_usuario-service] INFO  o.eclipse.m2e.core.internal.Bundles - 	Entry: C:\Users\Ruben\.p2\pool\plugins\org.eclipse.m2e.maven.runtime_3.9.600.20231203-1234\jars\maven-resolver-transport-wagon-1.9.18.jar
2025-04-09 07:09:34,353 [Worker-30: Launching Executing clean in E__microservicio_usuario-service] INFO  o.eclipse.m2e.core.internal.Bundles - 	Entry: C:\Users\Ruben\.p2\pool\plugins\org.eclipse.m2e.maven.runtime_3.9.600.20231203-1234\jars\maven-resolver-util-1.9.18.jar
2025-04-09 07:09:34,354 [Worker-30: Launching Executing clean in E__microservicio_usuario-service] INFO  o.eclipse.m2e.core.internal.Bundles - 	Entry: C:\Users\Ruben\.p2\pool\plugins\org.eclipse.m2e.maven.runtime_3.9.600.20231203-1234\jars\maven-settings-3.9.6.jar
2025-04-09 07:09:34,354 [Worker-30: Launching Executing clean in E__microservicio_usuario-service] INFO  o.eclipse.m2e.core.internal.Bundles - 	Entry: C:\Users\Ruben\.p2\pool\plugins\org.eclipse.m2e.maven.runtime_3.9.600.20231203-1234\jars\maven-settings-builder-3.9.6.jar
2025-04-09 07:09:34,354 [Worker-30: Launching Executing clean in E__microservicio_usuario-service] INFO  o.eclipse.m2e.core.internal.Bundles - 	Entry: C:\Users\Ruben\.p2\pool\plugins\org.eclipse.m2e.maven.runtime_3.9.600.20231203-1234\jars\maven-shared-utils-3.3.4.jar
2025-04-09 07:09:34,355 [Worker-30: Launching Executing clean in E__microservicio_usuario-service] INFO  o.eclipse.m2e.core.internal.Bundles - 	Entry: C:\Users\Ruben\.p2\pool\plugins\org.eclipse.m2e.maven.runtime_3.9.600.20231203-1234\jars\org.eclipse.sisu.inject-0.9.0.M2.jar
2025-04-09 07:09:34,355 [Worker-30: Launching Executing clean in E__microservicio_usuario-service] INFO  o.eclipse.m2e.core.internal.Bundles - 	Entry: C:\Users\Ruben\.p2\pool\plugins\org.eclipse.m2e.maven.runtime_3.9.600.20231203-1234\jars\org.eclipse.sisu.plexus-0.9.0.M2.jar
2025-04-09 07:09:34,355 [Worker-30: Launching Executing clean in E__microservicio_usuario-service] INFO  o.eclipse.m2e.core.internal.Bundles - 	Entry: C:\Users\Ruben\.p2\pool\plugins\org.eclipse.m2e.maven.runtime_3.9.600.20231203-1234\jars\plexus-build-api-0.0.7.jar
2025-04-09 07:09:34,356 [Worker-30: Launching Executing clean in E__microservicio_usuario-service] INFO  o.eclipse.m2e.core.internal.Bundles - 	Entry: C:\Users\Ruben\.p2\pool\plugins\org.eclipse.m2e.maven.runtime_3.9.600.20231203-1234\jars\plexus-cipher-2.0.jar
2025-04-09 07:09:34,356 [Worker-30: Launching Executing clean in E__microservicio_usuario-service] INFO  o.eclipse.m2e.core.internal.Bundles - 	Entry: C:\Users\Ruben\.p2\pool\plugins\org.eclipse.m2e.maven.runtime_3.9.600.20231203-1234\jars\plexus-classworlds-2.7.0.jar
2025-04-09 07:09:34,357 [Worker-30: Launching Executing clean in E__microservicio_usuario-service] INFO  o.eclipse.m2e.core.internal.Bundles - 	Entry: C:\Users\Ruben\.p2\pool\plugins\org.eclipse.m2e.maven.runtime_3.9.600.20231203-1234\jars\plexus-component-annotations-2.1.0.jar
2025-04-09 07:09:34,358 [Worker-30: Launching Executing clean in E__microservicio_usuario-service] INFO  o.eclipse.m2e.core.internal.Bundles - 	Entry: C:\Users\Ruben\.p2\pool\plugins\org.eclipse.m2e.maven.runtime_3.9.600.20231203-1234\jars\plexus-interpolation-1.26.jar
2025-04-09 07:09:34,358 [Worker-30: Launching Executing clean in E__microservicio_usuario-service] INFO  o.eclipse.m2e.core.internal.Bundles - 	Entry: C:\Users\Ruben\.p2\pool\plugins\org.eclipse.m2e.maven.runtime_3.9.600.20231203-1234\jars\plexus-sec-dispatcher-2.0.jar
2025-04-09 07:09:34,359 [Worker-30: Launching Executing clean in E__microservicio_usuario-service] INFO  o.eclipse.m2e.core.internal.Bundles - 	Entry: C:\Users\Ruben\.p2\pool\plugins\org.eclipse.m2e.maven.runtime_3.9.600.20231203-1234\jars\plexus-utils-3.5.1.jar
2025-04-09 07:09:34,359 [Worker-30: Launching Executing clean in E__microservicio_usuario-service] INFO  o.eclipse.m2e.core.internal.Bundles - 	Entry: C:\Users\Ruben\.p2\pool\plugins\org.eclipse.m2e.maven.runtime_3.9.600.20231203-1234\jars\wagon-file-3.5.3.jar
2025-04-09 07:09:34,359 [Worker-30: Launching Executing clean in E__microservicio_usuario-service] INFO  o.eclipse.m2e.core.internal.Bundles - 	Entry: C:\Users\Ruben\.p2\pool\plugins\org.eclipse.m2e.maven.runtime_3.9.600.20231203-1234\jars\wagon-http-3.5.3.jar
2025-04-09 07:09:34,360 [Worker-30: Launching Executing clean in E__microservicio_usuario-service] INFO  o.eclipse.m2e.core.internal.Bundles - 	Entry: C:\Users\Ruben\.p2\pool\plugins\org.eclipse.m2e.maven.runtime_3.9.600.20231203-1234\jars\wagon-http-shared-3.5.3.jar
2025-04-09 07:09:34,360 [Worker-30: Launching Executing clean in E__microservicio_usuario-service] INFO  o.eclipse.m2e.core.internal.Bundles - 	Entry: C:\Users\Ruben\.p2\pool\plugins\org.eclipse.m2e.maven.runtime_3.9.600.20231203-1234\jars\wagon-provider-api-3.5.3.jar
2025-04-09 07:09:34,363 [Worker-30: Launching Executing clean in E__microservicio_usuario-service] INFO  o.eclipse.m2e.core.internal.Bundles - getClasspathEntries(Bundle=com.google.guava_33.0.0.jre [10])
2025-04-09 07:09:34,364 [Worker-30: Launching Executing clean in E__microservicio_usuario-service] INFO  o.eclipse.m2e.core.internal.Bundles - 	Entry: C:\Users\Ruben\.p2\pool\plugins\com.google.guava_33.0.0.jre.jar
2025-04-09 07:09:34,364 [Worker-30: Launching Executing clean in E__microservicio_usuario-service] INFO  o.eclipse.m2e.core.internal.Bundles - getClasspathEntries(Bundle=slf4j.api_2.0.13 [518])
2025-04-09 07:09:34,365 [Worker-30: Launching Executing clean in E__microservicio_usuario-service] INFO  o.eclipse.m2e.core.internal.Bundles - 	Entry: C:\Users\Ruben\.p2\pool\plugins\slf4j.api_2.0.13.jar
2025-04-09 07:09:34,365 [Worker-30: Launching Executing clean in E__microservicio_usuario-service] INFO  o.eclipse.m2e.core.internal.Bundles - getClasspathEntries(Bundle=jakarta.inject.jakarta.inject-api_1.0.5 [22])
2025-04-09 07:09:34,366 [Worker-30: Launching Executing clean in E__microservicio_usuario-service] INFO  o.eclipse.m2e.core.internal.Bundles - 	Entry: C:\Users\Ruben\.p2\pool\plugins\jakarta.inject.jakarta.inject-api_1.0.5.jar
2025-04-09 07:09:34,366 [Worker-30: Launching Executing clean in E__microservicio_usuario-service] INFO  o.eclipse.m2e.core.internal.Bundles - getClasspathEntries(Bundle=jakarta.annotation-api_1.3.5 [20])
2025-04-09 07:09:34,367 [Worker-30: Launching Executing clean in E__microservicio_usuario-service] INFO  o.eclipse.m2e.core.internal.Bundles - 	Entry: C:\Users\Ruben\.p2\pool\plugins\jakarta.annotation-api_1.3.5.jar
2025-04-09 07:09:34,367 [Worker-30: Launching Executing clean in E__microservicio_usuario-service] INFO  o.eclipse.m2e.core.internal.Bundles - getClasspathEntries(Bundle=org.apache.commons.cli_1.6.0 [46])
2025-04-09 07:09:34,368 [Worker-30: Launching Executing clean in E__microservicio_usuario-service] INFO  o.eclipse.m2e.core.internal.Bundles - 	Entry: C:\Users\Ruben\.p2\pool\plugins\org.apache.commons.cli_1.6.0.jar
2025-04-09 07:09:34,368 [Worker-30: Launching Executing clean in E__microservicio_usuario-service] INFO  o.eclipse.m2e.core.internal.Bundles - getClasspathEntries(Bundle=org.apache.commons.commons-codec_1.16.0 [47])
2025-04-09 07:09:34,369 [Worker-30: Launching Executing clean in E__microservicio_usuario-service] INFO  o.eclipse.m2e.core.internal.Bundles - 	Entry: C:\Users\Ruben\.p2\pool\plugins\org.apache.commons.commons-codec_1.16.0.jar
2025-04-09 07:09:34,369 [Worker-30: Launching Executing clean in E__microservicio_usuario-service] INFO  o.eclipse.m2e.core.internal.Bundles - getClasspathEntries(Bundle=org.apache.commons.lang3_3.14.0 [53])
2025-04-09 07:09:34,370 [Worker-30: Launching Executing clean in E__microservicio_usuario-service] INFO  o.eclipse.m2e.core.internal.Bundles - 	Entry: C:\Users\Ruben\.p2\pool\plugins\org.apache.commons.lang3_3.14.0.jar
2025-04-09 07:09:34,370 [Worker-30: Launching Executing clean in E__microservicio_usuario-service] INFO  o.eclipse.m2e.core.internal.Bundles - getClasspathEntries(Bundle=com.google.guava.failureaccess_1.0.2 [11])
2025-04-09 07:09:34,370 [Worker-30: Launching Executing clean in E__microservicio_usuario-service] INFO  o.eclipse.m2e.core.internal.Bundles - 	Entry: C:\Users\Ruben\.p2\pool\plugins\com.google.guava.failureaccess_1.0.2.jar
2025-04-09 07:09:34,377 [Worker-30: Launching Executing clean in E__microservicio_usuario-service] INFO  o.e.m.i.launch.MavenLaunchDelegate - Run build in "E:\microservicio\usuario-service":
2025-04-09 07:09:34,378 [Worker-30: Launching Executing clean in E__microservicio_usuario-service] INFO  o.e.m.i.launch.MavenLaunchDelegate -  mvn  -Ppom.xml -B -Dstyle.color=always clean
2025-04-09 07:09:49,477 [Worker-28: Building] INFO  o.a.m.s.f.DefaultMavenResourcesFiltering - Copying 1 resource from src\main\resources to target\classes
2025-04-09 07:09:49,480 [Worker-28: Building] INFO  o.a.m.s.f.DefaultMavenResourcesFiltering - Copying 0 resource from src\main\resources to target\classes
2025-04-09 07:09:49,484 [Worker-28: Building] INFO  o.a.m.s.f.DefaultMavenResourcesFiltering - skip non existing resourceDirectory E:\microservicio\usuario-service\src\test\resources
2025-04-09 07:10:39,055 [Worker-27: Launching Executing install in E__microservicio_usuario-service] INFO  o.eclipse.m2e.core.internal.Bundles - getClasspathEntries(Bundle=org.eclipse.m2e.maven.runtime_3.9.600.20231203-1234 [297])
2025-04-09 07:10:39,056 [Worker-27: Launching Executing install in E__microservicio_usuario-service] INFO  o.eclipse.m2e.core.internal.Bundles - 	Entry: C:\Users\Ruben\.p2\pool\plugins\org.eclipse.m2e.maven.runtime_3.9.600.20231203-1234
2025-04-09 07:10:39,056 [Worker-27: Launching Executing install in E__microservicio_usuario-service] INFO  o.eclipse.m2e.core.internal.Bundles - 	Entry: C:\Users\Ruben\.p2\pool\plugins\org.eclipse.m2e.maven.runtime_3.9.600.20231203-1234\jars\aopalliance-1.0.jar
2025-04-09 07:10:39,056 [Worker-27: Launching Executing install in E__microservicio_usuario-service] INFO  o.eclipse.m2e.core.internal.Bundles - 	Entry: C:\Users\Ruben\.p2\pool\plugins\org.eclipse.m2e.maven.runtime_3.9.600.20231203-1234\jars\guice-5.1.0.jar
2025-04-09 07:10:39,057 [Worker-27: Launching Executing install in E__microservicio_usuario-service] INFO  o.eclipse.m2e.core.internal.Bundles - 	Entry: C:\Users\Ruben\.p2\pool\plugins\org.eclipse.m2e.maven.runtime_3.9.600.20231203-1234\jars\httpclient-4.5.14.jar
2025-04-09 07:10:39,057 [Worker-27: Launching Executing install in E__microservicio_usuario-service] INFO  o.eclipse.m2e.core.internal.Bundles - 	Entry: C:\Users\Ruben\.p2\pool\plugins\org.eclipse.m2e.maven.runtime_3.9.600.20231203-1234\jars\httpcore-4.4.16.jar
2025-04-09 07:10:39,057 [Worker-27: Launching Executing install in E__microservicio_usuario-service] INFO  o.eclipse.m2e.core.internal.Bundles - 	Entry: C:\Users\Ruben\.p2\pool\plugins\org.eclipse.m2e.maven.runtime_3.9.600.20231203-1234\jars\jansi-2.4.0.jar
2025-04-09 07:10:39,057 [Worker-27: Launching Executing install in E__microservicio_usuario-service] INFO  o.eclipse.m2e.core.internal.Bundles - 	Entry: C:\Users\Ruben\.p2\pool\plugins\org.eclipse.m2e.maven.runtime_3.9.600.20231203-1234\jars\jcl-over-slf4j-1.7.36.jar
2025-04-09 07:10:39,059 [Worker-27: Launching Executing install in E__microservicio_usuario-service] INFO  o.eclipse.m2e.core.internal.Bundles - 	Entry: C:\Users\Ruben\.p2\pool\plugins\org.eclipse.m2e.maven.runtime_3.9.600.20231203-1234\jars\maven-artifact-3.9.6.jar
2025-04-09 07:10:39,059 [Worker-27: Launching Executing install in E__microservicio_usuario-service] INFO  o.eclipse.m2e.core.internal.Bundles - 	Entry: C:\Users\Ruben\.p2\pool\plugins\org.eclipse.m2e.maven.runtime_3.9.600.20231203-1234\jars\maven-builder-support-3.9.6.jar
2025-04-09 07:10:39,060 [Worker-27: Launching Executing install in E__microservicio_usuario-service] INFO  o.eclipse.m2e.core.internal.Bundles - 	Entry: C:\Users\Ruben\.p2\pool\plugins\org.eclipse.m2e.maven.runtime_3.9.600.20231203-1234\jars\maven-compat-3.9.6.jar
2025-04-09 07:10:39,060 [Worker-27: Launching Executing install in E__microservicio_usuario-service] INFO  o.eclipse.m2e.core.internal.Bundles - 	Entry: C:\Users\Ruben\.p2\pool\plugins\org.eclipse.m2e.maven.runtime_3.9.600.20231203-1234\jars\maven-core-3.9.6.jar
2025-04-09 07:10:39,061 [Worker-27: Launching Executing install in E__microservicio_usuario-service] INFO  o.eclipse.m2e.core.internal.Bundles - 	Entry: C:\Users\Ruben\.p2\pool\plugins\org.eclipse.m2e.maven.runtime_3.9.600.20231203-1234\jars\maven-embedder-3.9.6.jar
2025-04-09 07:10:39,061 [Worker-27: Launching Executing install in E__microservicio_usuario-service] INFO  o.eclipse.m2e.core.internal.Bundles - 	Entry: C:\Users\Ruben\.p2\pool\plugins\org.eclipse.m2e.maven.runtime_3.9.600.20231203-1234\jars\maven-model-3.9.6.jar
2025-04-09 07:10:39,062 [Worker-27: Launching Executing install in E__microservicio_usuario-service] INFO  o.eclipse.m2e.core.internal.Bundles - 	Entry: C:\Users\Ruben\.p2\pool\plugins\org.eclipse.m2e.maven.runtime_3.9.600.20231203-1234\jars\maven-model-builder-3.9.6.jar
2025-04-09 07:10:39,062 [Worker-27: Launching Executing install in E__microservicio_usuario-service] INFO  o.eclipse.m2e.core.internal.Bundles - 	Entry: C:\Users\Ruben\.p2\pool\plugins\org.eclipse.m2e.maven.runtime_3.9.600.20231203-1234\jars\maven-plugin-api-3.9.6.jar
2025-04-09 07:10:39,062 [Worker-27: Launching Executing install in E__microservicio_usuario-service] INFO  o.eclipse.m2e.core.internal.Bundles - 	Entry: C:\Users\Ruben\.p2\pool\plugins\org.eclipse.m2e.maven.runtime_3.9.600.20231203-1234\jars\maven-repository-metadata-3.9.6.jar
2025-04-09 07:10:39,063 [Worker-27: Launching Executing install in E__microservicio_usuario-service] INFO  o.eclipse.m2e.core.internal.Bundles - 	Entry: C:\Users\Ruben\.p2\pool\plugins\org.eclipse.m2e.maven.runtime_3.9.600.20231203-1234\jars\maven-resolver-api-1.9.18.jar
2025-04-09 07:10:39,063 [Worker-27: Launching Executing install in E__microservicio_usuario-service] INFO  o.eclipse.m2e.core.internal.Bundles - 	Entry: C:\Users\Ruben\.p2\pool\plugins\org.eclipse.m2e.maven.runtime_3.9.600.20231203-1234\jars\maven-resolver-connector-basic-1.9.18.jar
2025-04-09 07:10:39,064 [Worker-27: Launching Executing install in E__microservicio_usuario-service] INFO  o.eclipse.m2e.core.internal.Bundles - 	Entry: C:\Users\Ruben\.p2\pool\plugins\org.eclipse.m2e.maven.runtime_3.9.600.20231203-1234\jars\maven-resolver-impl-1.9.18.jar
2025-04-09 07:10:39,064 [Worker-27: Launching Executing install in E__microservicio_usuario-service] INFO  o.eclipse.m2e.core.internal.Bundles - 	Entry: C:\Users\Ruben\.p2\pool\plugins\org.eclipse.m2e.maven.runtime_3.9.600.20231203-1234\jars\maven-resolver-named-locks-1.9.18.jar
2025-04-09 07:10:39,064 [Worker-27: Launching Executing install in E__microservicio_usuario-service] INFO  o.eclipse.m2e.core.internal.Bundles - 	Entry: C:\Users\Ruben\.p2\pool\plugins\org.eclipse.m2e.maven.runtime_3.9.600.20231203-1234\jars\maven-resolver-provider-3.9.6.jar
2025-04-09 07:10:39,065 [Worker-27: Launching Executing install in E__microservicio_usuario-service] INFO  o.eclipse.m2e.core.internal.Bundles - 	Entry: C:\Users\Ruben\.p2\pool\plugins\org.eclipse.m2e.maven.runtime_3.9.600.20231203-1234\jars\maven-resolver-spi-1.9.18.jar
2025-04-09 07:10:39,065 [Worker-27: Launching Executing install in E__microservicio_usuario-service] INFO  o.eclipse.m2e.core.internal.Bundles - 	Entry: C:\Users\Ruben\.p2\pool\plugins\org.eclipse.m2e.maven.runtime_3.9.600.20231203-1234\jars\maven-resolver-transport-file-1.9.18.jar
2025-04-09 07:10:39,065 [Worker-27: Launching Executing install in E__microservicio_usuario-service] INFO  o.eclipse.m2e.core.internal.Bundles - 	Entry: C:\Users\Ruben\.p2\pool\plugins\org.eclipse.m2e.maven.runtime_3.9.600.20231203-1234\jars\maven-resolver-transport-http-1.9.18.jar
2025-04-09 07:10:39,066 [Worker-27: Launching Executing install in E__microservicio_usuario-service] INFO  o.eclipse.m2e.core.internal.Bundles - 	Entry: C:\Users\Ruben\.p2\pool\plugins\org.eclipse.m2e.maven.runtime_3.9.600.20231203-1234\jars\maven-resolver-transport-wagon-1.9.18.jar
2025-04-09 07:10:39,066 [Worker-27: Launching Executing install in E__microservicio_usuario-service] INFO  o.eclipse.m2e.core.internal.Bundles - 	Entry: C:\Users\Ruben\.p2\pool\plugins\org.eclipse.m2e.maven.runtime_3.9.600.20231203-1234\jars\maven-resolver-util-1.9.18.jar
2025-04-09 07:10:39,066 [Worker-27: Launching Executing install in E__microservicio_usuario-service] INFO  o.eclipse.m2e.core.internal.Bundles - 	Entry: C:\Users\Ruben\.p2\pool\plugins\org.eclipse.m2e.maven.runtime_3.9.600.20231203-1234\jars\maven-settings-3.9.6.jar
2025-04-09 07:10:39,067 [Worker-27: Launching Executing install in E__microservicio_usuario-service] INFO  o.eclipse.m2e.core.internal.Bundles - 	Entry: C:\Users\Ruben\.p2\pool\plugins\org.eclipse.m2e.maven.runtime_3.9.600.20231203-1234\jars\maven-settings-builder-3.9.6.jar
2025-04-09 07:10:39,067 [Worker-27: Launching Executing install in E__microservicio_usuario-service] INFO  o.eclipse.m2e.core.internal.Bundles - 	Entry: C:\Users\Ruben\.p2\pool\plugins\org.eclipse.m2e.maven.runtime_3.9.600.20231203-1234\jars\maven-shared-utils-3.3.4.jar
2025-04-09 07:10:39,068 [Worker-27: Launching Executing install in E__microservicio_usuario-service] INFO  o.eclipse.m2e.core.internal.Bundles - 	Entry: C:\Users\Ruben\.p2\pool\plugins\org.eclipse.m2e.maven.runtime_3.9.600.20231203-1234\jars\org.eclipse.sisu.inject-0.9.0.M2.jar
2025-04-09 07:10:39,068 [Worker-27: Launching Executing install in E__microservicio_usuario-service] INFO  o.eclipse.m2e.core.internal.Bundles - 	Entry: C:\Users\Ruben\.p2\pool\plugins\org.eclipse.m2e.maven.runtime_3.9.600.20231203-1234\jars\org.eclipse.sisu.plexus-0.9.0.M2.jar
2025-04-09 07:10:39,068 [Worker-27: Launching Executing install in E__microservicio_usuario-service] INFO  o.eclipse.m2e.core.internal.Bundles - 	Entry: C:\Users\Ruben\.p2\pool\plugins\org.eclipse.m2e.maven.runtime_3.9.600.20231203-1234\jars\plexus-build-api-0.0.7.jar
2025-04-09 07:10:39,069 [Worker-27: Launching Executing install in E__microservicio_usuario-service] INFO  o.eclipse.m2e.core.internal.Bundles - 	Entry: C:\Users\Ruben\.p2\pool\plugins\org.eclipse.m2e.maven.runtime_3.9.600.20231203-1234\jars\plexus-cipher-2.0.jar
2025-04-09 07:10:39,069 [Worker-27: Launching Executing install in E__microservicio_usuario-service] INFO  o.eclipse.m2e.core.internal.Bundles - 	Entry: C:\Users\Ruben\.p2\pool\plugins\org.eclipse.m2e.maven.runtime_3.9.600.20231203-1234\jars\plexus-classworlds-2.7.0.jar
2025-04-09 07:10:39,070 [Worker-27: Launching Executing install in E__microservicio_usuario-service] INFO  o.eclipse.m2e.core.internal.Bundles - 	Entry: C:\Users\Ruben\.p2\pool\plugins\org.eclipse.m2e.maven.runtime_3.9.600.20231203-1234\jars\plexus-component-annotations-2.1.0.jar
2025-04-09 07:10:39,070 [Worker-27: Launching Executing install in E__microservicio_usuario-service] INFO  o.eclipse.m2e.core.internal.Bundles - 	Entry: C:\Users\Ruben\.p2\pool\plugins\org.eclipse.m2e.maven.runtime_3.9.600.20231203-1234\jars\plexus-interpolation-1.26.jar
2025-04-09 07:10:39,070 [Worker-27: Launching Executing install in E__microservicio_usuario-service] INFO  o.eclipse.m2e.core.internal.Bundles - 	Entry: C:\Users\Ruben\.p2\pool\plugins\org.eclipse.m2e.maven.runtime_3.9.600.20231203-1234\jars\plexus-sec-dispatcher-2.0.jar
2025-04-09 07:10:39,071 [Worker-27: Launching Executing install in E__microservicio_usuario-service] INFO  o.eclipse.m2e.core.internal.Bundles - 	Entry: C:\Users\Ruben\.p2\pool\plugins\org.eclipse.m2e.maven.runtime_3.9.600.20231203-1234\jars\plexus-utils-3.5.1.jar
2025-04-09 07:10:39,071 [Worker-27: Launching Executing install in E__microservicio_usuario-service] INFO  o.eclipse.m2e.core.internal.Bundles - 	Entry: C:\Users\Ruben\.p2\pool\plugins\org.eclipse.m2e.maven.runtime_3.9.600.20231203-1234\jars\wagon-file-3.5.3.jar
2025-04-09 07:10:39,072 [Worker-27: Launching Executing install in E__microservicio_usuario-service] INFO  o.eclipse.m2e.core.internal.Bundles - 	Entry: C:\Users\Ruben\.p2\pool\plugins\org.eclipse.m2e.maven.runtime_3.9.600.20231203-1234\jars\wagon-http-3.5.3.jar
2025-04-09 07:10:39,072 [Worker-27: Launching Executing install in E__microservicio_usuario-service] INFO  o.eclipse.m2e.core.internal.Bundles - 	Entry: C:\Users\Ruben\.p2\pool\plugins\org.eclipse.m2e.maven.runtime_3.9.600.20231203-1234\jars\wagon-http-shared-3.5.3.jar
2025-04-09 07:10:39,073 [Worker-27: Launching Executing install in E__microservicio_usuario-service] INFO  o.eclipse.m2e.core.internal.Bundles - 	Entry: C:\Users\Ruben\.p2\pool\plugins\org.eclipse.m2e.maven.runtime_3.9.600.20231203-1234\jars\wagon-provider-api-3.5.3.jar
2025-04-09 07:10:39,073 [Worker-27: Launching Executing install in E__microservicio_usuario-service] INFO  o.eclipse.m2e.core.internal.Bundles - getClasspathEntries(Bundle=com.google.guava_33.0.0.jre [10])
2025-04-09 07:10:39,074 [Worker-27: Launching Executing install in E__microservicio_usuario-service] INFO  o.eclipse.m2e.core.internal.Bundles - 	Entry: C:\Users\Ruben\.p2\pool\plugins\com.google.guava_33.0.0.jre.jar
2025-04-09 07:10:39,074 [Worker-27: Launching Executing install in E__microservicio_usuario-service] INFO  o.eclipse.m2e.core.internal.Bundles - getClasspathEntries(Bundle=slf4j.api_2.0.13 [518])
2025-04-09 07:10:39,076 [Worker-27: Launching Executing install in E__microservicio_usuario-service] INFO  o.eclipse.m2e.core.internal.Bundles - 	Entry: C:\Users\Ruben\.p2\pool\plugins\slf4j.api_2.0.13.jar
2025-04-09 07:10:39,077 [Worker-27: Launching Executing install in E__microservicio_usuario-service] INFO  o.eclipse.m2e.core.internal.Bundles - getClasspathEntries(Bundle=jakarta.inject.jakarta.inject-api_1.0.5 [22])
2025-04-09 07:10:39,078 [Worker-27: Launching Executing install in E__microservicio_usuario-service] INFO  o.eclipse.m2e.core.internal.Bundles - 	Entry: C:\Users\Ruben\.p2\pool\plugins\jakarta.inject.jakarta.inject-api_1.0.5.jar
2025-04-09 07:10:39,078 [Worker-27: Launching Executing install in E__microservicio_usuario-service] INFO  o.eclipse.m2e.core.internal.Bundles - getClasspathEntries(Bundle=jakarta.annotation-api_1.3.5 [20])
2025-04-09 07:10:39,079 [Worker-27: Launching Executing install in E__microservicio_usuario-service] INFO  o.eclipse.m2e.core.internal.Bundles - 	Entry: C:\Users\Ruben\.p2\pool\plugins\jakarta.annotation-api_1.3.5.jar
2025-04-09 07:10:39,079 [Worker-27: Launching Executing install in E__microservicio_usuario-service] INFO  o.eclipse.m2e.core.internal.Bundles - getClasspathEntries(Bundle=org.apache.commons.cli_1.6.0 [46])
2025-04-09 07:10:39,080 [Worker-27: Launching Executing install in E__microservicio_usuario-service] INFO  o.eclipse.m2e.core.internal.Bundles - 	Entry: C:\Users\Ruben\.p2\pool\plugins\org.apache.commons.cli_1.6.0.jar
2025-04-09 07:10:39,080 [Worker-27: Launching Executing install in E__microservicio_usuario-service] INFO  o.eclipse.m2e.core.internal.Bundles - getClasspathEntries(Bundle=org.apache.commons.commons-codec_1.16.0 [47])
2025-04-09 07:10:39,081 [Worker-27: Launching Executing install in E__microservicio_usuario-service] INFO  o.eclipse.m2e.core.internal.Bundles - 	Entry: C:\Users\Ruben\.p2\pool\plugins\org.apache.commons.commons-codec_1.16.0.jar
2025-04-09 07:10:39,081 [Worker-27: Launching Executing install in E__microservicio_usuario-service] INFO  o.eclipse.m2e.core.internal.Bundles - getClasspathEntries(Bundle=org.apache.commons.lang3_3.14.0 [53])
2025-04-09 07:10:39,082 [Worker-27: Launching Executing install in E__microservicio_usuario-service] INFO  o.eclipse.m2e.core.internal.Bundles - 	Entry: C:\Users\Ruben\.p2\pool\plugins\org.apache.commons.lang3_3.14.0.jar
2025-04-09 07:10:39,082 [Worker-27: Launching Executing install in E__microservicio_usuario-service] INFO  o.eclipse.m2e.core.internal.Bundles - getClasspathEntries(Bundle=com.google.guava.failureaccess_1.0.2 [11])
2025-04-09 07:10:39,082 [Worker-27: Launching Executing install in E__microservicio_usuario-service] INFO  o.eclipse.m2e.core.internal.Bundles - 	Entry: C:\Users\Ruben\.p2\pool\plugins\com.google.guava.failureaccess_1.0.2.jar
2025-04-09 07:10:39,084 [Worker-27: Launching Executing install in E__microservicio_usuario-service] INFO  o.e.m.i.launch.MavenLaunchDelegate - Run build in "E:\microservicio\usuario-service":
2025-04-09 07:10:39,084 [Worker-27: Launching Executing install in E__microservicio_usuario-service] INFO  o.e.m.i.launch.MavenLaunchDelegate -  mvn  -Ppom.xml -B -Dstyle.color=always install
2025-04-09 07:11:02,400 [Worker-30: Building] INFO  o.a.m.s.f.DefaultMavenResourcesFiltering - Copying 1 resource from src\main\resources to target\classes
2025-04-09 07:11:02,403 [Worker-30: Building] INFO  o.a.m.s.f.DefaultMavenResourcesFiltering - Copying 0 resource from src\main\resources to target\classes
2025-04-09 07:11:02,408 [Worker-30: Building] INFO  o.a.m.s.f.DefaultMavenResourcesFiltering - skip non existing resourceDirectory E:\microservicio\usuario-service\src\test\resources
2025-04-09 07:12:41,793 [Worker-30: Updating Maven Project] INFO  o.e.m.c.i.p.ProjectConfigurationManager - Update started
2025-04-09 07:12:42,521 [Worker-30: Updating Maven Project] INFO  o.e.m.c.i.l.LifecycleMappingFactory - Using org.eclipse.m2e.jdt.JarLifecycleMapping lifecycle mapping for MavenProject: auth-service:usuario-service:0.0.1-SNAPSHOT @ E:\microservicio\usuario-service\pom.xml.
2025-04-09 07:12:44,145 [Worker-30: Updating Maven Project] INFO  o.e.m.j.i.AbstractJavaProjectConfigurator - Adding source folder /usuario-service/src/main/java
2025-04-09 07:12:44,146 [Worker-30: Updating Maven Project] INFO  o.e.m.j.i.AbstractJavaProjectConfigurator - Adding resource folder /usuario-service/src/main/resources
2025-04-09 07:12:44,148 [Worker-30: Updating Maven Project] INFO  o.e.m.j.i.AbstractJavaProjectConfigurator - Adding resource folder /usuario-service/src/main/resources
2025-04-09 07:12:44,148 [Worker-30: Updating Maven Project] INFO  o.e.m.j.i.AbstractJavaProjectConfigurator - Adding source folder /usuario-service/src/test/java
2025-04-09 07:12:44,149 [Worker-30: Updating Maven Project] INFO  o.e.m.j.i.AbstractJavaProjectConfigurator - Adding resource folder /usuario-service/src/test/resources
2025-04-09 07:12:45,008 [Worker-30: Updating Maven Project] INFO  o.e.m.c.i.p.ProjectConfigurationManager - Update completed for 1 poms: local refresh takes 0,00 sec, refresh facades takes 2,00 sec, update config takes 0,00 sec 
2025-04-09 07:12:45,766 [Worker-31: Building] INFO  o.a.m.s.f.DefaultMavenResourcesFiltering - Copying 1 resource from src\main\resources to target\classes
2025-04-09 07:12:45,788 [Worker-31: Building] INFO  o.a.m.s.f.DefaultMavenResourcesFiltering - Copying 0 resource from src\main\resources to target\classes
2025-04-09 07:12:45,795 [Worker-31: Building] INFO  o.a.m.s.f.DefaultMavenResourcesFiltering - skip non existing resourceDirectory E:\microservicio\usuario-service\src\test\resources
2025-04-09 07:16:12,420 [Worker-29: Building] INFO  o.e.m.c.i.l.LifecycleMappingFactory - Using org.eclipse.m2e.jdt.JarLifecycleMapping lifecycle mapping for MavenProject: auth-service:usuario-service:0.0.1-SNAPSHOT @ E:\microservicio\usuario-service\pom.xml.
2025-04-09 07:16:14,858 [Worker-29: Building] INFO  o.a.m.s.f.DefaultMavenResourcesFiltering - Copying 0 resource from src\main\resources to target\classes
2025-04-09 07:16:14,859 [Worker-29: Building] INFO  o.a.m.s.f.DefaultMavenResourcesFiltering - Copying 0 resource from src\main\resources to target\classes
2025-04-09 07:16:14,866 [Worker-29: Building] INFO  o.a.m.s.f.DefaultMavenResourcesFiltering - skip non existing resourceDirectory E:\microservicio\usuario-service\src\test\resources
2025-04-09 07:16:16,679 [Worker-30: Building] INFO  o.a.m.s.f.DefaultMavenResourcesFiltering - Copying 1 resource from src\main\resources to target\classes
2025-04-09 07:16:16,703 [Worker-30: Building] INFO  o.a.m.s.f.DefaultMavenResourcesFiltering - Copying 0 resource from src\main\resources to target\classes
2025-04-09 07:16:16,707 [Worker-30: Building] INFO  o.a.m.s.f.DefaultMavenResourcesFiltering - skip non existing resourceDirectory E:\microservicio\usuario-service\src\test\resources
2025-04-09 07:16:17,064 [Worker-33: Updating Maven Project] INFO  o.e.m.c.i.p.ProjectConfigurationManager - Update started
2025-04-09 07:16:17,897 [Worker-33: Updating Maven Project] INFO  o.e.m.c.i.l.LifecycleMappingFactory - Using org.eclipse.m2e.jdt.JarLifecycleMapping lifecycle mapping for MavenProject: auth-service:usuario-service:0.0.1-SNAPSHOT @ E:\microservicio\usuario-service\pom.xml.
2025-04-09 07:16:19,404 [Worker-33: Updating Maven Project] INFO  o.e.m.j.i.AbstractJavaProjectConfigurator - Adding source folder /usuario-service/src/main/java
2025-04-09 07:16:19,405 [Worker-33: Updating Maven Project] INFO  o.e.m.j.i.AbstractJavaProjectConfigurator - Adding resource folder /usuario-service/src/main/resources
2025-04-09 07:16:19,406 [Worker-33: Updating Maven Project] INFO  o.e.m.j.i.AbstractJavaProjectConfigurator - Adding resource folder /usuario-service/src/main/resources
2025-04-09 07:16:19,406 [Worker-33: Updating Maven Project] INFO  o.e.m.j.i.AbstractJavaProjectConfigurator - Adding source folder /usuario-service/src/test/java
2025-04-09 07:16:19,407 [Worker-33: Updating Maven Project] INFO  o.e.m.j.i.AbstractJavaProjectConfigurator - Adding resource folder /usuario-service/src/test/resources
2025-04-09 07:16:19,967 [Worker-33: Updating Maven Project] INFO  o.e.m.c.i.p.ProjectConfigurationManager - Update completed for 1 poms: local refresh takes 0,00 sec, refresh facades takes 2,00 sec, update config takes 0,00 sec 
2025-04-09 07:16:20,637 [Worker-32: Building] INFO  o.a.m.s.f.DefaultMavenResourcesFiltering - Copying 1 resource from src\main\resources to target\classes
2025-04-09 07:16:20,665 [Worker-32: Building] INFO  o.a.m.s.f.DefaultMavenResourcesFiltering - Copying 0 resource from src\main\resources to target\classes
2025-04-09 07:16:20,673 [Worker-32: Building] INFO  o.a.m.s.f.DefaultMavenResourcesFiltering - skip non existing resourceDirectory E:\microservicio\usuario-service\src\test\resources
2025-04-09 07:17:53,483 [Worker-30: Building] INFO  o.e.m.c.i.l.LifecycleMappingFactory - Using org.eclipse.m2e.jdt.JarLifecycleMapping lifecycle mapping for MavenProject: auth-service:usuario-service:0.0.1-SNAPSHOT @ E:\microservicio\usuario-service\pom.xml.
2025-04-09 07:17:55,145 [Worker-30: Building] INFO  o.a.m.s.f.DefaultMavenResourcesFiltering - Copying 0 resource from src\main\resources to target\classes
2025-04-09 07:17:55,146 [Worker-30: Building] INFO  o.a.m.s.f.DefaultMavenResourcesFiltering - Copying 0 resource from src\main\resources to target\classes
2025-04-09 07:17:55,153 [Worker-30: Building] INFO  o.a.m.s.f.DefaultMavenResourcesFiltering - skip non existing resourceDirectory E:\microservicio\usuario-service\src\test\resources
2025-04-09 07:17:56,600 [Worker-32: Building] INFO  o.a.m.s.f.DefaultMavenResourcesFiltering - Copying 1 resource from src\main\resources to target\classes
2025-04-09 07:17:56,620 [Worker-32: Building] INFO  o.a.m.s.f.DefaultMavenResourcesFiltering - Copying 0 resource from src\main\resources to target\classes
2025-04-09 07:17:56,625 [Worker-32: Building] INFO  o.a.m.s.f.DefaultMavenResourcesFiltering - skip non existing resourceDirectory E:\microservicio\usuario-service\src\test\resources
2025-04-09 07:18:17,314 [Worker-34: Building] INFO  o.e.m.c.i.l.LifecycleMappingFactory - Using org.eclipse.m2e.jdt.JarLifecycleMapping lifecycle mapping for MavenProject: auth-service:usuario-service:0.0.1-SNAPSHOT @ E:\microservicio\usuario-service\pom.xml.
2025-04-09 07:18:18,324 [Worker-34: Building] INFO  o.e.m.c.i.e.AbstractTransferListenerAdapter - Downloading https://repo.maven.apache.org/maven2/org/springframework/cloud/spring-cloud-starter-bootstrap/4.2.1/spring-cloud-starter-bootstrap-4.2.1.pom
2025-04-09 07:18:18,337 [Worker-34: Building] INFO  o.e.m.c.i.e.AbstractTransferListenerAdapter - Downloaded https://repo.maven.apache.org/maven2/org/springframework/cloud/spring-cloud-starter-bootstrap/4.2.1/spring-cloud-starter-bootstrap-4.2.1.pom
2025-04-09 07:18:18,831 [Worker-34: Building] INFO  o.e.m.c.i.e.AbstractTransferListenerAdapter - Downloading https://repo.maven.apache.org/maven2/org/springframework/cloud/spring-cloud-starter-bootstrap/4.2.1/spring-cloud-starter-bootstrap-4.2.1.jar
2025-04-09 07:18:18,848 [Worker-34: Building] INFO  o.e.m.c.i.e.AbstractTransferListenerAdapter - Downloaded https://repo.maven.apache.org/maven2/org/springframework/cloud/spring-cloud-starter-bootstrap/4.2.1/spring-cloud-starter-bootstrap-4.2.1.jar
2025-04-09 07:18:19,321 [Worker-34: Building] INFO  o.a.m.s.f.DefaultMavenResourcesFiltering - Copying 0 resource from src\main\resources to target\classes
2025-04-09 07:18:19,322 [Worker-34: Building] INFO  o.a.m.s.f.DefaultMavenResourcesFiltering - Copying 0 resource from src\main\resources to target\classes
2025-04-09 07:18:19,328 [Worker-34: Building] INFO  o.a.m.s.f.DefaultMavenResourcesFiltering - skip non existing resourceDirectory E:\microservicio\usuario-service\src\test\resources
2025-04-09 07:18:20,466 [Worker-34: Download sources and javadoc] INFO  o.e.m.c.i.e.AbstractTransferListenerAdapter - Downloading https://repo.maven.apache.org/maven2/org/springframework/cloud/spring-cloud-starter-bootstrap/4.2.1/spring-cloud-starter-bootstrap-4.2.1-sources.jar
2025-04-09 07:18:20,475 [Worker-34: Download sources and javadoc] INFO  o.e.m.c.i.e.AbstractTransferListenerAdapter - Downloaded https://repo.maven.apache.org/maven2/org/springframework/cloud/spring-cloud-starter-bootstrap/4.2.1/spring-cloud-starter-bootstrap-4.2.1-sources.jar
2025-04-09 07:18:20,482 [Worker-34: Download sources and javadoc] INFO  o.e.m.j.internal.DownloadSourcesJob - Downloaded sources for org.springframework.cloud:spring-cloud-starter-bootstrap:4.2.1
2025-04-09 07:18:21,333 [Worker-35: Building] INFO  o.a.m.s.f.DefaultMavenResourcesFiltering - Copying 1 resource from src\main\resources to target\classes
2025-04-09 07:18:21,362 [Worker-35: Building] INFO  o.a.m.s.f.DefaultMavenResourcesFiltering - Copying 0 resource from src\main\resources to target\classes
2025-04-09 07:18:21,367 [Worker-35: Building] INFO  o.a.m.s.f.DefaultMavenResourcesFiltering - skip non existing resourceDirectory E:\microservicio\usuario-service\src\test\resources
2025-04-09 07:18:28,933 [main] INFO  o.e.m2e.actions.ExecutePomAction - Creating new launch configuration
2025-04-09 07:18:32,240 [Worker-29: Launching usuario-service] INFO  o.eclipse.m2e.core.internal.Bundles - getClasspathEntries(Bundle=org.eclipse.m2e.maven.runtime_3.9.600.20231203-1234 [297])
2025-04-09 07:18:32,242 [Worker-29: Launching usuario-service] INFO  o.eclipse.m2e.core.internal.Bundles - 	Entry: C:\Users\Ruben\.p2\pool\plugins\org.eclipse.m2e.maven.runtime_3.9.600.20231203-1234
2025-04-09 07:18:32,242 [Worker-29: Launching usuario-service] INFO  o.eclipse.m2e.core.internal.Bundles - 	Entry: C:\Users\Ruben\.p2\pool\plugins\org.eclipse.m2e.maven.runtime_3.9.600.20231203-1234\jars\aopalliance-1.0.jar
2025-04-09 07:18:32,243 [Worker-29: Launching usuario-service] INFO  o.eclipse.m2e.core.internal.Bundles - 	Entry: C:\Users\Ruben\.p2\pool\plugins\org.eclipse.m2e.maven.runtime_3.9.600.20231203-1234\jars\guice-5.1.0.jar
2025-04-09 07:18:32,243 [Worker-29: Launching usuario-service] INFO  o.eclipse.m2e.core.internal.Bundles - 	Entry: C:\Users\Ruben\.p2\pool\plugins\org.eclipse.m2e.maven.runtime_3.9.600.20231203-1234\jars\httpclient-4.5.14.jar
2025-04-09 07:18:32,243 [Worker-29: Launching usuario-service] INFO  o.eclipse.m2e.core.internal.Bundles - 	Entry: C:\Users\Ruben\.p2\pool\plugins\org.eclipse.m2e.maven.runtime_3.9.600.20231203-1234\jars\httpcore-4.4.16.jar
2025-04-09 07:18:32,243 [Worker-29: Launching usuario-service] INFO  o.eclipse.m2e.core.internal.Bundles - 	Entry: C:\Users\Ruben\.p2\pool\plugins\org.eclipse.m2e.maven.runtime_3.9.600.20231203-1234\jars\jansi-2.4.0.jar
2025-04-09 07:18:32,244 [Worker-29: Launching usuario-service] INFO  o.eclipse.m2e.core.internal.Bundles - 	Entry: C:\Users\Ruben\.p2\pool\plugins\org.eclipse.m2e.maven.runtime_3.9.600.20231203-1234\jars\jcl-over-slf4j-1.7.36.jar
2025-04-09 07:18:32,244 [Worker-29: Launching usuario-service] INFO  o.eclipse.m2e.core.internal.Bundles - 	Entry: C:\Users\Ruben\.p2\pool\plugins\org.eclipse.m2e.maven.runtime_3.9.600.20231203-1234\jars\maven-artifact-3.9.6.jar
2025-04-09 07:18:32,244 [Worker-29: Launching usuario-service] INFO  o.eclipse.m2e.core.internal.Bundles - 	Entry: C:\Users\Ruben\.p2\pool\plugins\org.eclipse.m2e.maven.runtime_3.9.600.20231203-1234\jars\maven-builder-support-3.9.6.jar
2025-04-09 07:18:32,244 [Worker-29: Launching usuario-service] INFO  o.eclipse.m2e.core.internal.Bundles - 	Entry: C:\Users\Ruben\.p2\pool\plugins\org.eclipse.m2e.maven.runtime_3.9.600.20231203-1234\jars\maven-compat-3.9.6.jar
2025-04-09 07:18:32,245 [Worker-29: Launching usuario-service] INFO  o.eclipse.m2e.core.internal.Bundles - 	Entry: C:\Users\Ruben\.p2\pool\plugins\org.eclipse.m2e.maven.runtime_3.9.600.20231203-1234\jars\maven-core-3.9.6.jar
2025-04-09 07:18:32,245 [Worker-29: Launching usuario-service] INFO  o.eclipse.m2e.core.internal.Bundles - 	Entry: C:\Users\Ruben\.p2\pool\plugins\org.eclipse.m2e.maven.runtime_3.9.600.20231203-1234\jars\maven-embedder-3.9.6.jar
2025-04-09 07:18:32,245 [Worker-29: Launching usuario-service] INFO  o.eclipse.m2e.core.internal.Bundles - 	Entry: C:\Users\Ruben\.p2\pool\plugins\org.eclipse.m2e.maven.runtime_3.9.600.20231203-1234\jars\maven-model-3.9.6.jar
2025-04-09 07:18:32,245 [Worker-29: Launching usuario-service] INFO  o.eclipse.m2e.core.internal.Bundles - 	Entry: C:\Users\Ruben\.p2\pool\plugins\org.eclipse.m2e.maven.runtime_3.9.600.20231203-1234\jars\maven-model-builder-3.9.6.jar
2025-04-09 07:18:32,245 [Worker-29: Launching usuario-service] INFO  o.eclipse.m2e.core.internal.Bundles - 	Entry: C:\Users\Ruben\.p2\pool\plugins\org.eclipse.m2e.maven.runtime_3.9.600.20231203-1234\jars\maven-plugin-api-3.9.6.jar
2025-04-09 07:18:32,246 [Worker-29: Launching usuario-service] INFO  o.eclipse.m2e.core.internal.Bundles - 	Entry: C:\Users\Ruben\.p2\pool\plugins\org.eclipse.m2e.maven.runtime_3.9.600.20231203-1234\jars\maven-repository-metadata-3.9.6.jar
2025-04-09 07:18:32,246 [Worker-29: Launching usuario-service] INFO  o.eclipse.m2e.core.internal.Bundles - 	Entry: C:\Users\Ruben\.p2\pool\plugins\org.eclipse.m2e.maven.runtime_3.9.600.20231203-1234\jars\maven-resolver-api-1.9.18.jar
2025-04-09 07:18:32,246 [Worker-29: Launching usuario-service] INFO  o.eclipse.m2e.core.internal.Bundles - 	Entry: C:\Users\Ruben\.p2\pool\plugins\org.eclipse.m2e.maven.runtime_3.9.600.20231203-1234\jars\maven-resolver-connector-basic-1.9.18.jar
2025-04-09 07:18:32,246 [Worker-29: Launching usuario-service] INFO  o.eclipse.m2e.core.internal.Bundles - 	Entry: C:\Users\Ruben\.p2\pool\plugins\org.eclipse.m2e.maven.runtime_3.9.600.20231203-1234\jars\maven-resolver-impl-1.9.18.jar
2025-04-09 07:18:32,246 [Worker-29: Launching usuario-service] INFO  o.eclipse.m2e.core.internal.Bundles - 	Entry: C:\Users\Ruben\.p2\pool\plugins\org.eclipse.m2e.maven.runtime_3.9.600.20231203-1234\jars\maven-resolver-named-locks-1.9.18.jar
2025-04-09 07:18:32,247 [Worker-29: Launching usuario-service] INFO  o.eclipse.m2e.core.internal.Bundles - 	Entry: C:\Users\Ruben\.p2\pool\plugins\org.eclipse.m2e.maven.runtime_3.9.600.20231203-1234\jars\maven-resolver-provider-3.9.6.jar
2025-04-09 07:18:32,247 [Worker-29: Launching usuario-service] INFO  o.eclipse.m2e.core.internal.Bundles - 	Entry: C:\Users\Ruben\.p2\pool\plugins\org.eclipse.m2e.maven.runtime_3.9.600.20231203-1234\jars\maven-resolver-spi-1.9.18.jar
2025-04-09 07:18:32,247 [Worker-29: Launching usuario-service] INFO  o.eclipse.m2e.core.internal.Bundles - 	Entry: C:\Users\Ruben\.p2\pool\plugins\org.eclipse.m2e.maven.runtime_3.9.600.20231203-1234\jars\maven-resolver-transport-file-1.9.18.jar
2025-04-09 07:18:32,247 [Worker-29: Launching usuario-service] INFO  o.eclipse.m2e.core.internal.Bundles - 	Entry: C:\Users\Ruben\.p2\pool\plugins\org.eclipse.m2e.maven.runtime_3.9.600.20231203-1234\jars\maven-resolver-transport-http-1.9.18.jar
2025-04-09 07:18:32,247 [Worker-29: Launching usuario-service] INFO  o.eclipse.m2e.core.internal.Bundles - 	Entry: C:\Users\Ruben\.p2\pool\plugins\org.eclipse.m2e.maven.runtime_3.9.600.20231203-1234\jars\maven-resolver-transport-wagon-1.9.18.jar
2025-04-09 07:18:32,248 [Worker-29: Launching usuario-service] INFO  o.eclipse.m2e.core.internal.Bundles - 	Entry: C:\Users\Ruben\.p2\pool\plugins\org.eclipse.m2e.maven.runtime_3.9.600.20231203-1234\jars\maven-resolver-util-1.9.18.jar
2025-04-09 07:18:32,248 [Worker-29: Launching usuario-service] INFO  o.eclipse.m2e.core.internal.Bundles - 	Entry: C:\Users\Ruben\.p2\pool\plugins\org.eclipse.m2e.maven.runtime_3.9.600.20231203-1234\jars\maven-settings-3.9.6.jar
2025-04-09 07:18:32,248 [Worker-29: Launching usuario-service] INFO  o.eclipse.m2e.core.internal.Bundles - 	Entry: C:\Users\Ruben\.p2\pool\plugins\org.eclipse.m2e.maven.runtime_3.9.600.20231203-1234\jars\maven-settings-builder-3.9.6.jar
2025-04-09 07:18:32,248 [Worker-29: Launching usuario-service] INFO  o.eclipse.m2e.core.internal.Bundles - 	Entry: C:\Users\Ruben\.p2\pool\plugins\org.eclipse.m2e.maven.runtime_3.9.600.20231203-1234\jars\maven-shared-utils-3.3.4.jar
2025-04-09 07:18:32,248 [Worker-29: Launching usuario-service] INFO  o.eclipse.m2e.core.internal.Bundles - 	Entry: C:\Users\Ruben\.p2\pool\plugins\org.eclipse.m2e.maven.runtime_3.9.600.20231203-1234\jars\org.eclipse.sisu.inject-0.9.0.M2.jar
2025-04-09 07:18:32,248 [Worker-29: Launching usuario-service] INFO  o.eclipse.m2e.core.internal.Bundles - 	Entry: C:\Users\Ruben\.p2\pool\plugins\org.eclipse.m2e.maven.runtime_3.9.600.20231203-1234\jars\org.eclipse.sisu.plexus-0.9.0.M2.jar
2025-04-09 07:18:32,249 [Worker-29: Launching usuario-service] INFO  o.eclipse.m2e.core.internal.Bundles - 	Entry: C:\Users\Ruben\.p2\pool\plugins\org.eclipse.m2e.maven.runtime_3.9.600.20231203-1234\jars\plexus-build-api-0.0.7.jar
2025-04-09 07:18:32,249 [Worker-29: Launching usuario-service] INFO  o.eclipse.m2e.core.internal.Bundles - 	Entry: C:\Users\Ruben\.p2\pool\plugins\org.eclipse.m2e.maven.runtime_3.9.600.20231203-1234\jars\plexus-cipher-2.0.jar
2025-04-09 07:18:32,249 [Worker-29: Launching usuario-service] INFO  o.eclipse.m2e.core.internal.Bundles - 	Entry: C:\Users\Ruben\.p2\pool\plugins\org.eclipse.m2e.maven.runtime_3.9.600.20231203-1234\jars\plexus-classworlds-2.7.0.jar
2025-04-09 07:18:32,249 [Worker-29: Launching usuario-service] INFO  o.eclipse.m2e.core.internal.Bundles - 	Entry: C:\Users\Ruben\.p2\pool\plugins\org.eclipse.m2e.maven.runtime_3.9.600.20231203-1234\jars\plexus-component-annotations-2.1.0.jar
2025-04-09 07:18:32,250 [Worker-29: Launching usuario-service] INFO  o.eclipse.m2e.core.internal.Bundles - 	Entry: C:\Users\Ruben\.p2\pool\plugins\org.eclipse.m2e.maven.runtime_3.9.600.20231203-1234\jars\plexus-interpolation-1.26.jar
2025-04-09 07:18:32,250 [Worker-29: Launching usuario-service] INFO  o.eclipse.m2e.core.internal.Bundles - 	Entry: C:\Users\Ruben\.p2\pool\plugins\org.eclipse.m2e.maven.runtime_3.9.600.20231203-1234\jars\plexus-sec-dispatcher-2.0.jar
2025-04-09 07:18:32,250 [Worker-29: Launching usuario-service] INFO  o.eclipse.m2e.core.internal.Bundles - 	Entry: C:\Users\Ruben\.p2\pool\plugins\org.eclipse.m2e.maven.runtime_3.9.600.20231203-1234\jars\plexus-utils-3.5.1.jar
2025-04-09 07:18:32,250 [Worker-29: Launching usuario-service] INFO  o.eclipse.m2e.core.internal.Bundles - 	Entry: C:\Users\Ruben\.p2\pool\plugins\org.eclipse.m2e.maven.runtime_3.9.600.20231203-1234\jars\wagon-file-3.5.3.jar
2025-04-09 07:18:32,250 [Worker-29: Launching usuario-service] INFO  o.eclipse.m2e.core.internal.Bundles - 	Entry: C:\Users\Ruben\.p2\pool\plugins\org.eclipse.m2e.maven.runtime_3.9.600.20231203-1234\jars\wagon-http-3.5.3.jar
2025-04-09 07:18:32,251 [Worker-29: Launching usuario-service] INFO  o.eclipse.m2e.core.internal.Bundles - 	Entry: C:\Users\Ruben\.p2\pool\plugins\org.eclipse.m2e.maven.runtime_3.9.600.20231203-1234\jars\wagon-http-shared-3.5.3.jar
2025-04-09 07:18:32,251 [Worker-29: Launching usuario-service] INFO  o.eclipse.m2e.core.internal.Bundles - 	Entry: C:\Users\Ruben\.p2\pool\plugins\org.eclipse.m2e.maven.runtime_3.9.600.20231203-1234\jars\wagon-provider-api-3.5.3.jar
2025-04-09 07:18:32,251 [Worker-29: Launching usuario-service] INFO  o.eclipse.m2e.core.internal.Bundles - getClasspathEntries(Bundle=com.google.guava_33.0.0.jre [10])
2025-04-09 07:18:32,252 [Worker-29: Launching usuario-service] INFO  o.eclipse.m2e.core.internal.Bundles - 	Entry: C:\Users\Ruben\.p2\pool\plugins\com.google.guava_33.0.0.jre.jar
2025-04-09 07:18:32,252 [Worker-29: Launching usuario-service] INFO  o.eclipse.m2e.core.internal.Bundles - getClasspathEntries(Bundle=slf4j.api_2.0.13 [518])
2025-04-09 07:18:32,252 [Worker-29: Launching usuario-service] INFO  o.eclipse.m2e.core.internal.Bundles - 	Entry: C:\Users\Ruben\.p2\pool\plugins\slf4j.api_2.0.13.jar
2025-04-09 07:18:32,252 [Worker-29: Launching usuario-service] INFO  o.eclipse.m2e.core.internal.Bundles - getClasspathEntries(Bundle=jakarta.inject.jakarta.inject-api_1.0.5 [22])
2025-04-09 07:18:32,252 [Worker-29: Launching usuario-service] INFO  o.eclipse.m2e.core.internal.Bundles - 	Entry: C:\Users\Ruben\.p2\pool\plugins\jakarta.inject.jakarta.inject-api_1.0.5.jar
2025-04-09 07:18:32,252 [Worker-29: Launching usuario-service] INFO  o.eclipse.m2e.core.internal.Bundles - getClasspathEntries(Bundle=jakarta.annotation-api_1.3.5 [20])
2025-04-09 07:18:32,253 [Worker-29: Launching usuario-service] INFO  o.eclipse.m2e.core.internal.Bundles - 	Entry: C:\Users\Ruben\.p2\pool\plugins\jakarta.annotation-api_1.3.5.jar
2025-04-09 07:18:32,253 [Worker-29: Launching usuario-service] INFO  o.eclipse.m2e.core.internal.Bundles - getClasspathEntries(Bundle=org.apache.commons.cli_1.6.0 [46])
2025-04-09 07:18:32,253 [Worker-29: Launching usuario-service] INFO  o.eclipse.m2e.core.internal.Bundles - 	Entry: C:\Users\Ruben\.p2\pool\plugins\org.apache.commons.cli_1.6.0.jar
2025-04-09 07:18:32,253 [Worker-29: Launching usuario-service] INFO  o.eclipse.m2e.core.internal.Bundles - getClasspathEntries(Bundle=org.apache.commons.commons-codec_1.16.0 [47])
2025-04-09 07:18:32,254 [Worker-29: Launching usuario-service] INFO  o.eclipse.m2e.core.internal.Bundles - 	Entry: C:\Users\Ruben\.p2\pool\plugins\org.apache.commons.commons-codec_1.16.0.jar
2025-04-09 07:18:32,254 [Worker-29: Launching usuario-service] INFO  o.eclipse.m2e.core.internal.Bundles - getClasspathEntries(Bundle=org.apache.commons.lang3_3.14.0 [53])
2025-04-09 07:18:32,254 [Worker-29: Launching usuario-service] INFO  o.eclipse.m2e.core.internal.Bundles - 	Entry: C:\Users\Ruben\.p2\pool\plugins\org.apache.commons.lang3_3.14.0.jar
2025-04-09 07:18:32,254 [Worker-29: Launching usuario-service] INFO  o.eclipse.m2e.core.internal.Bundles - getClasspathEntries(Bundle=com.google.guava.failureaccess_1.0.2 [11])
2025-04-09 07:18:32,255 [Worker-29: Launching usuario-service] INFO  o.eclipse.m2e.core.internal.Bundles - 	Entry: C:\Users\Ruben\.p2\pool\plugins\com.google.guava.failureaccess_1.0.2.jar
2025-04-09 07:18:32,256 [Worker-29: Launching usuario-service] INFO  o.e.m.i.launch.MavenLaunchDelegate - Run build in "E:\microservicio\usuario-service":
2025-04-09 07:18:32,256 [Worker-29: Launching usuario-service] INFO  o.e.m.i.launch.MavenLaunchDelegate -  mvn  -Ppom.xml -B -Dstyle.color=always 
2025-04-09 07:18:53,320 [Worker-33: Building] INFO  o.e.m.c.i.l.LifecycleMappingFactory - Using org.eclipse.m2e.jdt.JarLifecycleMapping lifecycle mapping for MavenProject: auth-service:usuario-service:0.0.1-SNAPSHOT @ E:\microservicio\usuario-service\pom.xml.
2025-04-09 07:18:55,069 [Worker-33: Building] INFO  o.a.m.s.f.DefaultMavenResourcesFiltering - Copying 0 resource from src\main\resources to target\classes
2025-04-09 07:18:55,070 [Worker-33: Building] INFO  o.a.m.s.f.DefaultMavenResourcesFiltering - Copying 0 resource from src\main\resources to target\classes
2025-04-09 07:18:55,074 [Worker-33: Building] INFO  o.a.m.s.f.DefaultMavenResourcesFiltering - skip non existing resourceDirectory E:\microservicio\usuario-service\src\test\resources
2025-04-09 07:18:56,507 [Worker-29: Building] INFO  o.a.m.s.f.DefaultMavenResourcesFiltering - Copying 1 resource from src\main\resources to target\classes
2025-04-09 07:18:56,524 [Worker-29: Building] INFO  o.a.m.s.f.DefaultMavenResourcesFiltering - Copying 0 resource from src\main\resources to target\classes
2025-04-09 07:18:56,528 [Worker-29: Building] INFO  o.a.m.s.f.DefaultMavenResourcesFiltering - skip non existing resourceDirectory E:\microservicio\usuario-service\src\test\resources
2025-04-09 07:19:24,980 [Worker-30: Building] INFO  o.a.m.s.f.DefaultMavenResourcesFiltering - Copying 1 resource from src\main\resources to target\classes
2025-04-09 07:19:24,987 [Worker-30: Building] INFO  o.a.m.s.f.DefaultMavenResourcesFiltering - Copying 0 resource from src\main\resources to target\classes
2025-04-09 07:19:24,992 [Worker-30: Building] INFO  o.a.m.s.f.DefaultMavenResourcesFiltering - skip non existing resourceDirectory E:\microservicio\config-service\src\test\resources
2025-04-09 07:21:26,604 [Worker-33: Building] INFO  o.e.m.c.i.l.LifecycleMappingFactory - Using org.eclipse.m2e.jdt.JarLifecycleMapping lifecycle mapping for MavenProject: auth-service:usuario-service:0.0.1-SNAPSHOT @ E:\microservicio\usuario-service\pom.xml.
2025-04-09 07:21:27,920 [Worker-33: Building] INFO  o.a.m.s.f.DefaultMavenResourcesFiltering - Copying 0 resource from src\main\resources to target\classes
2025-04-09 07:21:27,921 [Worker-33: Building] INFO  o.a.m.s.f.DefaultMavenResourcesFiltering - Copying 0 resource from src\main\resources to target\classes
2025-04-09 07:21:27,925 [Worker-33: Building] INFO  o.a.m.s.f.DefaultMavenResourcesFiltering - skip non existing resourceDirectory E:\microservicio\usuario-service\src\test\resources
2025-04-09 07:21:29,307 [Worker-36: Building] INFO  o.a.m.s.f.DefaultMavenResourcesFiltering - Copying 1 resource from src\main\resources to target\classes
2025-04-09 07:21:29,331 [Worker-36: Building] INFO  o.a.m.s.f.DefaultMavenResourcesFiltering - Copying 0 resource from src\main\resources to target\classes
2025-04-09 07:21:29,336 [Worker-36: Building] INFO  o.a.m.s.f.DefaultMavenResourcesFiltering - skip non existing resourceDirectory E:\microservicio\usuario-service\src\test\resources
2025-04-09 07:21:35,224 [Worker-35: Launching Executing install in E__microservicio_usuario-service] INFO  o.eclipse.m2e.core.internal.Bundles - getClasspathEntries(Bundle=org.eclipse.m2e.maven.runtime_3.9.600.20231203-1234 [297])
2025-04-09 07:21:35,225 [Worker-35: Launching Executing install in E__microservicio_usuario-service] INFO  o.eclipse.m2e.core.internal.Bundles - 	Entry: C:\Users\Ruben\.p2\pool\plugins\org.eclipse.m2e.maven.runtime_3.9.600.20231203-1234
2025-04-09 07:21:35,226 [Worker-35: Launching Executing install in E__microservicio_usuario-service] INFO  o.eclipse.m2e.core.internal.Bundles - 	Entry: C:\Users\Ruben\.p2\pool\plugins\org.eclipse.m2e.maven.runtime_3.9.600.20231203-1234\jars\aopalliance-1.0.jar
2025-04-09 07:21:35,226 [Worker-35: Launching Executing install in E__microservicio_usuario-service] INFO  o.eclipse.m2e.core.internal.Bundles - 	Entry: C:\Users\Ruben\.p2\pool\plugins\org.eclipse.m2e.maven.runtime_3.9.600.20231203-1234\jars\guice-5.1.0.jar
2025-04-09 07:21:35,226 [Worker-35: Launching Executing install in E__microservicio_usuario-service] INFO  o.eclipse.m2e.core.internal.Bundles - 	Entry: C:\Users\Ruben\.p2\pool\plugins\org.eclipse.m2e.maven.runtime_3.9.600.20231203-1234\jars\httpclient-4.5.14.jar
2025-04-09 07:21:35,227 [Worker-35: Launching Executing install in E__microservicio_usuario-service] INFO  o.eclipse.m2e.core.internal.Bundles - 	Entry: C:\Users\Ruben\.p2\pool\plugins\org.eclipse.m2e.maven.runtime_3.9.600.20231203-1234\jars\httpcore-4.4.16.jar
2025-04-09 07:21:35,227 [Worker-35: Launching Executing install in E__microservicio_usuario-service] INFO  o.eclipse.m2e.core.internal.Bundles - 	Entry: C:\Users\Ruben\.p2\pool\plugins\org.eclipse.m2e.maven.runtime_3.9.600.20231203-1234\jars\jansi-2.4.0.jar
2025-04-09 07:21:35,227 [Worker-35: Launching Executing install in E__microservicio_usuario-service] INFO  o.eclipse.m2e.core.internal.Bundles - 	Entry: C:\Users\Ruben\.p2\pool\plugins\org.eclipse.m2e.maven.runtime_3.9.600.20231203-1234\jars\jcl-over-slf4j-1.7.36.jar
2025-04-09 07:21:35,228 [Worker-35: Launching Executing install in E__microservicio_usuario-service] INFO  o.eclipse.m2e.core.internal.Bundles - 	Entry: C:\Users\Ruben\.p2\pool\plugins\org.eclipse.m2e.maven.runtime_3.9.600.20231203-1234\jars\maven-artifact-3.9.6.jar
2025-04-09 07:21:35,230 [Worker-35: Launching Executing install in E__microservicio_usuario-service] INFO  o.eclipse.m2e.core.internal.Bundles - 	Entry: C:\Users\Ruben\.p2\pool\plugins\org.eclipse.m2e.maven.runtime_3.9.600.20231203-1234\jars\maven-builder-support-3.9.6.jar
2025-04-09 07:21:35,230 [Worker-35: Launching Executing install in E__microservicio_usuario-service] INFO  o.eclipse.m2e.core.internal.Bundles - 	Entry: C:\Users\Ruben\.p2\pool\plugins\org.eclipse.m2e.maven.runtime_3.9.600.20231203-1234\jars\maven-compat-3.9.6.jar
2025-04-09 07:21:35,231 [Worker-35: Launching Executing install in E__microservicio_usuario-service] INFO  o.eclipse.m2e.core.internal.Bundles - 	Entry: C:\Users\Ruben\.p2\pool\plugins\org.eclipse.m2e.maven.runtime_3.9.600.20231203-1234\jars\maven-core-3.9.6.jar
2025-04-09 07:21:35,231 [Worker-35: Launching Executing install in E__microservicio_usuario-service] INFO  o.eclipse.m2e.core.internal.Bundles - 	Entry: C:\Users\Ruben\.p2\pool\plugins\org.eclipse.m2e.maven.runtime_3.9.600.20231203-1234\jars\maven-embedder-3.9.6.jar
2025-04-09 07:21:35,232 [Worker-35: Launching Executing install in E__microservicio_usuario-service] INFO  o.eclipse.m2e.core.internal.Bundles - 	Entry: C:\Users\Ruben\.p2\pool\plugins\org.eclipse.m2e.maven.runtime_3.9.600.20231203-1234\jars\maven-model-3.9.6.jar
2025-04-09 07:21:35,232 [Worker-35: Launching Executing install in E__microservicio_usuario-service] INFO  o.eclipse.m2e.core.internal.Bundles - 	Entry: C:\Users\Ruben\.p2\pool\plugins\org.eclipse.m2e.maven.runtime_3.9.600.20231203-1234\jars\maven-model-builder-3.9.6.jar
2025-04-09 07:21:35,232 [Worker-35: Launching Executing install in E__microservicio_usuario-service] INFO  o.eclipse.m2e.core.internal.Bundles - 	Entry: C:\Users\Ruben\.p2\pool\plugins\org.eclipse.m2e.maven.runtime_3.9.600.20231203-1234\jars\maven-plugin-api-3.9.6.jar
2025-04-09 07:21:35,233 [Worker-35: Launching Executing install in E__microservicio_usuario-service] INFO  o.eclipse.m2e.core.internal.Bundles - 	Entry: C:\Users\Ruben\.p2\pool\plugins\org.eclipse.m2e.maven.runtime_3.9.600.20231203-1234\jars\maven-repository-metadata-3.9.6.jar
2025-04-09 07:21:35,233 [Worker-35: Launching Executing install in E__microservicio_usuario-service] INFO  o.eclipse.m2e.core.internal.Bundles - 	Entry: C:\Users\Ruben\.p2\pool\plugins\org.eclipse.m2e.maven.runtime_3.9.600.20231203-1234\jars\maven-resolver-api-1.9.18.jar
2025-04-09 07:21:35,233 [Worker-35: Launching Executing install in E__microservicio_usuario-service] INFO  o.eclipse.m2e.core.internal.Bundles - 	Entry: C:\Users\Ruben\.p2\pool\plugins\org.eclipse.m2e.maven.runtime_3.9.600.20231203-1234\jars\maven-resolver-connector-basic-1.9.18.jar
2025-04-09 07:21:35,234 [Worker-35: Launching Executing install in E__microservicio_usuario-service] INFO  o.eclipse.m2e.core.internal.Bundles - 	Entry: C:\Users\Ruben\.p2\pool\plugins\org.eclipse.m2e.maven.runtime_3.9.600.20231203-1234\jars\maven-resolver-impl-1.9.18.jar
2025-04-09 07:21:35,234 [Worker-35: Launching Executing install in E__microservicio_usuario-service] INFO  o.eclipse.m2e.core.internal.Bundles - 	Entry: C:\Users\Ruben\.p2\pool\plugins\org.eclipse.m2e.maven.runtime_3.9.600.20231203-1234\jars\maven-resolver-named-locks-1.9.18.jar
2025-04-09 07:21:35,235 [Worker-35: Launching Executing install in E__microservicio_usuario-service] INFO  o.eclipse.m2e.core.internal.Bundles - 	Entry: C:\Users\Ruben\.p2\pool\plugins\org.eclipse.m2e.maven.runtime_3.9.600.20231203-1234\jars\maven-resolver-provider-3.9.6.jar
2025-04-09 07:21:35,235 [Worker-35: Launching Executing install in E__microservicio_usuario-service] INFO  o.eclipse.m2e.core.internal.Bundles - 	Entry: C:\Users\Ruben\.p2\pool\plugins\org.eclipse.m2e.maven.runtime_3.9.600.20231203-1234\jars\maven-resolver-spi-1.9.18.jar
2025-04-09 07:21:35,235 [Worker-35: Launching Executing install in E__microservicio_usuario-service] INFO  o.eclipse.m2e.core.internal.Bundles - 	Entry: C:\Users\Ruben\.p2\pool\plugins\org.eclipse.m2e.maven.runtime_3.9.600.20231203-1234\jars\maven-resolver-transport-file-1.9.18.jar
2025-04-09 07:21:35,236 [Worker-35: Launching Executing install in E__microservicio_usuario-service] INFO  o.eclipse.m2e.core.internal.Bundles - 	Entry: C:\Users\Ruben\.p2\pool\plugins\org.eclipse.m2e.maven.runtime_3.9.600.20231203-1234\jars\maven-resolver-transport-http-1.9.18.jar
2025-04-09 07:21:35,236 [Worker-35: Launching Executing install in E__microservicio_usuario-service] INFO  o.eclipse.m2e.core.internal.Bundles - 	Entry: C:\Users\Ruben\.p2\pool\plugins\org.eclipse.m2e.maven.runtime_3.9.600.20231203-1234\jars\maven-resolver-transport-wagon-1.9.18.jar
2025-04-09 07:21:35,236 [Worker-35: Launching Executing install in E__microservicio_usuario-service] INFO  o.eclipse.m2e.core.internal.Bundles - 	Entry: C:\Users\Ruben\.p2\pool\plugins\org.eclipse.m2e.maven.runtime_3.9.600.20231203-1234\jars\maven-resolver-util-1.9.18.jar
2025-04-09 07:21:35,236 [Worker-35: Launching Executing install in E__microservicio_usuario-service] INFO  o.eclipse.m2e.core.internal.Bundles - 	Entry: C:\Users\Ruben\.p2\pool\plugins\org.eclipse.m2e.maven.runtime_3.9.600.20231203-1234\jars\maven-settings-3.9.6.jar
2025-04-09 07:21:35,236 [Worker-35: Launching Executing install in E__microservicio_usuario-service] INFO  o.eclipse.m2e.core.internal.Bundles - 	Entry: C:\Users\Ruben\.p2\pool\plugins\org.eclipse.m2e.maven.runtime_3.9.600.20231203-1234\jars\maven-settings-builder-3.9.6.jar
2025-04-09 07:21:35,237 [Worker-35: Launching Executing install in E__microservicio_usuario-service] INFO  o.eclipse.m2e.core.internal.Bundles - 	Entry: C:\Users\Ruben\.p2\pool\plugins\org.eclipse.m2e.maven.runtime_3.9.600.20231203-1234\jars\maven-shared-utils-3.3.4.jar
2025-04-09 07:21:35,237 [Worker-35: Launching Executing install in E__microservicio_usuario-service] INFO  o.eclipse.m2e.core.internal.Bundles - 	Entry: C:\Users\Ruben\.p2\pool\plugins\org.eclipse.m2e.maven.runtime_3.9.600.20231203-1234\jars\org.eclipse.sisu.inject-0.9.0.M2.jar
2025-04-09 07:21:35,237 [Worker-35: Launching Executing install in E__microservicio_usuario-service] INFO  o.eclipse.m2e.core.internal.Bundles - 	Entry: C:\Users\Ruben\.p2\pool\plugins\org.eclipse.m2e.maven.runtime_3.9.600.20231203-1234\jars\org.eclipse.sisu.plexus-0.9.0.M2.jar
2025-04-09 07:21:35,237 [Worker-35: Launching Executing install in E__microservicio_usuario-service] INFO  o.eclipse.m2e.core.internal.Bundles - 	Entry: C:\Users\Ruben\.p2\pool\plugins\org.eclipse.m2e.maven.runtime_3.9.600.20231203-1234\jars\plexus-build-api-0.0.7.jar
2025-04-09 07:21:35,237 [Worker-35: Launching Executing install in E__microservicio_usuario-service] INFO  o.eclipse.m2e.core.internal.Bundles - 	Entry: C:\Users\Ruben\.p2\pool\plugins\org.eclipse.m2e.maven.runtime_3.9.600.20231203-1234\jars\plexus-cipher-2.0.jar
2025-04-09 07:21:35,238 [Worker-35: Launching Executing install in E__microservicio_usuario-service] INFO  o.eclipse.m2e.core.internal.Bundles - 	Entry: C:\Users\Ruben\.p2\pool\plugins\org.eclipse.m2e.maven.runtime_3.9.600.20231203-1234\jars\plexus-classworlds-2.7.0.jar
2025-04-09 07:21:35,238 [Worker-35: Launching Executing install in E__microservicio_usuario-service] INFO  o.eclipse.m2e.core.internal.Bundles - 	Entry: C:\Users\Ruben\.p2\pool\plugins\org.eclipse.m2e.maven.runtime_3.9.600.20231203-1234\jars\plexus-component-annotations-2.1.0.jar
2025-04-09 07:21:35,238 [Worker-35: Launching Executing install in E__microservicio_usuario-service] INFO  o.eclipse.m2e.core.internal.Bundles - 	Entry: C:\Users\Ruben\.p2\pool\plugins\org.eclipse.m2e.maven.runtime_3.9.600.20231203-1234\jars\plexus-interpolation-1.26.jar
2025-04-09 07:21:35,238 [Worker-35: Launching Executing install in E__microservicio_usuario-service] INFO  o.eclipse.m2e.core.internal.Bundles - 	Entry: C:\Users\Ruben\.p2\pool\plugins\org.eclipse.m2e.maven.runtime_3.9.600.20231203-1234\jars\plexus-sec-dispatcher-2.0.jar
2025-04-09 07:21:35,239 [Worker-35: Launching Executing install in E__microservicio_usuario-service] INFO  o.eclipse.m2e.core.internal.Bundles - 	Entry: C:\Users\Ruben\.p2\pool\plugins\org.eclipse.m2e.maven.runtime_3.9.600.20231203-1234\jars\plexus-utils-3.5.1.jar
2025-04-09 07:21:35,239 [Worker-35: Launching Executing install in E__microservicio_usuario-service] INFO  o.eclipse.m2e.core.internal.Bundles - 	Entry: C:\Users\Ruben\.p2\pool\plugins\org.eclipse.m2e.maven.runtime_3.9.600.20231203-1234\jars\wagon-file-3.5.3.jar
2025-04-09 07:21:35,239 [Worker-35: Launching Executing install in E__microservicio_usuario-service] INFO  o.eclipse.m2e.core.internal.Bundles - 	Entry: C:\Users\Ruben\.p2\pool\plugins\org.eclipse.m2e.maven.runtime_3.9.600.20231203-1234\jars\wagon-http-3.5.3.jar
2025-04-09 07:21:35,240 [Worker-35: Launching Executing install in E__microservicio_usuario-service] INFO  o.eclipse.m2e.core.internal.Bundles - 	Entry: C:\Users\Ruben\.p2\pool\plugins\org.eclipse.m2e.maven.runtime_3.9.600.20231203-1234\jars\wagon-http-shared-3.5.3.jar
2025-04-09 07:21:35,240 [Worker-35: Launching Executing install in E__microservicio_usuario-service] INFO  o.eclipse.m2e.core.internal.Bundles - 	Entry: C:\Users\Ruben\.p2\pool\plugins\org.eclipse.m2e.maven.runtime_3.9.600.20231203-1234\jars\wagon-provider-api-3.5.3.jar
2025-04-09 07:21:35,241 [Worker-35: Launching Executing install in E__microservicio_usuario-service] INFO  o.eclipse.m2e.core.internal.Bundles - getClasspathEntries(Bundle=com.google.guava_33.0.0.jre [10])
2025-04-09 07:21:35,241 [Worker-35: Launching Executing install in E__microservicio_usuario-service] INFO  o.eclipse.m2e.core.internal.Bundles - 	Entry: C:\Users\Ruben\.p2\pool\plugins\com.google.guava_33.0.0.jre.jar
2025-04-09 07:21:35,242 [Worker-35: Launching Executing install in E__microservicio_usuario-service] INFO  o.eclipse.m2e.core.internal.Bundles - getClasspathEntries(Bundle=slf4j.api_2.0.13 [518])
2025-04-09 07:21:35,242 [Worker-35: Launching Executing install in E__microservicio_usuario-service] INFO  o.eclipse.m2e.core.internal.Bundles - 	Entry: C:\Users\Ruben\.p2\pool\plugins\slf4j.api_2.0.13.jar
2025-04-09 07:21:35,242 [Worker-35: Launching Executing install in E__microservicio_usuario-service] INFO  o.eclipse.m2e.core.internal.Bundles - getClasspathEntries(Bundle=jakarta.inject.jakarta.inject-api_1.0.5 [22])
2025-04-09 07:21:35,243 [Worker-35: Launching Executing install in E__microservicio_usuario-service] INFO  o.eclipse.m2e.core.internal.Bundles - 	Entry: C:\Users\Ruben\.p2\pool\plugins\jakarta.inject.jakarta.inject-api_1.0.5.jar
2025-04-09 07:21:35,243 [Worker-35: Launching Executing install in E__microservicio_usuario-service] INFO  o.eclipse.m2e.core.internal.Bundles - getClasspathEntries(Bundle=jakarta.annotation-api_1.3.5 [20])
2025-04-09 07:21:35,244 [Worker-35: Launching Executing install in E__microservicio_usuario-service] INFO  o.eclipse.m2e.core.internal.Bundles - 	Entry: C:\Users\Ruben\.p2\pool\plugins\jakarta.annotation-api_1.3.5.jar
2025-04-09 07:21:35,244 [Worker-35: Launching Executing install in E__microservicio_usuario-service] INFO  o.eclipse.m2e.core.internal.Bundles - getClasspathEntries(Bundle=org.apache.commons.cli_1.6.0 [46])
2025-04-09 07:21:35,246 [Worker-35: Launching Executing install in E__microservicio_usuario-service] INFO  o.eclipse.m2e.core.internal.Bundles - 	Entry: C:\Users\Ruben\.p2\pool\plugins\org.apache.commons.cli_1.6.0.jar
2025-04-09 07:21:35,246 [Worker-35: Launching Executing install in E__microservicio_usuario-service] INFO  o.eclipse.m2e.core.internal.Bundles - getClasspathEntries(Bundle=org.apache.commons.commons-codec_1.16.0 [47])
2025-04-09 07:21:35,247 [Worker-35: Launching Executing install in E__microservicio_usuario-service] INFO  o.eclipse.m2e.core.internal.Bundles - 	Entry: C:\Users\Ruben\.p2\pool\plugins\org.apache.commons.commons-codec_1.16.0.jar
2025-04-09 07:21:35,247 [Worker-35: Launching Executing install in E__microservicio_usuario-service] INFO  o.eclipse.m2e.core.internal.Bundles - getClasspathEntries(Bundle=org.apache.commons.lang3_3.14.0 [53])
2025-04-09 07:21:35,248 [Worker-35: Launching Executing install in E__microservicio_usuario-service] INFO  o.eclipse.m2e.core.internal.Bundles - 	Entry: C:\Users\Ruben\.p2\pool\plugins\org.apache.commons.lang3_3.14.0.jar
2025-04-09 07:21:35,248 [Worker-35: Launching Executing install in E__microservicio_usuario-service] INFO  o.eclipse.m2e.core.internal.Bundles - getClasspathEntries(Bundle=com.google.guava.failureaccess_1.0.2 [11])
2025-04-09 07:21:35,249 [Worker-35: Launching Executing install in E__microservicio_usuario-service] INFO  o.eclipse.m2e.core.internal.Bundles - 	Entry: C:\Users\Ruben\.p2\pool\plugins\com.google.guava.failureaccess_1.0.2.jar
2025-04-09 07:21:35,251 [Worker-35: Launching Executing install in E__microservicio_usuario-service] INFO  o.e.m.i.launch.MavenLaunchDelegate - Run build in "E:\microservicio\usuario-service":
2025-04-09 07:21:35,251 [Worker-35: Launching Executing install in E__microservicio_usuario-service] INFO  o.e.m.i.launch.MavenLaunchDelegate -  mvn  -Ppom.xml -B -Dstyle.color=always install
2025-04-09 07:25:12,237 [Worker-33: Building] INFO  o.e.m.c.i.l.LifecycleMappingFactory - Using org.eclipse.m2e.jdt.JarLifecycleMapping lifecycle mapping for MavenProject: auth-service:usuario-service:0.0.1-SNAPSHOT @ E:\microservicio\usuario-service\pom.xml.
2025-04-09 07:25:14,994 [Worker-33: Building] INFO  o.a.m.s.f.DefaultMavenResourcesFiltering - Copying 0 resource from src\main\resources to target\classes
2025-04-09 07:25:14,995 [Worker-33: Building] INFO  o.a.m.s.f.DefaultMavenResourcesFiltering - Copying 0 resource from src\main\resources to target\classes
2025-04-09 07:25:15,000 [Worker-33: Building] INFO  o.a.m.s.f.DefaultMavenResourcesFiltering - skip non existing resourceDirectory E:\microservicio\usuario-service\src\test\resources
2025-04-09 07:25:16,571 [Worker-30: Building] INFO  o.a.m.s.f.DefaultMavenResourcesFiltering - Copying 1 resource from src\main\resources to target\classes
2025-04-09 07:25:16,588 [Worker-30: Building] INFO  o.a.m.s.f.DefaultMavenResourcesFiltering - Copying 0 resource from src\main\resources to target\classes
2025-04-09 07:25:16,592 [Worker-30: Building] INFO  o.a.m.s.f.DefaultMavenResourcesFiltering - skip non existing resourceDirectory E:\microservicio\usuario-service\src\test\resources
2025-04-09 07:25:17,131 [Worker-33: Updating Maven Project] INFO  o.e.m.c.i.p.ProjectConfigurationManager - Update started
2025-04-09 07:25:17,875 [Worker-33: Updating Maven Project] INFO  o.e.m.c.i.l.LifecycleMappingFactory - Using org.eclipse.m2e.jdt.JarLifecycleMapping lifecycle mapping for MavenProject: auth-service:usuario-service:0.0.1-SNAPSHOT @ E:\microservicio\usuario-service\pom.xml.
2025-04-09 07:25:19,298 [Worker-33: Updating Maven Project] INFO  o.e.m.j.i.AbstractJavaProjectConfigurator - Adding source folder /usuario-service/src/main/java
2025-04-09 07:25:19,298 [Worker-33: Updating Maven Project] INFO  o.e.m.j.i.AbstractJavaProjectConfigurator - Adding resource folder /usuario-service/src/main/resources
2025-04-09 07:25:19,299 [Worker-33: Updating Maven Project] INFO  o.e.m.j.i.AbstractJavaProjectConfigurator - Adding resource folder /usuario-service/src/main/resources
2025-04-09 07:25:19,299 [Worker-33: Updating Maven Project] INFO  o.e.m.j.i.AbstractJavaProjectConfigurator - Adding source folder /usuario-service/src/test/java
2025-04-09 07:25:19,300 [Worker-33: Updating Maven Project] INFO  o.e.m.j.i.AbstractJavaProjectConfigurator - Adding resource folder /usuario-service/src/test/resources
2025-04-09 07:25:19,871 [Worker-33: Updating Maven Project] INFO  o.e.m.c.i.p.ProjectConfigurationManager - Update completed for 1 poms: local refresh takes 0,00 sec, refresh facades takes 2,00 sec, update config takes 0,00 sec 
2025-04-09 07:25:20,477 [Worker-36: Building] INFO  o.a.m.s.f.DefaultMavenResourcesFiltering - Copying 1 resource from src\main\resources to target\classes
2025-04-09 07:25:20,496 [Worker-36: Building] INFO  o.a.m.s.f.DefaultMavenResourcesFiltering - Copying 0 resource from src\main\resources to target\classes
2025-04-09 07:25:20,503 [Worker-36: Building] INFO  o.a.m.s.f.DefaultMavenResourcesFiltering - skip non existing resourceDirectory E:\microservicio\usuario-service\src\test\resources
2025-04-09 07:29:28,085 [Worker-30: Building] INFO  o.e.m.c.i.l.LifecycleMappingFactory - Using org.eclipse.m2e.jdt.JarLifecycleMapping lifecycle mapping for MavenProject: auth-service:usuario-service:0.0.1-SNAPSHOT @ E:\microservicio\usuario-service\pom.xml.
2025-04-09 07:29:30,023 [Worker-30: Building] INFO  o.a.m.s.f.DefaultMavenResourcesFiltering - Copying 0 resource from src\main\resources to target\classes
2025-04-09 07:29:30,024 [Worker-30: Building] INFO  o.a.m.s.f.DefaultMavenResourcesFiltering - Copying 0 resource from src\main\resources to target\classes
2025-04-09 07:29:30,030 [Worker-30: Building] INFO  o.a.m.s.f.DefaultMavenResourcesFiltering - skip non existing resourceDirectory E:\microservicio\usuario-service\src\test\resources
2025-04-09 07:29:31,850 [Worker-40: Building] INFO  o.a.m.s.f.DefaultMavenResourcesFiltering - Copying 1 resource from src\main\resources to target\classes
2025-04-09 07:29:31,876 [Worker-40: Building] INFO  o.a.m.s.f.DefaultMavenResourcesFiltering - Copying 0 resource from src\main\resources to target\classes
2025-04-09 07:29:31,881 [Worker-40: Building] INFO  o.a.m.s.f.DefaultMavenResourcesFiltering - skip non existing resourceDirectory E:\microservicio\usuario-service\src\test\resources
2025-04-09 07:29:48,418 [Worker-30: Building] INFO  o.e.m.c.i.l.LifecycleMappingFactory - Using org.eclipse.m2e.jdt.JarLifecycleMapping lifecycle mapping for MavenProject: auth-service:usuario-service:0.0.1-SNAPSHOT @ E:\microservicio\usuario-service\pom.xml.
2025-04-09 07:29:49,920 [Worker-30: Building] INFO  o.a.m.s.f.DefaultMavenResourcesFiltering - Copying 0 resource from src\main\resources to target\classes
2025-04-09 07:29:49,921 [Worker-30: Building] INFO  o.a.m.s.f.DefaultMavenResourcesFiltering - Copying 0 resource from src\main\resources to target\classes
2025-04-09 07:29:49,928 [Worker-30: Building] INFO  o.a.m.s.f.DefaultMavenResourcesFiltering - skip non existing resourceDirectory E:\microservicio\usuario-service\src\test\resources
2025-04-09 07:32:00,997 [Worker-42: Building] INFO  o.e.m.c.i.l.LifecycleMappingFactory - Using org.eclipse.m2e.jdt.JarLifecycleMapping lifecycle mapping for MavenProject: auth-service:carro-service:0.0.1-SNAPSHOT @ E:\microservicio\carro-service\pom.xml.
2025-04-09 07:32:02,378 [Worker-42: Building] INFO  o.a.m.s.f.DefaultMavenResourcesFiltering - Copying 0 resource from src\main\resources to target\classes
2025-04-09 07:32:02,378 [Worker-42: Building] INFO  o.a.m.s.f.DefaultMavenResourcesFiltering - Copying 0 resource from src\main\resources to target\classes
2025-04-09 07:32:02,383 [Worker-42: Building] INFO  o.a.m.s.f.DefaultMavenResourcesFiltering - skip non existing resourceDirectory E:\microservicio\carro-service\src\test\resources
2025-04-09 07:32:02,490 [Worker-29: Updating Maven Project] INFO  o.e.m.c.i.p.ProjectConfigurationManager - Update started
2025-04-09 07:32:03,573 [Worker-29: Updating Maven Project] INFO  o.e.m.c.i.l.LifecycleMappingFactory - Using org.eclipse.m2e.jdt.JarLifecycleMapping lifecycle mapping for MavenProject: auth-service:carro-service:0.0.1-SNAPSHOT @ E:\microservicio\carro-service\pom.xml.
2025-04-09 07:32:05,049 [Worker-29: Updating Maven Project] INFO  o.e.m.j.i.AbstractJavaProjectConfigurator - Adding source folder /carro-service/src/main/java
2025-04-09 07:32:05,050 [Worker-29: Updating Maven Project] INFO  o.e.m.j.i.AbstractJavaProjectConfigurator - Adding resource folder /carro-service/src/main/resources
2025-04-09 07:32:05,051 [Worker-29: Updating Maven Project] INFO  o.e.m.j.i.AbstractJavaProjectConfigurator - Adding resource folder /carro-service/src/main/resources
2025-04-09 07:32:05,051 [Worker-29: Updating Maven Project] INFO  o.e.m.j.i.AbstractJavaProjectConfigurator - Adding source folder /carro-service/src/test/java
2025-04-09 07:32:05,052 [Worker-29: Updating Maven Project] INFO  o.e.m.j.i.AbstractJavaProjectConfigurator - Adding resource folder /carro-service/src/test/resources
2025-04-09 07:32:05,647 [Worker-29: Updating Maven Project] INFO  o.e.m.c.i.p.ProjectConfigurationManager - Update completed for 1 poms: local refresh takes 0,00 sec, refresh facades takes 2,00 sec, update config takes 0,00 sec 
2025-04-09 07:32:06,120 [Worker-39: Building] INFO  o.a.m.s.f.DefaultMavenResourcesFiltering - Copying 1 resource from src\main\resources to target\classes
2025-04-09 07:32:06,140 [Worker-39: Building] INFO  o.a.m.s.f.DefaultMavenResourcesFiltering - Copying 0 resource from src\main\resources to target\classes
2025-04-09 07:32:06,144 [Worker-39: Building] INFO  o.a.m.s.f.DefaultMavenResourcesFiltering - skip non existing resourceDirectory E:\microservicio\carro-service\src\test\resources
2025-04-09 07:33:00,487 [Worker-41: Building] INFO  o.e.m.c.i.l.LifecycleMappingFactory - Using org.eclipse.m2e.jdt.JarLifecycleMapping lifecycle mapping for MavenProject: auth-service:carro-service:0.0.1-SNAPSHOT @ E:\microservicio\carro-service\pom.xml.
2025-04-09 07:33:02,308 [Worker-41: Building] INFO  o.a.m.s.f.DefaultMavenResourcesFiltering - Copying 0 resource from src\main\resources to target\classes
2025-04-09 07:33:02,309 [Worker-41: Building] INFO  o.a.m.s.f.DefaultMavenResourcesFiltering - Copying 0 resource from src\main\resources to target\classes
2025-04-09 07:33:02,316 [Worker-41: Building] INFO  o.a.m.s.f.DefaultMavenResourcesFiltering - skip non existing resourceDirectory E:\microservicio\carro-service\src\test\resources
2025-04-09 07:33:03,754 [Worker-36: Building] INFO  o.a.m.s.f.DefaultMavenResourcesFiltering - Copying 1 resource from src\main\resources to target\classes
2025-04-09 07:33:03,781 [Worker-36: Building] INFO  o.a.m.s.f.DefaultMavenResourcesFiltering - Copying 0 resource from src\main\resources to target\classes
2025-04-09 07:33:03,785 [Worker-36: Building] INFO  o.a.m.s.f.DefaultMavenResourcesFiltering - skip non existing resourceDirectory E:\microservicio\carro-service\src\test\resources
2025-04-09 07:35:22,462 [Worker-44: Building] INFO  o.e.m.c.i.l.LifecycleMappingFactory - Using org.eclipse.m2e.jdt.JarLifecycleMapping lifecycle mapping for MavenProject: auth-service:moto-service-1:0.0.1-SNAPSHOT @ E:\microservicio\moto-service\pom.xml.
2025-04-09 07:35:23,789 [Worker-44: Building] INFO  o.a.m.s.f.DefaultMavenResourcesFiltering - Copying 0 resource from src\main\resources to target\classes
2025-04-09 07:35:23,790 [Worker-44: Building] INFO  o.a.m.s.f.DefaultMavenResourcesFiltering - Copying 0 resource from src\main\resources to target\classes
2025-04-09 07:35:23,794 [Worker-44: Building] INFO  o.a.m.s.f.DefaultMavenResourcesFiltering - skip non existing resourceDirectory E:\microservicio\moto-service\src\test\resources
2025-04-09 07:35:23,911 [Worker-29: Updating Maven Project] INFO  o.e.m.c.i.p.ProjectConfigurationManager - Update started
2025-04-09 07:35:25,014 [Worker-29: Updating Maven Project] INFO  o.e.m.c.i.l.LifecycleMappingFactory - Using org.eclipse.m2e.jdt.JarLifecycleMapping lifecycle mapping for MavenProject: auth-service:moto-service-1:0.0.1-SNAPSHOT @ E:\microservicio\moto-service\pom.xml.
2025-04-09 07:35:26,683 [Worker-29: Updating Maven Project] INFO  o.e.m.j.i.AbstractJavaProjectConfigurator - Adding source folder /moto-service/src/main/java
2025-04-09 07:35:26,684 [Worker-29: Updating Maven Project] INFO  o.e.m.j.i.AbstractJavaProjectConfigurator - Adding resource folder /moto-service/src/main/resources
2025-04-09 07:35:26,684 [Worker-29: Updating Maven Project] INFO  o.e.m.j.i.AbstractJavaProjectConfigurator - Adding resource folder /moto-service/src/main/resources
2025-04-09 07:35:26,685 [Worker-29: Updating Maven Project] INFO  o.e.m.j.i.AbstractJavaProjectConfigurator - Adding source folder /moto-service/src/test/java
2025-04-09 07:35:26,685 [Worker-29: Updating Maven Project] INFO  o.e.m.j.i.AbstractJavaProjectConfigurator - Adding resource folder /moto-service/src/test/resources
2025-04-09 07:35:27,184 [Worker-29: Updating Maven Project] INFO  o.e.m.c.i.p.ProjectConfigurationManager - Update completed for 1 poms: local refresh takes 0,00 sec, refresh facades takes 2,00 sec, update config takes 0,00 sec 
2025-04-09 07:35:27,663 [Worker-43: Building] INFO  o.a.m.s.f.DefaultMavenResourcesFiltering - Copying 1 resource from src\main\resources to target\classes
2025-04-09 07:35:27,685 [Worker-43: Building] INFO  o.a.m.s.f.DefaultMavenResourcesFiltering - Copying 0 resource from src\main\resources to target\classes
2025-04-09 07:35:27,691 [Worker-43: Building] INFO  o.a.m.s.f.DefaultMavenResourcesFiltering - skip non existing resourceDirectory E:\microservicio\moto-service\src\test\resources
2025-04-09 07:35:53,076 [Worker-41: Building] INFO  o.e.m.c.i.l.LifecycleMappingFactory - Using org.eclipse.m2e.jdt.JarLifecycleMapping lifecycle mapping for MavenProject: auth-service:moto-service-1:0.0.1-SNAPSHOT @ E:\microservicio\moto-service\pom.xml.
2025-04-09 07:35:54,235 [Worker-41: Building] INFO  o.a.m.s.f.DefaultMavenResourcesFiltering - Copying 0 resource from src\main\resources to target\classes
2025-04-09 07:35:54,236 [Worker-41: Building] INFO  o.a.m.s.f.DefaultMavenResourcesFiltering - Copying 0 resource from src\main\resources to target\classes
2025-04-09 07:35:54,239 [Worker-41: Building] INFO  o.a.m.s.f.DefaultMavenResourcesFiltering - skip non existing resourceDirectory E:\microservicio\moto-service\src\test\resources
2025-04-09 07:35:55,503 [Worker-29: Building] INFO  o.a.m.s.f.DefaultMavenResourcesFiltering - Copying 1 resource from src\main\resources to target\classes
2025-04-09 07:35:55,520 [Worker-29: Building] INFO  o.a.m.s.f.DefaultMavenResourcesFiltering - Copying 0 resource from src\main\resources to target\classes
2025-04-09 07:35:55,524 [Worker-29: Building] INFO  o.a.m.s.f.DefaultMavenResourcesFiltering - skip non existing resourceDirectory E:\microservicio\moto-service\src\test\resources
2025-04-09 07:38:45,881 [Worker-29: Building] INFO  o.a.m.s.f.DefaultMavenResourcesFiltering - Copying 1 resource from src\main\resources to target\classes
2025-04-09 07:38:45,896 [Worker-29: Building] INFO  o.a.m.s.f.DefaultMavenResourcesFiltering - Copying 0 resource from src\main\resources to target\classes
2025-04-09 07:38:45,899 [Worker-29: Building] INFO  o.a.m.s.f.DefaultMavenResourcesFiltering - skip non existing resourceDirectory E:\microservicio\config-service\src\test\resources
2025-04-09 21:15:51,331 [Worker-2: Loading available Gradle versions] INFO  o.e.b.c.i.u.g.PublishedGradleVersions - Gradle version information cache is out-of-date. Trying to update.
2025-04-10 06:32:13,869 [Worker-3: Loading available Gradle versions] INFO  o.e.b.c.i.u.g.PublishedGradleVersions - Gradle version information cache is up-to-date. Trying to read.
2025-04-10 06:36:58,116 [Worker-0: Building] INFO  o.a.m.s.f.DefaultMavenResourcesFiltering - Copying 1 resource from src\main\resources to target\classes
2025-04-10 06:36:58,239 [Worker-0: Building] INFO  o.a.m.s.f.DefaultMavenResourcesFiltering - Copying 0 resource from src\main\resources to target\classes
2025-04-10 06:36:58,247 [Worker-0: Building] INFO  o.a.m.s.f.DefaultMavenResourcesFiltering - skip non existing resourceDirectory E:\microservicio\carro-service\src\test\resources
2025-04-10 06:37:02,601 [Worker-0: Building] INFO  o.a.m.s.f.DefaultMavenResourcesFiltering - Copying 1 resource from src\main\resources to target\classes
2025-04-10 06:37:02,629 [Worker-0: Building] INFO  o.a.m.s.f.DefaultMavenResourcesFiltering - Copying 0 resource from src\main\resources to target\classes
2025-04-10 06:37:02,638 [Worker-0: Building] INFO  o.a.m.s.f.DefaultMavenResourcesFiltering - skip non existing resourceDirectory E:\microservicio\config-service\src\test\resources
2025-04-10 06:37:05,877 [Worker-0: Building] INFO  o.a.m.s.f.DefaultMavenResourcesFiltering - Copying 1 resource from src\main\resources to target\classes
2025-04-10 06:37:05,915 [Worker-0: Building] INFO  o.a.m.s.f.DefaultMavenResourcesFiltering - Copying 0 resource from src\main\resources to target\classes
2025-04-10 06:37:05,924 [Worker-0: Building] INFO  o.a.m.s.f.DefaultMavenResourcesFiltering - skip non existing resourceDirectory E:\microservicio\moto-service\src\test\resources
2025-04-10 06:37:13,780 [Worker-9: Building] INFO  o.a.m.s.f.DefaultMavenResourcesFiltering - Copying 1 resource from src\main\resources to target\classes
2025-04-10 06:37:13,812 [Worker-9: Building] INFO  o.a.m.s.f.DefaultMavenResourcesFiltering - Copying 1 resource from src\main\resources to target\classes
2025-04-10 06:37:13,823 [Worker-9: Building] INFO  o.a.m.s.f.DefaultMavenResourcesFiltering - skip non existing resourceDirectory E:\microservicio\usuario-service\src\test\resources
2025-04-10 06:39:39,540 [Worker-5: Building] INFO  o.a.m.s.f.DefaultMavenResourcesFiltering - Copying 0 resource from src\main\resources to target\classes
2025-04-10 06:39:39,543 [Worker-5: Building] INFO  o.a.m.s.f.DefaultMavenResourcesFiltering - Copying 1 resource from src\main\resources to target\classes
2025-04-10 06:39:39,553 [Worker-5: Building] INFO  o.a.m.s.f.DefaultMavenResourcesFiltering - skip non existing resourceDirectory E:\microservicio\usuario-service\src\test\resources
2025-04-10 06:41:28,095 [Worker-9: Building] INFO  o.a.m.s.f.DefaultMavenResourcesFiltering - Copying 1 resource from src\main\resources to target\classes
2025-04-10 06:41:28,099 [Worker-9: Building] INFO  o.a.m.s.f.DefaultMavenResourcesFiltering - Copying 0 resource from src\main\resources to target\classes
2025-04-10 06:41:28,104 [Worker-9: Building] INFO  o.a.m.s.f.DefaultMavenResourcesFiltering - skip non existing resourceDirectory E:\microservicio\carro-service\src\test\resources
2025-04-10 06:41:44,221 [Worker-5: Building] INFO  o.a.m.s.f.DefaultMavenResourcesFiltering - Copying 0 resource from src\main\resources to target\classes
2025-04-10 06:41:44,223 [Worker-5: Building] INFO  o.a.m.s.f.DefaultMavenResourcesFiltering - Copying 1 resource from src\main\resources to target\classes
2025-04-10 06:41:44,229 [Worker-5: Building] INFO  o.a.m.s.f.DefaultMavenResourcesFiltering - skip non existing resourceDirectory E:\microservicio\carro-service\src\test\resources
2025-04-10 06:41:57,692 [Worker-9: Building] INFO  o.a.m.s.f.DefaultMavenResourcesFiltering - Copying 0 resource from src\main\resources to target\classes
2025-04-10 06:41:57,693 [Worker-9: Building] INFO  o.a.m.s.f.DefaultMavenResourcesFiltering - Copying 1 resource from src\main\resources to target\classes
2025-04-10 06:41:57,699 [Worker-9: Building] INFO  o.a.m.s.f.DefaultMavenResourcesFiltering - skip non existing resourceDirectory E:\microservicio\carro-service\src\test\resources
2025-04-10 06:42:19,369 [Worker-12: Building] INFO  o.a.m.s.f.DefaultMavenResourcesFiltering - Copying 0 resource from src\main\resources to target\classes
2025-04-10 06:42:19,371 [Worker-12: Building] INFO  o.a.m.s.f.DefaultMavenResourcesFiltering - Copying 1 resource from src\main\resources to target\classes
2025-04-10 06:42:19,378 [Worker-12: Building] INFO  o.a.m.s.f.DefaultMavenResourcesFiltering - skip non existing resourceDirectory E:\microservicio\carro-service\src\test\resources
2025-04-10 06:43:04,034 [Worker-13: Building] INFO  o.a.m.s.f.DefaultMavenResourcesFiltering - Copying 1 resource from src\main\resources to target\classes
2025-04-10 06:43:04,042 [Worker-13: Building] INFO  o.a.m.s.f.DefaultMavenResourcesFiltering - Copying 0 resource from src\main\resources to target\classes
2025-04-10 06:43:04,048 [Worker-13: Building] INFO  o.a.m.s.f.DefaultMavenResourcesFiltering - skip non existing resourceDirectory E:\microservicio\moto-service\src\test\resources
2025-04-10 06:43:21,717 [Worker-0: Building] INFO  o.a.m.s.f.DefaultMavenResourcesFiltering - Copying 0 resource from src\main\resources to target\classes
2025-04-10 06:43:21,719 [Worker-0: Building] INFO  o.a.m.s.f.DefaultMavenResourcesFiltering - Copying 1 resource from src\main\resources to target\classes
2025-04-10 06:43:21,728 [Worker-0: Building] INFO  o.a.m.s.f.DefaultMavenResourcesFiltering - skip non existing resourceDirectory E:\microservicio\moto-service\src\test\resources
2025-04-10 06:43:53,460 [Worker-16: Building] INFO  o.a.m.s.f.DefaultMavenResourcesFiltering - Copying 0 resource from src\main\resources to target\classes
2025-04-10 06:43:53,461 [Worker-16: Building] INFO  o.a.m.s.f.DefaultMavenResourcesFiltering - Copying 1 resource from src\main\resources to target\classes
2025-04-10 06:43:53,469 [Worker-16: Building] INFO  o.a.m.s.f.DefaultMavenResourcesFiltering - skip non existing resourceDirectory E:\microservicio\moto-service\src\test\resources
2025-04-10 06:57:38,206 [Worker-20: Building] INFO  o.a.m.s.f.DefaultMavenResourcesFiltering - Copying 1 resource from src\main\resources to target\classes
2025-04-10 06:57:38,260 [Worker-20: Building] INFO  o.a.m.s.f.DefaultMavenResourcesFiltering - Copying 0 resource from src\main\resources to target\classes
2025-04-10 06:57:38,274 [Worker-20: Building] INFO  o.a.m.s.f.DefaultMavenResourcesFiltering - skip non existing resourceDirectory E:\microservicio\config-service\src\test\resources
2025-04-10 07:04:46,625 [Worker-22: Building] INFO  o.a.m.s.f.DefaultMavenResourcesFiltering - Copying 0 resource from src\main\resources to target\classes
2025-04-10 07:04:46,626 [Worker-22: Building] INFO  o.a.m.s.f.DefaultMavenResourcesFiltering - Copying 1 resource from src\main\resources to target\classes
2025-04-10 07:04:46,632 [Worker-22: Building] INFO  o.a.m.s.f.DefaultMavenResourcesFiltering - skip non existing resourceDirectory E:\microservicio\usuario-service\src\test\resources
2025-04-10 07:06:34,985 [Worker-17: Building] INFO  o.a.m.s.f.DefaultMavenResourcesFiltering - Copying 0 resource from src\main\resources to target\classes
2025-04-10 07:06:34,986 [Worker-17: Building] INFO  o.a.m.s.f.DefaultMavenResourcesFiltering - Copying 1 resource from src\main\resources to target\classes
2025-04-10 07:06:34,993 [Worker-17: Building] INFO  o.a.m.s.f.DefaultMavenResourcesFiltering - skip non existing resourceDirectory E:\microservicio\usuario-service\src\test\resources
2025-04-10 07:07:13,191 [Worker-20: Building] INFO  o.a.m.s.f.DefaultMavenResourcesFiltering - Copying 0 resource from src\main\resources to target\classes
2025-04-10 07:07:13,192 [Worker-20: Building] INFO  o.a.m.s.f.DefaultMavenResourcesFiltering - Copying 1 resource from src\main\resources to target\classes
2025-04-10 07:07:13,199 [Worker-20: Building] INFO  o.a.m.s.f.DefaultMavenResourcesFiltering - skip non existing resourceDirectory E:\microservicio\carro-service\src\test\resources
2025-04-10 07:07:26,483 [Worker-22: Building] INFO  o.a.m.s.f.DefaultMavenResourcesFiltering - Copying 0 resource from src\main\resources to target\classes
2025-04-10 07:07:26,484 [Worker-22: Building] INFO  o.a.m.s.f.DefaultMavenResourcesFiltering - Copying 1 resource from src\main\resources to target\classes
2025-04-10 07:07:26,489 [Worker-22: Building] INFO  o.a.m.s.f.DefaultMavenResourcesFiltering - skip non existing resourceDirectory E:\microservicio\moto-service\src\test\resources
2025-04-11 06:46:11,322 [Worker-2: Loading available Gradle versions] INFO  o.e.b.c.i.u.g.PublishedGradleVersions - Gradle version information cache is out-of-date. Trying to update.
2025-04-11 06:46:27,804 [Worker-2: Loading available Gradle versions] INFO  o.e.b.c.i.u.g.PublishedGradleVersions - Updating Gradle version information cache failed. Using outdated cache.
2025-04-11 20:45:57,081 [Worker-0: Loading available Gradle versions] INFO  o.e.b.c.i.u.g.PublishedGradleVersions - Gradle version information cache is out-of-date. Trying to update.
2025-04-11 20:48:14,914 [Worker-9: Building] INFO  o.a.m.s.f.DefaultMavenResourcesFiltering - Copying 1 resource from src\main\resources to target\classes
2025-04-11 20:48:14,999 [Worker-9: Building] INFO  o.a.m.s.f.DefaultMavenResourcesFiltering - Copying 1 resource from src\main\resources to target\classes
2025-04-11 20:48:15,011 [Worker-9: Building] INFO  o.a.m.s.f.DefaultMavenResourcesFiltering - skip non existing resourceDirectory E:\microservicio\carro-service\src\test\resources
2025-04-11 20:48:20,970 [Worker-9: Building] INFO  o.a.m.s.f.DefaultMavenResourcesFiltering - Copying 1 resource from src\main\resources to target\classes
2025-04-11 20:48:21,005 [Worker-9: Building] INFO  o.a.m.s.f.DefaultMavenResourcesFiltering - Copying 1 resource from src\main\resources to target\classes
2025-04-11 20:48:21,017 [Worker-9: Building] INFO  o.a.m.s.f.DefaultMavenResourcesFiltering - skip non existing resourceDirectory E:\microservicio\moto-service\src\test\resources
2025-04-11 20:48:49,779 [Worker-2: Building] INFO  o.a.m.s.f.DefaultMavenResourcesFiltering - Copying 0 resource from src\main\resources to target\classes
2025-04-11 20:48:49,782 [Worker-2: Building] INFO  o.a.m.s.f.DefaultMavenResourcesFiltering - Copying 1 resource from src\main\resources to target\classes
2025-04-11 20:48:49,791 [Worker-2: Building] INFO  o.a.m.s.f.DefaultMavenResourcesFiltering - skip non existing resourceDirectory E:\microservicio\carro-service\src\test\resources
2025-04-11 20:49:30,845 [Worker-3: Building] INFO  o.a.m.s.f.DefaultMavenResourcesFiltering - Copying 1 resource from src\main\resources to target\classes
2025-04-11 20:49:30,885 [Worker-3: Building] INFO  o.a.m.s.f.DefaultMavenResourcesFiltering - Copying 1 resource from src\main\resources to target\classes
2025-04-11 20:49:30,895 [Worker-3: Building] INFO  o.a.m.s.f.DefaultMavenResourcesFiltering - skip non existing resourceDirectory E:\microservicio\usuario-service\src\test\resources
2025-04-11 20:54:26,469 [Worker-5: Building] INFO  o.a.m.s.f.DefaultMavenResourcesFiltering - Copying 0 resource from src\main\resources to target\classes
2025-04-11 20:54:26,472 [Worker-5: Building] INFO  o.a.m.s.f.DefaultMavenResourcesFiltering - Copying 0 resource from src\main\resources to target\classes
2025-04-11 20:54:26,478 [Worker-5: Building] INFO  o.a.m.s.f.DefaultMavenResourcesFiltering - skip non existing resourceDirectory E:\microservicio\usuario-service\src\test\resources
2025-04-11 20:54:34,926 [Worker-12: Building] INFO  o.a.m.s.f.DefaultMavenResourcesFiltering - Copying 0 resource from src\main\resources to target\classes
2025-04-11 20:54:34,928 [Worker-12: Building] INFO  o.a.m.s.f.DefaultMavenResourcesFiltering - Copying 0 resource from src\main\resources to target\classes
2025-04-11 20:54:34,935 [Worker-12: Building] INFO  o.a.m.s.f.DefaultMavenResourcesFiltering - skip non existing resourceDirectory E:\microservicio\carro-service\src\test\resources
2025-04-11 20:54:43,502 [Worker-6: Building] INFO  o.a.m.s.f.DefaultMavenResourcesFiltering - Copying 0 resource from src\main\resources to target\classes
2025-04-11 20:54:43,504 [Worker-6: Building] INFO  o.a.m.s.f.DefaultMavenResourcesFiltering - Copying 0 resource from src\main\resources to target\classes
2025-04-11 20:54:43,510 [Worker-6: Building] INFO  o.a.m.s.f.DefaultMavenResourcesFiltering - skip non existing resourceDirectory E:\microservicio\moto-service\src\test\resources
2025-04-11 20:58:29,001 [Worker-15: Building] INFO  o.a.m.s.f.DefaultMavenResourcesFiltering - Copying 1 resource from src\main\resources to target\classes
2025-04-11 20:58:29,034 [Worker-15: Building] INFO  o.a.m.s.f.DefaultMavenResourcesFiltering - Copying 0 resource from src\main\resources to target\classes
2025-04-11 20:58:29,044 [Worker-15: Building] INFO  o.a.m.s.f.DefaultMavenResourcesFiltering - skip non existing resourceDirectory E:\microservicio\config-service\src\test\resources
2025-04-11 20:59:45,617 [Worker-12: Building] INFO  o.a.m.s.f.DefaultMavenResourcesFiltering - Copying 1 resource from src\main\resources to target\classes
2025-04-11 20:59:45,626 [Worker-12: Building] INFO  o.a.m.s.f.DefaultMavenResourcesFiltering - Copying 0 resource from src\main\resources to target\classes
2025-04-11 20:59:45,630 [Worker-12: Building] INFO  o.a.m.s.f.DefaultMavenResourcesFiltering - skip non existing resourceDirectory E:\microservicio\config-service\src\test\resources
2025-04-12 07:16:10,906 [Worker-0: Loading available Gradle versions] INFO  o.e.b.c.i.u.g.PublishedGradleVersions - Gradle version information cache is up-to-date. Trying to read.
2025-04-14 07:07:02,019 [Worker-4: Loading available Gradle versions] INFO  o.e.b.c.i.u.g.PublishedGradleVersions - Gradle version information cache is out-of-date. Trying to update.
2025-04-14 07:42:39,906 [Worker-13: Launching config-service - ConfigServiceApplication] INFO  o.a.m.s.f.DefaultMavenResourcesFiltering - Copying 1 resource from src\main\resources to target\classes
2025-04-14 07:42:39,958 [Worker-13: Launching config-service - ConfigServiceApplication] INFO  o.a.m.s.f.DefaultMavenResourcesFiltering - Copying 0 resource from src\main\resources to target\classes
2025-04-14 07:42:39,967 [Worker-13: Launching config-service - ConfigServiceApplication] INFO  o.a.m.s.f.DefaultMavenResourcesFiltering - skip non existing resourceDirectory E:\microservicio\config-service\src\test\resources
2025-04-14 07:42:47,931 [Worker-16: Building] INFO  o.a.m.s.f.DefaultMavenResourcesFiltering - Copying 0 resource from src\main\resources to target\classes
2025-04-14 07:42:47,932 [Worker-16: Building] INFO  o.a.m.s.f.DefaultMavenResourcesFiltering - Copying 1 resource from src\main\resources to target\classes
2025-04-14 07:42:47,950 [Worker-16: Building] INFO  o.a.m.s.f.DefaultMavenResourcesFiltering - skip non existing resourceDirectory E:\microservicio\carro-service\src\test\resources
2025-04-14 07:42:53,854 [Worker-16: Building] INFO  o.a.m.s.f.DefaultMavenResourcesFiltering - Copying 0 resource from src\main\resources to target\classes
2025-04-14 07:42:53,855 [Worker-16: Building] INFO  o.a.m.s.f.DefaultMavenResourcesFiltering - Copying 1 resource from src\main\resources to target\classes
2025-04-14 07:42:53,877 [Worker-16: Building] INFO  o.a.m.s.f.DefaultMavenResourcesFiltering - skip non existing resourceDirectory E:\microservicio\moto-service\src\test\resources
2025-04-14 07:43:01,511 [Worker-16: Building] INFO  o.a.m.s.f.DefaultMavenResourcesFiltering - Copying 0 resource from src\main\resources to target\classes
2025-04-14 07:43:01,512 [Worker-16: Building] INFO  o.a.m.s.f.DefaultMavenResourcesFiltering - Copying 1 resource from src\main\resources to target\classes
2025-04-14 07:43:01,528 [Worker-16: Building] INFO  o.a.m.s.f.DefaultMavenResourcesFiltering - skip non existing resourceDirectory E:\microservicio\usuario-service\src\test\resources
2025-04-14 20:42:42,887 [Worker-1: Loading available Gradle versions] INFO  o.e.b.c.i.u.g.PublishedGradleVersions - Gradle version information cache is up-to-date. Trying to read.
2025-04-14 21:18:20,696 [Worker-5: Building] INFO  o.a.m.s.f.DefaultMavenResourcesFiltering - Copying 0 resource from src\main\resources to target\classes
2025-04-14 21:18:20,699 [Worker-5: Building] INFO  o.a.m.s.f.DefaultMavenResourcesFiltering - Copying 1 resource from src\main\resources to target\classes
2025-04-14 21:18:20,717 [Worker-5: Building] INFO  o.a.m.s.f.DefaultMavenResourcesFiltering - skip non existing resourceDirectory E:\microservicio\usuario-service\src\test\resources
2025-04-14 21:23:05,988 [Worker-19: Building] INFO  o.a.m.s.f.DefaultMavenResourcesFiltering - Copying 1 resource from src\main\resources to target\classes
2025-04-14 21:23:06,018 [Worker-19: Building] INFO  o.a.m.s.f.DefaultMavenResourcesFiltering - Copying 0 resource from src\main\resources to target\classes
2025-04-14 21:23:06,024 [Worker-19: Building] INFO  o.a.m.s.f.DefaultMavenResourcesFiltering - skip non existing resourceDirectory E:\microservicio\config-service\src\test\resources
2025-04-15 06:13:35,126 [Worker-3: Loading available Gradle versions] INFO  o.e.b.c.i.u.g.PublishedGradleVersions - Gradle version information cache is up-to-date. Trying to read.
2025-04-15 06:15:49,150 [Worker-5: Building] INFO  o.a.m.s.f.DefaultMavenResourcesFiltering - Copying 1 resource from src\main\resources to target\classes
2025-04-15 06:15:49,239 [Worker-5: Building] INFO  o.a.m.s.f.DefaultMavenResourcesFiltering - Copying 0 resource from src\main\resources to target\classes
2025-04-15 06:15:49,256 [Worker-5: Building] INFO  o.a.m.s.f.DefaultMavenResourcesFiltering - skip non existing resourceDirectory E:\microservicio\config-service\src\test\resources
2025-04-15 06:22:56,589 [Worker-0: Building] INFO  o.a.m.s.f.DefaultMavenResourcesFiltering - Copying 0 resource from src\main\resources to target\classes
2025-04-15 06:22:56,590 [Worker-0: Building] INFO  o.a.m.s.f.DefaultMavenResourcesFiltering - Copying 1 resource from src\main\resources to target\classes
2025-04-15 06:22:56,607 [Worker-0: Building] INFO  o.a.m.s.f.DefaultMavenResourcesFiltering - skip non existing resourceDirectory E:\microservicio\usuario-service\src\test\resources
2025-04-15 06:38:42,099 [Worker-19: Launching Executing clean in E__microservicio_config-service] INFO  o.eclipse.m2e.core.internal.Bundles - getClasspathEntries(Bundle=org.eclipse.m2e.maven.runtime_3.9.600.20231203-1234 [297])
2025-04-15 06:38:42,101 [Worker-19: Launching Executing clean in E__microservicio_config-service] INFO  o.eclipse.m2e.core.internal.Bundles - 	Entry: C:\Users\Ruben\.p2\pool\plugins\org.eclipse.m2e.maven.runtime_3.9.600.20231203-1234
2025-04-15 06:38:42,102 [Worker-19: Launching Executing clean in E__microservicio_config-service] INFO  o.eclipse.m2e.core.internal.Bundles - 	Entry: C:\Users\Ruben\.p2\pool\plugins\org.eclipse.m2e.maven.runtime_3.9.600.20231203-1234\jars\aopalliance-1.0.jar
2025-04-15 06:38:42,102 [Worker-19: Launching Executing clean in E__microservicio_config-service] INFO  o.eclipse.m2e.core.internal.Bundles - 	Entry: C:\Users\Ruben\.p2\pool\plugins\org.eclipse.m2e.maven.runtime_3.9.600.20231203-1234\jars\guice-5.1.0.jar
2025-04-15 06:38:42,103 [Worker-19: Launching Executing clean in E__microservicio_config-service] INFO  o.eclipse.m2e.core.internal.Bundles - 	Entry: C:\Users\Ruben\.p2\pool\plugins\org.eclipse.m2e.maven.runtime_3.9.600.20231203-1234\jars\httpclient-4.5.14.jar
2025-04-15 06:38:42,103 [Worker-19: Launching Executing clean in E__microservicio_config-service] INFO  o.eclipse.m2e.core.internal.Bundles - 	Entry: C:\Users\Ruben\.p2\pool\plugins\org.eclipse.m2e.maven.runtime_3.9.600.20231203-1234\jars\httpcore-4.4.16.jar
2025-04-15 06:38:42,103 [Worker-19: Launching Executing clean in E__microservicio_config-service] INFO  o.eclipse.m2e.core.internal.Bundles - 	Entry: C:\Users\Ruben\.p2\pool\plugins\org.eclipse.m2e.maven.runtime_3.9.600.20231203-1234\jars\jansi-2.4.0.jar
2025-04-15 06:38:42,104 [Worker-19: Launching Executing clean in E__microservicio_config-service] INFO  o.eclipse.m2e.core.internal.Bundles - 	Entry: C:\Users\Ruben\.p2\pool\plugins\org.eclipse.m2e.maven.runtime_3.9.600.20231203-1234\jars\jcl-over-slf4j-1.7.36.jar
2025-04-15 06:38:42,104 [Worker-19: Launching Executing clean in E__microservicio_config-service] INFO  o.eclipse.m2e.core.internal.Bundles - 	Entry: C:\Users\Ruben\.p2\pool\plugins\org.eclipse.m2e.maven.runtime_3.9.600.20231203-1234\jars\maven-artifact-3.9.6.jar
2025-04-15 06:38:42,105 [Worker-19: Launching Executing clean in E__microservicio_config-service] INFO  o.eclipse.m2e.core.internal.Bundles - 	Entry: C:\Users\Ruben\.p2\pool\plugins\org.eclipse.m2e.maven.runtime_3.9.600.20231203-1234\jars\maven-builder-support-3.9.6.jar
2025-04-15 06:38:42,105 [Worker-19: Launching Executing clean in E__microservicio_config-service] INFO  o.eclipse.m2e.core.internal.Bundles - 	Entry: C:\Users\Ruben\.p2\pool\plugins\org.eclipse.m2e.maven.runtime_3.9.600.20231203-1234\jars\maven-compat-3.9.6.jar
2025-04-15 06:38:42,105 [Worker-19: Launching Executing clean in E__microservicio_config-service] INFO  o.eclipse.m2e.core.internal.Bundles - 	Entry: C:\Users\Ruben\.p2\pool\plugins\org.eclipse.m2e.maven.runtime_3.9.600.20231203-1234\jars\maven-core-3.9.6.jar
2025-04-15 06:38:42,106 [Worker-19: Launching Executing clean in E__microservicio_config-service] INFO  o.eclipse.m2e.core.internal.Bundles - 	Entry: C:\Users\Ruben\.p2\pool\plugins\org.eclipse.m2e.maven.runtime_3.9.600.20231203-1234\jars\maven-embedder-3.9.6.jar
2025-04-15 06:38:42,106 [Worker-19: Launching Executing clean in E__microservicio_config-service] INFO  o.eclipse.m2e.core.internal.Bundles - 	Entry: C:\Users\Ruben\.p2\pool\plugins\org.eclipse.m2e.maven.runtime_3.9.600.20231203-1234\jars\maven-model-3.9.6.jar
2025-04-15 06:38:42,107 [Worker-19: Launching Executing clean in E__microservicio_config-service] INFO  o.eclipse.m2e.core.internal.Bundles - 	Entry: C:\Users\Ruben\.p2\pool\plugins\org.eclipse.m2e.maven.runtime_3.9.600.20231203-1234\jars\maven-model-builder-3.9.6.jar
2025-04-15 06:38:42,107 [Worker-19: Launching Executing clean in E__microservicio_config-service] INFO  o.eclipse.m2e.core.internal.Bundles - 	Entry: C:\Users\Ruben\.p2\pool\plugins\org.eclipse.m2e.maven.runtime_3.9.600.20231203-1234\jars\maven-plugin-api-3.9.6.jar
2025-04-15 06:38:42,107 [Worker-19: Launching Executing clean in E__microservicio_config-service] INFO  o.eclipse.m2e.core.internal.Bundles - 	Entry: C:\Users\Ruben\.p2\pool\plugins\org.eclipse.m2e.maven.runtime_3.9.600.20231203-1234\jars\maven-repository-metadata-3.9.6.jar
2025-04-15 06:38:42,108 [Worker-19: Launching Executing clean in E__microservicio_config-service] INFO  o.eclipse.m2e.core.internal.Bundles - 	Entry: C:\Users\Ruben\.p2\pool\plugins\org.eclipse.m2e.maven.runtime_3.9.600.20231203-1234\jars\maven-resolver-api-1.9.18.jar
2025-04-15 06:38:42,108 [Worker-19: Launching Executing clean in E__microservicio_config-service] INFO  o.eclipse.m2e.core.internal.Bundles - 	Entry: C:\Users\Ruben\.p2\pool\plugins\org.eclipse.m2e.maven.runtime_3.9.600.20231203-1234\jars\maven-resolver-connector-basic-1.9.18.jar
2025-04-15 06:38:42,109 [Worker-19: Launching Executing clean in E__microservicio_config-service] INFO  o.eclipse.m2e.core.internal.Bundles - 	Entry: C:\Users\Ruben\.p2\pool\plugins\org.eclipse.m2e.maven.runtime_3.9.600.20231203-1234\jars\maven-resolver-impl-1.9.18.jar
2025-04-15 06:38:42,109 [Worker-19: Launching Executing clean in E__microservicio_config-service] INFO  o.eclipse.m2e.core.internal.Bundles - 	Entry: C:\Users\Ruben\.p2\pool\plugins\org.eclipse.m2e.maven.runtime_3.9.600.20231203-1234\jars\maven-resolver-named-locks-1.9.18.jar
2025-04-15 06:38:42,109 [Worker-19: Launching Executing clean in E__microservicio_config-service] INFO  o.eclipse.m2e.core.internal.Bundles - 	Entry: C:\Users\Ruben\.p2\pool\plugins\org.eclipse.m2e.maven.runtime_3.9.600.20231203-1234\jars\maven-resolver-provider-3.9.6.jar
2025-04-15 06:38:42,110 [Worker-19: Launching Executing clean in E__microservicio_config-service] INFO  o.eclipse.m2e.core.internal.Bundles - 	Entry: C:\Users\Ruben\.p2\pool\plugins\org.eclipse.m2e.maven.runtime_3.9.600.20231203-1234\jars\maven-resolver-spi-1.9.18.jar
2025-04-15 06:38:42,110 [Worker-19: Launching Executing clean in E__microservicio_config-service] INFO  o.eclipse.m2e.core.internal.Bundles - 	Entry: C:\Users\Ruben\.p2\pool\plugins\org.eclipse.m2e.maven.runtime_3.9.600.20231203-1234\jars\maven-resolver-transport-file-1.9.18.jar
2025-04-15 06:38:42,111 [Worker-19: Launching Executing clean in E__microservicio_config-service] INFO  o.eclipse.m2e.core.internal.Bundles - 	Entry: C:\Users\Ruben\.p2\pool\plugins\org.eclipse.m2e.maven.runtime_3.9.600.20231203-1234\jars\maven-resolver-transport-http-1.9.18.jar
2025-04-15 06:38:42,111 [Worker-19: Launching Executing clean in E__microservicio_config-service] INFO  o.eclipse.m2e.core.internal.Bundles - 	Entry: C:\Users\Ruben\.p2\pool\plugins\org.eclipse.m2e.maven.runtime_3.9.600.20231203-1234\jars\maven-resolver-transport-wagon-1.9.18.jar
2025-04-15 06:38:42,112 [Worker-19: Launching Executing clean in E__microservicio_config-service] INFO  o.eclipse.m2e.core.internal.Bundles - 	Entry: C:\Users\Ruben\.p2\pool\plugins\org.eclipse.m2e.maven.runtime_3.9.600.20231203-1234\jars\maven-resolver-util-1.9.18.jar
2025-04-15 06:38:42,112 [Worker-19: Launching Executing clean in E__microservicio_config-service] INFO  o.eclipse.m2e.core.internal.Bundles - 	Entry: C:\Users\Ruben\.p2\pool\plugins\org.eclipse.m2e.maven.runtime_3.9.600.20231203-1234\jars\maven-settings-3.9.6.jar
2025-04-15 06:38:42,112 [Worker-19: Launching Executing clean in E__microservicio_config-service] INFO  o.eclipse.m2e.core.internal.Bundles - 	Entry: C:\Users\Ruben\.p2\pool\plugins\org.eclipse.m2e.maven.runtime_3.9.600.20231203-1234\jars\maven-settings-builder-3.9.6.jar
2025-04-15 06:38:42,113 [Worker-19: Launching Executing clean in E__microservicio_config-service] INFO  o.eclipse.m2e.core.internal.Bundles - 	Entry: C:\Users\Ruben\.p2\pool\plugins\org.eclipse.m2e.maven.runtime_3.9.600.20231203-1234\jars\maven-shared-utils-3.3.4.jar
2025-04-15 06:38:42,113 [Worker-19: Launching Executing clean in E__microservicio_config-service] INFO  o.eclipse.m2e.core.internal.Bundles - 	Entry: C:\Users\Ruben\.p2\pool\plugins\org.eclipse.m2e.maven.runtime_3.9.600.20231203-1234\jars\org.eclipse.sisu.inject-0.9.0.M2.jar
2025-04-15 06:38:42,114 [Worker-19: Launching Executing clean in E__microservicio_config-service] INFO  o.eclipse.m2e.core.internal.Bundles - 	Entry: C:\Users\Ruben\.p2\pool\plugins\org.eclipse.m2e.maven.runtime_3.9.600.20231203-1234\jars\org.eclipse.sisu.plexus-0.9.0.M2.jar
2025-04-15 06:38:42,114 [Worker-19: Launching Executing clean in E__microservicio_config-service] INFO  o.eclipse.m2e.core.internal.Bundles - 	Entry: C:\Users\Ruben\.p2\pool\plugins\org.eclipse.m2e.maven.runtime_3.9.600.20231203-1234\jars\plexus-build-api-0.0.7.jar
2025-04-15 06:38:42,115 [Worker-19: Launching Executing clean in E__microservicio_config-service] INFO  o.eclipse.m2e.core.internal.Bundles - 	Entry: C:\Users\Ruben\.p2\pool\plugins\org.eclipse.m2e.maven.runtime_3.9.600.20231203-1234\jars\plexus-cipher-2.0.jar
2025-04-15 06:38:42,115 [Worker-19: Launching Executing clean in E__microservicio_config-service] INFO  o.eclipse.m2e.core.internal.Bundles - 	Entry: C:\Users\Ruben\.p2\pool\plugins\org.eclipse.m2e.maven.runtime_3.9.600.20231203-1234\jars\plexus-classworlds-2.7.0.jar
2025-04-15 06:38:42,116 [Worker-19: Launching Executing clean in E__microservicio_config-service] INFO  o.eclipse.m2e.core.internal.Bundles - 	Entry: C:\Users\Ruben\.p2\pool\plugins\org.eclipse.m2e.maven.runtime_3.9.600.20231203-1234\jars\plexus-component-annotations-2.1.0.jar
2025-04-15 06:38:42,116 [Worker-19: Launching Executing clean in E__microservicio_config-service] INFO  o.eclipse.m2e.core.internal.Bundles - 	Entry: C:\Users\Ruben\.p2\pool\plugins\org.eclipse.m2e.maven.runtime_3.9.600.20231203-1234\jars\plexus-interpolation-1.26.jar
2025-04-15 06:38:42,116 [Worker-19: Launching Executing clean in E__microservicio_config-service] INFO  o.eclipse.m2e.core.internal.Bundles - 	Entry: C:\Users\Ruben\.p2\pool\plugins\org.eclipse.m2e.maven.runtime_3.9.600.20231203-1234\jars\plexus-sec-dispatcher-2.0.jar
2025-04-15 06:38:42,117 [Worker-19: Launching Executing clean in E__microservicio_config-service] INFO  o.eclipse.m2e.core.internal.Bundles - 	Entry: C:\Users\Ruben\.p2\pool\plugins\org.eclipse.m2e.maven.runtime_3.9.600.20231203-1234\jars\plexus-utils-3.5.1.jar
2025-04-15 06:38:42,117 [Worker-19: Launching Executing clean in E__microservicio_config-service] INFO  o.eclipse.m2e.core.internal.Bundles - 	Entry: C:\Users\Ruben\.p2\pool\plugins\org.eclipse.m2e.maven.runtime_3.9.600.20231203-1234\jars\wagon-file-3.5.3.jar
2025-04-15 06:38:42,117 [Worker-19: Launching Executing clean in E__microservicio_config-service] INFO  o.eclipse.m2e.core.internal.Bundles - 	Entry: C:\Users\Ruben\.p2\pool\plugins\org.eclipse.m2e.maven.runtime_3.9.600.20231203-1234\jars\wagon-http-3.5.3.jar
2025-04-15 06:38:42,118 [Worker-19: Launching Executing clean in E__microservicio_config-service] INFO  o.eclipse.m2e.core.internal.Bundles - 	Entry: C:\Users\Ruben\.p2\pool\plugins\org.eclipse.m2e.maven.runtime_3.9.600.20231203-1234\jars\wagon-http-shared-3.5.3.jar
2025-04-15 06:38:42,118 [Worker-19: Launching Executing clean in E__microservicio_config-service] INFO  o.eclipse.m2e.core.internal.Bundles - 	Entry: C:\Users\Ruben\.p2\pool\plugins\org.eclipse.m2e.maven.runtime_3.9.600.20231203-1234\jars\wagon-provider-api-3.5.3.jar
2025-04-15 06:38:42,121 [Worker-19: Launching Executing clean in E__microservicio_config-service] INFO  o.eclipse.m2e.core.internal.Bundles - getClasspathEntries(Bundle=com.google.guava_33.0.0.jre [10])
2025-04-15 06:38:42,122 [Worker-19: Launching Executing clean in E__microservicio_config-service] INFO  o.eclipse.m2e.core.internal.Bundles - 	Entry: C:\Users\Ruben\.p2\pool\plugins\com.google.guava_33.0.0.jre.jar
2025-04-15 06:38:42,122 [Worker-19: Launching Executing clean in E__microservicio_config-service] INFO  o.eclipse.m2e.core.internal.Bundles - getClasspathEntries(Bundle=slf4j.api_2.0.13 [518])
2025-04-15 06:38:42,123 [Worker-19: Launching Executing clean in E__microservicio_config-service] INFO  o.eclipse.m2e.core.internal.Bundles - 	Entry: C:\Users\Ruben\.p2\pool\plugins\slf4j.api_2.0.13.jar
2025-04-15 06:38:42,124 [Worker-19: Launching Executing clean in E__microservicio_config-service] INFO  o.eclipse.m2e.core.internal.Bundles - getClasspathEntries(Bundle=jakarta.inject.jakarta.inject-api_1.0.5 [22])
2025-04-15 06:38:42,124 [Worker-19: Launching Executing clean in E__microservicio_config-service] INFO  o.eclipse.m2e.core.internal.Bundles - 	Entry: C:\Users\Ruben\.p2\pool\plugins\jakarta.inject.jakarta.inject-api_1.0.5.jar
2025-04-15 06:38:42,124 [Worker-19: Launching Executing clean in E__microservicio_config-service] INFO  o.eclipse.m2e.core.internal.Bundles - getClasspathEntries(Bundle=jakarta.annotation-api_1.3.5 [20])
2025-04-15 06:38:42,125 [Worker-19: Launching Executing clean in E__microservicio_config-service] INFO  o.eclipse.m2e.core.internal.Bundles - 	Entry: C:\Users\Ruben\.p2\pool\plugins\jakarta.annotation-api_1.3.5.jar
2025-04-15 06:38:42,125 [Worker-19: Launching Executing clean in E__microservicio_config-service] INFO  o.eclipse.m2e.core.internal.Bundles - getClasspathEntries(Bundle=org.apache.commons.cli_1.6.0 [46])
2025-04-15 06:38:42,126 [Worker-19: Launching Executing clean in E__microservicio_config-service] INFO  o.eclipse.m2e.core.internal.Bundles - 	Entry: C:\Users\Ruben\.p2\pool\plugins\org.apache.commons.cli_1.6.0.jar
2025-04-15 06:38:42,126 [Worker-19: Launching Executing clean in E__microservicio_config-service] INFO  o.eclipse.m2e.core.internal.Bundles - getClasspathEntries(Bundle=org.apache.commons.commons-codec_1.16.0 [47])
2025-04-15 06:38:42,127 [Worker-19: Launching Executing clean in E__microservicio_config-service] INFO  o.eclipse.m2e.core.internal.Bundles - 	Entry: C:\Users\Ruben\.p2\pool\plugins\org.apache.commons.commons-codec_1.16.0.jar
2025-04-15 06:38:42,127 [Worker-19: Launching Executing clean in E__microservicio_config-service] INFO  o.eclipse.m2e.core.internal.Bundles - getClasspathEntries(Bundle=org.apache.commons.lang3_3.14.0 [53])
2025-04-15 06:38:42,128 [Worker-19: Launching Executing clean in E__microservicio_config-service] INFO  o.eclipse.m2e.core.internal.Bundles - 	Entry: C:\Users\Ruben\.p2\pool\plugins\org.apache.commons.lang3_3.14.0.jar
2025-04-15 06:38:42,128 [Worker-19: Launching Executing clean in E__microservicio_config-service] INFO  o.eclipse.m2e.core.internal.Bundles - getClasspathEntries(Bundle=com.google.guava.failureaccess_1.0.2 [11])
2025-04-15 06:38:42,129 [Worker-19: Launching Executing clean in E__microservicio_config-service] INFO  o.eclipse.m2e.core.internal.Bundles - 	Entry: C:\Users\Ruben\.p2\pool\plugins\com.google.guava.failureaccess_1.0.2.jar
2025-04-15 06:38:42,133 [Worker-19: Launching Executing clean in E__microservicio_config-service] INFO  o.e.m.i.launch.MavenLaunchDelegate - Run build in "E:\microservicio\config-service":
2025-04-15 06:38:42,134 [Worker-19: Launching Executing clean in E__microservicio_config-service] INFO  o.e.m.i.launch.MavenLaunchDelegate -  mvn  -Ppom.xml -B -Dstyle.color=always clean
2025-04-15 06:38:47,136 [Worker-0: Building] INFO  o.a.m.s.f.DefaultMavenResourcesFiltering - Copying 1 resource from src\main\resources to target\classes
2025-04-15 06:38:47,147 [Worker-0: Building] INFO  o.a.m.s.f.DefaultMavenResourcesFiltering - Copying 0 resource from src\main\resources to target\classes
2025-04-15 06:38:47,150 [Worker-0: Building] INFO  o.a.m.s.f.DefaultMavenResourcesFiltering - skip non existing resourceDirectory E:\microservicio\config-service\src\test\resources
2025-04-15 06:38:55,223 [main] INFO  o.e.m2e.actions.ExecutePomAction - Creating new launch configuration
2025-04-15 06:38:58,814 [Worker-24: Launching config-service] INFO  o.eclipse.m2e.core.internal.Bundles - getClasspathEntries(Bundle=org.eclipse.m2e.maven.runtime_3.9.600.20231203-1234 [297])
2025-04-15 06:38:58,815 [Worker-24: Launching config-service] INFO  o.eclipse.m2e.core.internal.Bundles - 	Entry: C:\Users\Ruben\.p2\pool\plugins\org.eclipse.m2e.maven.runtime_3.9.600.20231203-1234
2025-04-15 06:38:58,816 [Worker-24: Launching config-service] INFO  o.eclipse.m2e.core.internal.Bundles - 	Entry: C:\Users\Ruben\.p2\pool\plugins\org.eclipse.m2e.maven.runtime_3.9.600.20231203-1234\jars\aopalliance-1.0.jar
2025-04-15 06:38:58,817 [Worker-24: Launching config-service] INFO  o.eclipse.m2e.core.internal.Bundles - 	Entry: C:\Users\Ruben\.p2\pool\plugins\org.eclipse.m2e.maven.runtime_3.9.600.20231203-1234\jars\guice-5.1.0.jar
2025-04-15 06:38:58,817 [Worker-24: Launching config-service] INFO  o.eclipse.m2e.core.internal.Bundles - 	Entry: C:\Users\Ruben\.p2\pool\plugins\org.eclipse.m2e.maven.runtime_3.9.600.20231203-1234\jars\httpclient-4.5.14.jar
2025-04-15 06:38:58,818 [Worker-24: Launching config-service] INFO  o.eclipse.m2e.core.internal.Bundles - 	Entry: C:\Users\Ruben\.p2\pool\plugins\org.eclipse.m2e.maven.runtime_3.9.600.20231203-1234\jars\httpcore-4.4.16.jar
2025-04-15 06:38:58,818 [Worker-24: Launching config-service] INFO  o.eclipse.m2e.core.internal.Bundles - 	Entry: C:\Users\Ruben\.p2\pool\plugins\org.eclipse.m2e.maven.runtime_3.9.600.20231203-1234\jars\jansi-2.4.0.jar
2025-04-15 06:38:58,819 [Worker-24: Launching config-service] INFO  o.eclipse.m2e.core.internal.Bundles - 	Entry: C:\Users\Ruben\.p2\pool\plugins\org.eclipse.m2e.maven.runtime_3.9.600.20231203-1234\jars\jcl-over-slf4j-1.7.36.jar
2025-04-15 06:38:58,819 [Worker-24: Launching config-service] INFO  o.eclipse.m2e.core.internal.Bundles - 	Entry: C:\Users\Ruben\.p2\pool\plugins\org.eclipse.m2e.maven.runtime_3.9.600.20231203-1234\jars\maven-artifact-3.9.6.jar
2025-04-15 06:38:58,820 [Worker-24: Launching config-service] INFO  o.eclipse.m2e.core.internal.Bundles - 	Entry: C:\Users\Ruben\.p2\pool\plugins\org.eclipse.m2e.maven.runtime_3.9.600.20231203-1234\jars\maven-builder-support-3.9.6.jar
2025-04-15 06:38:58,821 [Worker-24: Launching config-service] INFO  o.eclipse.m2e.core.internal.Bundles - 	Entry: C:\Users\Ruben\.p2\pool\plugins\org.eclipse.m2e.maven.runtime_3.9.600.20231203-1234\jars\maven-compat-3.9.6.jar
2025-04-15 06:38:58,821 [Worker-24: Launching config-service] INFO  o.eclipse.m2e.core.internal.Bundles - 	Entry: C:\Users\Ruben\.p2\pool\plugins\org.eclipse.m2e.maven.runtime_3.9.600.20231203-1234\jars\maven-core-3.9.6.jar
2025-04-15 06:38:58,822 [Worker-24: Launching config-service] INFO  o.eclipse.m2e.core.internal.Bundles - 	Entry: C:\Users\Ruben\.p2\pool\plugins\org.eclipse.m2e.maven.runtime_3.9.600.20231203-1234\jars\maven-embedder-3.9.6.jar
2025-04-15 06:38:58,823 [Worker-24: Launching config-service] INFO  o.eclipse.m2e.core.internal.Bundles - 	Entry: C:\Users\Ruben\.p2\pool\plugins\org.eclipse.m2e.maven.runtime_3.9.600.20231203-1234\jars\maven-model-3.9.6.jar
2025-04-15 06:38:58,823 [Worker-24: Launching config-service] INFO  o.eclipse.m2e.core.internal.Bundles - 	Entry: C:\Users\Ruben\.p2\pool\plugins\org.eclipse.m2e.maven.runtime_3.9.600.20231203-1234\jars\maven-model-builder-3.9.6.jar
2025-04-15 06:38:58,824 [Worker-24: Launching config-service] INFO  o.eclipse.m2e.core.internal.Bundles - 	Entry: C:\Users\Ruben\.p2\pool\plugins\org.eclipse.m2e.maven.runtime_3.9.600.20231203-1234\jars\maven-plugin-api-3.9.6.jar
2025-04-15 06:38:58,824 [Worker-24: Launching config-service] INFO  o.eclipse.m2e.core.internal.Bundles - 	Entry: C:\Users\Ruben\.p2\pool\plugins\org.eclipse.m2e.maven.runtime_3.9.600.20231203-1234\jars\maven-repository-metadata-3.9.6.jar
2025-04-15 06:38:58,824 [Worker-24: Launching config-service] INFO  o.eclipse.m2e.core.internal.Bundles - 	Entry: C:\Users\Ruben\.p2\pool\plugins\org.eclipse.m2e.maven.runtime_3.9.600.20231203-1234\jars\maven-resolver-api-1.9.18.jar
2025-04-15 06:38:58,825 [Worker-24: Launching config-service] INFO  o.eclipse.m2e.core.internal.Bundles - 	Entry: C:\Users\Ruben\.p2\pool\plugins\org.eclipse.m2e.maven.runtime_3.9.600.20231203-1234\jars\maven-resolver-connector-basic-1.9.18.jar
2025-04-15 06:38:58,825 [Worker-24: Launching config-service] INFO  o.eclipse.m2e.core.internal.Bundles - 	Entry: C:\Users\Ruben\.p2\pool\plugins\org.eclipse.m2e.maven.runtime_3.9.600.20231203-1234\jars\maven-resolver-impl-1.9.18.jar
2025-04-15 06:38:58,826 [Worker-24: Launching config-service] INFO  o.eclipse.m2e.core.internal.Bundles - 	Entry: C:\Users\Ruben\.p2\pool\plugins\org.eclipse.m2e.maven.runtime_3.9.600.20231203-1234\jars\maven-resolver-named-locks-1.9.18.jar
2025-04-15 06:38:58,826 [Worker-24: Launching config-service] INFO  o.eclipse.m2e.core.internal.Bundles - 	Entry: C:\Users\Ruben\.p2\pool\plugins\org.eclipse.m2e.maven.runtime_3.9.600.20231203-1234\jars\maven-resolver-provider-3.9.6.jar
2025-04-15 06:38:58,826 [Worker-24: Launching config-service] INFO  o.eclipse.m2e.core.internal.Bundles - 	Entry: C:\Users\Ruben\.p2\pool\plugins\org.eclipse.m2e.maven.runtime_3.9.600.20231203-1234\jars\maven-resolver-spi-1.9.18.jar
2025-04-15 06:38:58,827 [Worker-24: Launching config-service] INFO  o.eclipse.m2e.core.internal.Bundles - 	Entry: C:\Users\Ruben\.p2\pool\plugins\org.eclipse.m2e.maven.runtime_3.9.600.20231203-1234\jars\maven-resolver-transport-file-1.9.18.jar
2025-04-15 06:38:58,827 [Worker-24: Launching config-service] INFO  o.eclipse.m2e.core.internal.Bundles - 	Entry: C:\Users\Ruben\.p2\pool\plugins\org.eclipse.m2e.maven.runtime_3.9.600.20231203-1234\jars\maven-resolver-transport-http-1.9.18.jar
2025-04-15 06:38:58,827 [Worker-24: Launching config-service] INFO  o.eclipse.m2e.core.internal.Bundles - 	Entry: C:\Users\Ruben\.p2\pool\plugins\org.eclipse.m2e.maven.runtime_3.9.600.20231203-1234\jars\maven-resolver-transport-wagon-1.9.18.jar
2025-04-15 06:38:58,828 [Worker-24: Launching config-service] INFO  o.eclipse.m2e.core.internal.Bundles - 	Entry: C:\Users\Ruben\.p2\pool\plugins\org.eclipse.m2e.maven.runtime_3.9.600.20231203-1234\jars\maven-resolver-util-1.9.18.jar
2025-04-15 06:38:58,828 [Worker-24: Launching config-service] INFO  o.eclipse.m2e.core.internal.Bundles - 	Entry: C:\Users\Ruben\.p2\pool\plugins\org.eclipse.m2e.maven.runtime_3.9.600.20231203-1234\jars\maven-settings-3.9.6.jar
2025-04-15 06:38:58,829 [Worker-24: Launching config-service] INFO  o.eclipse.m2e.core.internal.Bundles - 	Entry: C:\Users\Ruben\.p2\pool\plugins\org.eclipse.m2e.maven.runtime_3.9.600.20231203-1234\jars\maven-settings-builder-3.9.6.jar
2025-04-15 06:38:58,829 [Worker-24: Launching config-service] INFO  o.eclipse.m2e.core.internal.Bundles - 	Entry: C:\Users\Ruben\.p2\pool\plugins\org.eclipse.m2e.maven.runtime_3.9.600.20231203-1234\jars\maven-shared-utils-3.3.4.jar
2025-04-15 06:38:58,830 [Worker-24: Launching config-service] INFO  o.eclipse.m2e.core.internal.Bundles - 	Entry: C:\Users\Ruben\.p2\pool\plugins\org.eclipse.m2e.maven.runtime_3.9.600.20231203-1234\jars\org.eclipse.sisu.inject-0.9.0.M2.jar
2025-04-15 06:38:58,830 [Worker-24: Launching config-service] INFO  o.eclipse.m2e.core.internal.Bundles - 	Entry: C:\Users\Ruben\.p2\pool\plugins\org.eclipse.m2e.maven.runtime_3.9.600.20231203-1234\jars\org.eclipse.sisu.plexus-0.9.0.M2.jar
2025-04-15 06:38:58,831 [Worker-24: Launching config-service] INFO  o.eclipse.m2e.core.internal.Bundles - 	Entry: C:\Users\Ruben\.p2\pool\plugins\org.eclipse.m2e.maven.runtime_3.9.600.20231203-1234\jars\plexus-build-api-0.0.7.jar
2025-04-15 06:38:58,831 [Worker-24: Launching config-service] INFO  o.eclipse.m2e.core.internal.Bundles - 	Entry: C:\Users\Ruben\.p2\pool\plugins\org.eclipse.m2e.maven.runtime_3.9.600.20231203-1234\jars\plexus-cipher-2.0.jar
2025-04-15 06:38:58,832 [Worker-24: Launching config-service] INFO  o.eclipse.m2e.core.internal.Bundles - 	Entry: C:\Users\Ruben\.p2\pool\plugins\org.eclipse.m2e.maven.runtime_3.9.600.20231203-1234\jars\plexus-classworlds-2.7.0.jar
2025-04-15 06:38:58,832 [Worker-24: Launching config-service] INFO  o.eclipse.m2e.core.internal.Bundles - 	Entry: C:\Users\Ruben\.p2\pool\plugins\org.eclipse.m2e.maven.runtime_3.9.600.20231203-1234\jars\plexus-component-annotations-2.1.0.jar
2025-04-15 06:38:58,832 [Worker-24: Launching config-service] INFO  o.eclipse.m2e.core.internal.Bundles - 	Entry: C:\Users\Ruben\.p2\pool\plugins\org.eclipse.m2e.maven.runtime_3.9.600.20231203-1234\jars\plexus-interpolation-1.26.jar
2025-04-15 06:38:58,833 [Worker-24: Launching config-service] INFO  o.eclipse.m2e.core.internal.Bundles - 	Entry: C:\Users\Ruben\.p2\pool\plugins\org.eclipse.m2e.maven.runtime_3.9.600.20231203-1234\jars\plexus-sec-dispatcher-2.0.jar
2025-04-15 06:38:58,833 [Worker-24: Launching config-service] INFO  o.eclipse.m2e.core.internal.Bundles - 	Entry: C:\Users\Ruben\.p2\pool\plugins\org.eclipse.m2e.maven.runtime_3.9.600.20231203-1234\jars\plexus-utils-3.5.1.jar
2025-04-15 06:38:58,834 [Worker-24: Launching config-service] INFO  o.eclipse.m2e.core.internal.Bundles - 	Entry: C:\Users\Ruben\.p2\pool\plugins\org.eclipse.m2e.maven.runtime_3.9.600.20231203-1234\jars\wagon-file-3.5.3.jar
2025-04-15 06:38:58,834 [Worker-24: Launching config-service] INFO  o.eclipse.m2e.core.internal.Bundles - 	Entry: C:\Users\Ruben\.p2\pool\plugins\org.eclipse.m2e.maven.runtime_3.9.600.20231203-1234\jars\wagon-http-3.5.3.jar
2025-04-15 06:38:58,834 [Worker-24: Launching config-service] INFO  o.eclipse.m2e.core.internal.Bundles - 	Entry: C:\Users\Ruben\.p2\pool\plugins\org.eclipse.m2e.maven.runtime_3.9.600.20231203-1234\jars\wagon-http-shared-3.5.3.jar
2025-04-15 06:38:58,835 [Worker-24: Launching config-service] INFO  o.eclipse.m2e.core.internal.Bundles - 	Entry: C:\Users\Ruben\.p2\pool\plugins\org.eclipse.m2e.maven.runtime_3.9.600.20231203-1234\jars\wagon-provider-api-3.5.3.jar
2025-04-15 06:38:58,836 [Worker-24: Launching config-service] INFO  o.eclipse.m2e.core.internal.Bundles - getClasspathEntries(Bundle=com.google.guava_33.0.0.jre [10])
2025-04-15 06:38:58,837 [Worker-24: Launching config-service] INFO  o.eclipse.m2e.core.internal.Bundles - 	Entry: C:\Users\Ruben\.p2\pool\plugins\com.google.guava_33.0.0.jre.jar
2025-04-15 06:38:58,837 [Worker-24: Launching config-service] INFO  o.eclipse.m2e.core.internal.Bundles - getClasspathEntries(Bundle=slf4j.api_2.0.13 [518])
2025-04-15 06:38:58,838 [Worker-24: Launching config-service] INFO  o.eclipse.m2e.core.internal.Bundles - 	Entry: C:\Users\Ruben\.p2\pool\plugins\slf4j.api_2.0.13.jar
2025-04-15 06:38:58,838 [Worker-24: Launching config-service] INFO  o.eclipse.m2e.core.internal.Bundles - getClasspathEntries(Bundle=jakarta.inject.jakarta.inject-api_1.0.5 [22])
2025-04-15 06:38:58,839 [Worker-24: Launching config-service] INFO  o.eclipse.m2e.core.internal.Bundles - 	Entry: C:\Users\Ruben\.p2\pool\plugins\jakarta.inject.jakarta.inject-api_1.0.5.jar
2025-04-15 06:38:58,839 [Worker-24: Launching config-service] INFO  o.eclipse.m2e.core.internal.Bundles - getClasspathEntries(Bundle=jakarta.annotation-api_1.3.5 [20])
2025-04-15 06:38:58,840 [Worker-24: Launching config-service] INFO  o.eclipse.m2e.core.internal.Bundles - 	Entry: C:\Users\Ruben\.p2\pool\plugins\jakarta.annotation-api_1.3.5.jar
2025-04-15 06:38:58,841 [Worker-24: Launching config-service] INFO  o.eclipse.m2e.core.internal.Bundles - getClasspathEntries(Bundle=org.apache.commons.cli_1.6.0 [46])
2025-04-15 06:38:58,842 [Worker-24: Launching config-service] INFO  o.eclipse.m2e.core.internal.Bundles - 	Entry: C:\Users\Ruben\.p2\pool\plugins\org.apache.commons.cli_1.6.0.jar
2025-04-15 06:38:58,842 [Worker-24: Launching config-service] INFO  o.eclipse.m2e.core.internal.Bundles - getClasspathEntries(Bundle=org.apache.commons.commons-codec_1.16.0 [47])
2025-04-15 06:38:58,843 [Worker-24: Launching config-service] INFO  o.eclipse.m2e.core.internal.Bundles - 	Entry: C:\Users\Ruben\.p2\pool\plugins\org.apache.commons.commons-codec_1.16.0.jar
2025-04-15 06:38:58,843 [Worker-24: Launching config-service] INFO  o.eclipse.m2e.core.internal.Bundles - getClasspathEntries(Bundle=org.apache.commons.lang3_3.14.0 [53])
2025-04-15 06:38:58,844 [Worker-24: Launching config-service] INFO  o.eclipse.m2e.core.internal.Bundles - 	Entry: C:\Users\Ruben\.p2\pool\plugins\org.apache.commons.lang3_3.14.0.jar
2025-04-15 06:38:58,844 [Worker-24: Launching config-service] INFO  o.eclipse.m2e.core.internal.Bundles - getClasspathEntries(Bundle=com.google.guava.failureaccess_1.0.2 [11])
2025-04-15 06:38:58,845 [Worker-24: Launching config-service] INFO  o.eclipse.m2e.core.internal.Bundles - 	Entry: C:\Users\Ruben\.p2\pool\plugins\com.google.guava.failureaccess_1.0.2.jar
2025-04-15 06:38:58,847 [Worker-24: Launching config-service] INFO  o.e.m.i.launch.MavenLaunchDelegate - Run build in "E:\microservicio\config-service":
2025-04-15 06:38:58,847 [Worker-24: Launching config-service] INFO  o.e.m.i.launch.MavenLaunchDelegate -  mvn  -Ppom.xml -B -Dstyle.color=always 
2025-04-15 06:39:18,368 [Worker-24: Launching Executing clean in E__microservicio_config-service] INFO  o.eclipse.m2e.core.internal.Bundles - getClasspathEntries(Bundle=org.eclipse.m2e.maven.runtime_3.9.600.20231203-1234 [297])
2025-04-15 06:39:18,369 [Worker-24: Launching Executing clean in E__microservicio_config-service] INFO  o.eclipse.m2e.core.internal.Bundles - 	Entry: C:\Users\Ruben\.p2\pool\plugins\org.eclipse.m2e.maven.runtime_3.9.600.20231203-1234
2025-04-15 06:39:18,369 [Worker-24: Launching Executing clean in E__microservicio_config-service] INFO  o.eclipse.m2e.core.internal.Bundles - 	Entry: C:\Users\Ruben\.p2\pool\plugins\org.eclipse.m2e.maven.runtime_3.9.600.20231203-1234\jars\aopalliance-1.0.jar
2025-04-15 06:39:18,369 [Worker-24: Launching Executing clean in E__microservicio_config-service] INFO  o.eclipse.m2e.core.internal.Bundles - 	Entry: C:\Users\Ruben\.p2\pool\plugins\org.eclipse.m2e.maven.runtime_3.9.600.20231203-1234\jars\guice-5.1.0.jar
2025-04-15 06:39:18,370 [Worker-24: Launching Executing clean in E__microservicio_config-service] INFO  o.eclipse.m2e.core.internal.Bundles - 	Entry: C:\Users\Ruben\.p2\pool\plugins\org.eclipse.m2e.maven.runtime_3.9.600.20231203-1234\jars\httpclient-4.5.14.jar
2025-04-15 06:39:18,370 [Worker-24: Launching Executing clean in E__microservicio_config-service] INFO  o.eclipse.m2e.core.internal.Bundles - 	Entry: C:\Users\Ruben\.p2\pool\plugins\org.eclipse.m2e.maven.runtime_3.9.600.20231203-1234\jars\httpcore-4.4.16.jar
2025-04-15 06:39:18,371 [Worker-24: Launching Executing clean in E__microservicio_config-service] INFO  o.eclipse.m2e.core.internal.Bundles - 	Entry: C:\Users\Ruben\.p2\pool\plugins\org.eclipse.m2e.maven.runtime_3.9.600.20231203-1234\jars\jansi-2.4.0.jar
2025-04-15 06:39:18,371 [Worker-24: Launching Executing clean in E__microservicio_config-service] INFO  o.eclipse.m2e.core.internal.Bundles - 	Entry: C:\Users\Ruben\.p2\pool\plugins\org.eclipse.m2e.maven.runtime_3.9.600.20231203-1234\jars\jcl-over-slf4j-1.7.36.jar
2025-04-15 06:39:18,371 [Worker-24: Launching Executing clean in E__microservicio_config-service] INFO  o.eclipse.m2e.core.internal.Bundles - 	Entry: C:\Users\Ruben\.p2\pool\plugins\org.eclipse.m2e.maven.runtime_3.9.600.20231203-1234\jars\maven-artifact-3.9.6.jar
2025-04-15 06:39:18,372 [Worker-24: Launching Executing clean in E__microservicio_config-service] INFO  o.eclipse.m2e.core.internal.Bundles - 	Entry: C:\Users\Ruben\.p2\pool\plugins\org.eclipse.m2e.maven.runtime_3.9.600.20231203-1234\jars\maven-builder-support-3.9.6.jar
2025-04-15 06:39:18,373 [Worker-24: Launching Executing clean in E__microservicio_config-service] INFO  o.eclipse.m2e.core.internal.Bundles - 	Entry: C:\Users\Ruben\.p2\pool\plugins\org.eclipse.m2e.maven.runtime_3.9.600.20231203-1234\jars\maven-compat-3.9.6.jar
2025-04-15 06:39:18,373 [Worker-24: Launching Executing clean in E__microservicio_config-service] INFO  o.eclipse.m2e.core.internal.Bundles - 	Entry: C:\Users\Ruben\.p2\pool\plugins\org.eclipse.m2e.maven.runtime_3.9.600.20231203-1234\jars\maven-core-3.9.6.jar
2025-04-15 06:39:18,373 [Worker-24: Launching Executing clean in E__microservicio_config-service] INFO  o.eclipse.m2e.core.internal.Bundles - 	Entry: C:\Users\Ruben\.p2\pool\plugins\org.eclipse.m2e.maven.runtime_3.9.600.20231203-1234\jars\maven-embedder-3.9.6.jar
2025-04-15 06:39:18,374 [Worker-24: Launching Executing clean in E__microservicio_config-service] INFO  o.eclipse.m2e.core.internal.Bundles - 	Entry: C:\Users\Ruben\.p2\pool\plugins\org.eclipse.m2e.maven.runtime_3.9.600.20231203-1234\jars\maven-model-3.9.6.jar
2025-04-15 06:39:18,374 [Worker-24: Launching Executing clean in E__microservicio_config-service] INFO  o.eclipse.m2e.core.internal.Bundles - 	Entry: C:\Users\Ruben\.p2\pool\plugins\org.eclipse.m2e.maven.runtime_3.9.600.20231203-1234\jars\maven-model-builder-3.9.6.jar
2025-04-15 06:39:18,375 [Worker-24: Launching Executing clean in E__microservicio_config-service] INFO  o.eclipse.m2e.core.internal.Bundles - 	Entry: C:\Users\Ruben\.p2\pool\plugins\org.eclipse.m2e.maven.runtime_3.9.600.20231203-1234\jars\maven-plugin-api-3.9.6.jar
2025-04-15 06:39:18,375 [Worker-24: Launching Executing clean in E__microservicio_config-service] INFO  o.eclipse.m2e.core.internal.Bundles - 	Entry: C:\Users\Ruben\.p2\pool\plugins\org.eclipse.m2e.maven.runtime_3.9.600.20231203-1234\jars\maven-repository-metadata-3.9.6.jar
2025-04-15 06:39:18,375 [Worker-24: Launching Executing clean in E__microservicio_config-service] INFO  o.eclipse.m2e.core.internal.Bundles - 	Entry: C:\Users\Ruben\.p2\pool\plugins\org.eclipse.m2e.maven.runtime_3.9.600.20231203-1234\jars\maven-resolver-api-1.9.18.jar
2025-04-15 06:39:18,376 [Worker-24: Launching Executing clean in E__microservicio_config-service] INFO  o.eclipse.m2e.core.internal.Bundles - 	Entry: C:\Users\Ruben\.p2\pool\plugins\org.eclipse.m2e.maven.runtime_3.9.600.20231203-1234\jars\maven-resolver-connector-basic-1.9.18.jar
2025-04-15 06:39:18,376 [Worker-24: Launching Executing clean in E__microservicio_config-service] INFO  o.eclipse.m2e.core.internal.Bundles - 	Entry: C:\Users\Ruben\.p2\pool\plugins\org.eclipse.m2e.maven.runtime_3.9.600.20231203-1234\jars\maven-resolver-impl-1.9.18.jar
2025-04-15 06:39:18,376 [Worker-24: Launching Executing clean in E__microservicio_config-service] INFO  o.eclipse.m2e.core.internal.Bundles - 	Entry: C:\Users\Ruben\.p2\pool\plugins\org.eclipse.m2e.maven.runtime_3.9.600.20231203-1234\jars\maven-resolver-named-locks-1.9.18.jar
2025-04-15 06:39:18,377 [Worker-24: Launching Executing clean in E__microservicio_config-service] INFO  o.eclipse.m2e.core.internal.Bundles - 	Entry: C:\Users\Ruben\.p2\pool\plugins\org.eclipse.m2e.maven.runtime_3.9.600.20231203-1234\jars\maven-resolver-provider-3.9.6.jar
2025-04-15 06:39:18,377 [Worker-24: Launching Executing clean in E__microservicio_config-service] INFO  o.eclipse.m2e.core.internal.Bundles - 	Entry: C:\Users\Ruben\.p2\pool\plugins\org.eclipse.m2e.maven.runtime_3.9.600.20231203-1234\jars\maven-resolver-spi-1.9.18.jar
2025-04-15 06:39:18,377 [Worker-24: Launching Executing clean in E__microservicio_config-service] INFO  o.eclipse.m2e.core.internal.Bundles - 	Entry: C:\Users\Ruben\.p2\pool\plugins\org.eclipse.m2e.maven.runtime_3.9.600.20231203-1234\jars\maven-resolver-transport-file-1.9.18.jar
2025-04-15 06:39:18,378 [Worker-24: Launching Executing clean in E__microservicio_config-service] INFO  o.eclipse.m2e.core.internal.Bundles - 	Entry: C:\Users\Ruben\.p2\pool\plugins\org.eclipse.m2e.maven.runtime_3.9.600.20231203-1234\jars\maven-resolver-transport-http-1.9.18.jar
2025-04-15 06:39:18,378 [Worker-24: Launching Executing clean in E__microservicio_config-service] INFO  o.eclipse.m2e.core.internal.Bundles - 	Entry: C:\Users\Ruben\.p2\pool\plugins\org.eclipse.m2e.maven.runtime_3.9.600.20231203-1234\jars\maven-resolver-transport-wagon-1.9.18.jar
2025-04-15 06:39:18,378 [Worker-24: Launching Executing clean in E__microservicio_config-service] INFO  o.eclipse.m2e.core.internal.Bundles - 	Entry: C:\Users\Ruben\.p2\pool\plugins\org.eclipse.m2e.maven.runtime_3.9.600.20231203-1234\jars\maven-resolver-util-1.9.18.jar
2025-04-15 06:39:18,379 [Worker-24: Launching Executing clean in E__microservicio_config-service] INFO  o.eclipse.m2e.core.internal.Bundles - 	Entry: C:\Users\Ruben\.p2\pool\plugins\org.eclipse.m2e.maven.runtime_3.9.600.20231203-1234\jars\maven-settings-3.9.6.jar
2025-04-15 06:39:18,379 [Worker-24: Launching Executing clean in E__microservicio_config-service] INFO  o.eclipse.m2e.core.internal.Bundles - 	Entry: C:\Users\Ruben\.p2\pool\plugins\org.eclipse.m2e.maven.runtime_3.9.600.20231203-1234\jars\maven-settings-builder-3.9.6.jar
2025-04-15 06:39:18,379 [Worker-24: Launching Executing clean in E__microservicio_config-service] INFO  o.eclipse.m2e.core.internal.Bundles - 	Entry: C:\Users\Ruben\.p2\pool\plugins\org.eclipse.m2e.maven.runtime_3.9.600.20231203-1234\jars\maven-shared-utils-3.3.4.jar
2025-04-15 06:39:18,380 [Worker-24: Launching Executing clean in E__microservicio_config-service] INFO  o.eclipse.m2e.core.internal.Bundles - 	Entry: C:\Users\Ruben\.p2\pool\plugins\org.eclipse.m2e.maven.runtime_3.9.600.20231203-1234\jars\org.eclipse.sisu.inject-0.9.0.M2.jar
2025-04-15 06:39:18,380 [Worker-24: Launching Executing clean in E__microservicio_config-service] INFO  o.eclipse.m2e.core.internal.Bundles - 	Entry: C:\Users\Ruben\.p2\pool\plugins\org.eclipse.m2e.maven.runtime_3.9.600.20231203-1234\jars\org.eclipse.sisu.plexus-0.9.0.M2.jar
2025-04-15 06:39:18,381 [Worker-24: Launching Executing clean in E__microservicio_config-service] INFO  o.eclipse.m2e.core.internal.Bundles - 	Entry: C:\Users\Ruben\.p2\pool\plugins\org.eclipse.m2e.maven.runtime_3.9.600.20231203-1234\jars\plexus-build-api-0.0.7.jar
2025-04-15 06:39:18,381 [Worker-24: Launching Executing clean in E__microservicio_config-service] INFO  o.eclipse.m2e.core.internal.Bundles - 	Entry: C:\Users\Ruben\.p2\pool\plugins\org.eclipse.m2e.maven.runtime_3.9.600.20231203-1234\jars\plexus-cipher-2.0.jar
2025-04-15 06:39:18,381 [Worker-24: Launching Executing clean in E__microservicio_config-service] INFO  o.eclipse.m2e.core.internal.Bundles - 	Entry: C:\Users\Ruben\.p2\pool\plugins\org.eclipse.m2e.maven.runtime_3.9.600.20231203-1234\jars\plexus-classworlds-2.7.0.jar
2025-04-15 06:39:18,382 [Worker-24: Launching Executing clean in E__microservicio_config-service] INFO  o.eclipse.m2e.core.internal.Bundles - 	Entry: C:\Users\Ruben\.p2\pool\plugins\org.eclipse.m2e.maven.runtime_3.9.600.20231203-1234\jars\plexus-component-annotations-2.1.0.jar
2025-04-15 06:39:18,382 [Worker-24: Launching Executing clean in E__microservicio_config-service] INFO  o.eclipse.m2e.core.internal.Bundles - 	Entry: C:\Users\Ruben\.p2\pool\plugins\org.eclipse.m2e.maven.runtime_3.9.600.20231203-1234\jars\plexus-interpolation-1.26.jar
2025-04-15 06:39:18,382 [Worker-24: Launching Executing clean in E__microservicio_config-service] INFO  o.eclipse.m2e.core.internal.Bundles - 	Entry: C:\Users\Ruben\.p2\pool\plugins\org.eclipse.m2e.maven.runtime_3.9.600.20231203-1234\jars\plexus-sec-dispatcher-2.0.jar
2025-04-15 06:39:18,383 [Worker-24: Launching Executing clean in E__microservicio_config-service] INFO  o.eclipse.m2e.core.internal.Bundles - 	Entry: C:\Users\Ruben\.p2\pool\plugins\org.eclipse.m2e.maven.runtime_3.9.600.20231203-1234\jars\plexus-utils-3.5.1.jar
2025-04-15 06:39:18,383 [Worker-24: Launching Executing clean in E__microservicio_config-service] INFO  o.eclipse.m2e.core.internal.Bundles - 	Entry: C:\Users\Ruben\.p2\pool\plugins\org.eclipse.m2e.maven.runtime_3.9.600.20231203-1234\jars\wagon-file-3.5.3.jar
2025-04-15 06:39:18,383 [Worker-24: Launching Executing clean in E__microservicio_config-service] INFO  o.eclipse.m2e.core.internal.Bundles - 	Entry: C:\Users\Ruben\.p2\pool\plugins\org.eclipse.m2e.maven.runtime_3.9.600.20231203-1234\jars\wagon-http-3.5.3.jar
2025-04-15 06:39:18,383 [Worker-24: Launching Executing clean in E__microservicio_config-service] INFO  o.eclipse.m2e.core.internal.Bundles - 	Entry: C:\Users\Ruben\.p2\pool\plugins\org.eclipse.m2e.maven.runtime_3.9.600.20231203-1234\jars\wagon-http-shared-3.5.3.jar
2025-04-15 06:39:18,383 [Worker-24: Launching Executing clean in E__microservicio_config-service] INFO  o.eclipse.m2e.core.internal.Bundles - 	Entry: C:\Users\Ruben\.p2\pool\plugins\org.eclipse.m2e.maven.runtime_3.9.600.20231203-1234\jars\wagon-provider-api-3.5.3.jar
2025-04-15 06:39:18,384 [Worker-24: Launching Executing clean in E__microservicio_config-service] INFO  o.eclipse.m2e.core.internal.Bundles - getClasspathEntries(Bundle=com.google.guava_33.0.0.jre [10])
2025-04-15 06:39:18,384 [Worker-24: Launching Executing clean in E__microservicio_config-service] INFO  o.eclipse.m2e.core.internal.Bundles - 	Entry: C:\Users\Ruben\.p2\pool\plugins\com.google.guava_33.0.0.jre.jar
2025-04-15 06:39:18,384 [Worker-24: Launching Executing clean in E__microservicio_config-service] INFO  o.eclipse.m2e.core.internal.Bundles - getClasspathEntries(Bundle=slf4j.api_2.0.13 [518])
2025-04-15 06:39:18,385 [Worker-24: Launching Executing clean in E__microservicio_config-service] INFO  o.eclipse.m2e.core.internal.Bundles - 	Entry: C:\Users\Ruben\.p2\pool\plugins\slf4j.api_2.0.13.jar
2025-04-15 06:39:18,385 [Worker-24: Launching Executing clean in E__microservicio_config-service] INFO  o.eclipse.m2e.core.internal.Bundles - getClasspathEntries(Bundle=jakarta.inject.jakarta.inject-api_1.0.5 [22])
2025-04-15 06:39:18,385 [Worker-24: Launching Executing clean in E__microservicio_config-service] INFO  o.eclipse.m2e.core.internal.Bundles - 	Entry: C:\Users\Ruben\.p2\pool\plugins\jakarta.inject.jakarta.inject-api_1.0.5.jar
2025-04-15 06:39:18,385 [Worker-24: Launching Executing clean in E__microservicio_config-service] INFO  o.eclipse.m2e.core.internal.Bundles - getClasspathEntries(Bundle=jakarta.annotation-api_1.3.5 [20])
2025-04-15 06:39:18,386 [Worker-24: Launching Executing clean in E__microservicio_config-service] INFO  o.eclipse.m2e.core.internal.Bundles - 	Entry: C:\Users\Ruben\.p2\pool\plugins\jakarta.annotation-api_1.3.5.jar
2025-04-15 06:39:18,386 [Worker-24: Launching Executing clean in E__microservicio_config-service] INFO  o.eclipse.m2e.core.internal.Bundles - getClasspathEntries(Bundle=org.apache.commons.cli_1.6.0 [46])
2025-04-15 06:39:18,386 [Worker-24: Launching Executing clean in E__microservicio_config-service] INFO  o.eclipse.m2e.core.internal.Bundles - 	Entry: C:\Users\Ruben\.p2\pool\plugins\org.apache.commons.cli_1.6.0.jar
2025-04-15 06:39:18,386 [Worker-24: Launching Executing clean in E__microservicio_config-service] INFO  o.eclipse.m2e.core.internal.Bundles - getClasspathEntries(Bundle=org.apache.commons.commons-codec_1.16.0 [47])
2025-04-15 06:39:18,388 [Worker-24: Launching Executing clean in E__microservicio_config-service] INFO  o.eclipse.m2e.core.internal.Bundles - 	Entry: C:\Users\Ruben\.p2\pool\plugins\org.apache.commons.commons-codec_1.16.0.jar
2025-04-15 06:39:18,388 [Worker-24: Launching Executing clean in E__microservicio_config-service] INFO  o.eclipse.m2e.core.internal.Bundles - getClasspathEntries(Bundle=org.apache.commons.lang3_3.14.0 [53])
2025-04-15 06:39:18,389 [Worker-24: Launching Executing clean in E__microservicio_config-service] INFO  o.eclipse.m2e.core.internal.Bundles - 	Entry: C:\Users\Ruben\.p2\pool\plugins\org.apache.commons.lang3_3.14.0.jar
2025-04-15 06:39:18,389 [Worker-24: Launching Executing clean in E__microservicio_config-service] INFO  o.eclipse.m2e.core.internal.Bundles - getClasspathEntries(Bundle=com.google.guava.failureaccess_1.0.2 [11])
2025-04-15 06:39:18,391 [Worker-24: Launching Executing clean in E__microservicio_config-service] INFO  o.eclipse.m2e.core.internal.Bundles - 	Entry: C:\Users\Ruben\.p2\pool\plugins\com.google.guava.failureaccess_1.0.2.jar
2025-04-15 06:39:18,392 [Worker-24: Launching Executing clean in E__microservicio_config-service] INFO  o.e.m.i.launch.MavenLaunchDelegate - Run build in "E:\microservicio\config-service":
2025-04-15 06:39:18,393 [Worker-24: Launching Executing clean in E__microservicio_config-service] INFO  o.e.m.i.launch.MavenLaunchDelegate -  mvn  -Ppom.xml -B -Dstyle.color=always clean
2025-04-15 06:39:23,284 [Worker-23: Building] INFO  o.a.m.s.f.DefaultMavenResourcesFiltering - Copying 1 resource from src\main\resources to target\classes
2025-04-15 06:39:23,286 [Worker-23: Building] INFO  o.a.m.s.f.DefaultMavenResourcesFiltering - Copying 0 resource from src\main\resources to target\classes
2025-04-15 06:39:23,291 [Worker-23: Building] INFO  o.a.m.s.f.DefaultMavenResourcesFiltering - skip non existing resourceDirectory E:\microservicio\config-service\src\test\resources
2025-04-15 06:39:30,504 [main] INFO  o.e.m2e.actions.ExecutePomAction - Creating new launch configuration
2025-04-15 06:39:36,638 [Worker-0: Launching config-service (1)] INFO  o.eclipse.m2e.core.internal.Bundles - getClasspathEntries(Bundle=org.eclipse.m2e.maven.runtime_3.9.600.20231203-1234 [297])
2025-04-15 06:39:36,640 [Worker-0: Launching config-service (1)] INFO  o.eclipse.m2e.core.internal.Bundles - 	Entry: C:\Users\Ruben\.p2\pool\plugins\org.eclipse.m2e.maven.runtime_3.9.600.20231203-1234
2025-04-15 06:39:36,641 [Worker-0: Launching config-service (1)] INFO  o.eclipse.m2e.core.internal.Bundles - 	Entry: C:\Users\Ruben\.p2\pool\plugins\org.eclipse.m2e.maven.runtime_3.9.600.20231203-1234\jars\aopalliance-1.0.jar
2025-04-15 06:39:36,641 [Worker-0: Launching config-service (1)] INFO  o.eclipse.m2e.core.internal.Bundles - 	Entry: C:\Users\Ruben\.p2\pool\plugins\org.eclipse.m2e.maven.runtime_3.9.600.20231203-1234\jars\guice-5.1.0.jar
2025-04-15 06:39:36,642 [Worker-0: Launching config-service (1)] INFO  o.eclipse.m2e.core.internal.Bundles - 	Entry: C:\Users\Ruben\.p2\pool\plugins\org.eclipse.m2e.maven.runtime_3.9.600.20231203-1234\jars\httpclient-4.5.14.jar
2025-04-15 06:39:36,642 [Worker-0: Launching config-service (1)] INFO  o.eclipse.m2e.core.internal.Bundles - 	Entry: C:\Users\Ruben\.p2\pool\plugins\org.eclipse.m2e.maven.runtime_3.9.600.20231203-1234\jars\httpcore-4.4.16.jar
2025-04-15 06:39:36,643 [Worker-0: Launching config-service (1)] INFO  o.eclipse.m2e.core.internal.Bundles - 	Entry: C:\Users\Ruben\.p2\pool\plugins\org.eclipse.m2e.maven.runtime_3.9.600.20231203-1234\jars\jansi-2.4.0.jar
2025-04-15 06:39:36,643 [Worker-0: Launching config-service (1)] INFO  o.eclipse.m2e.core.internal.Bundles - 	Entry: C:\Users\Ruben\.p2\pool\plugins\org.eclipse.m2e.maven.runtime_3.9.600.20231203-1234\jars\jcl-over-slf4j-1.7.36.jar
2025-04-15 06:39:36,643 [Worker-0: Launching config-service (1)] INFO  o.eclipse.m2e.core.internal.Bundles - 	Entry: C:\Users\Ruben\.p2\pool\plugins\org.eclipse.m2e.maven.runtime_3.9.600.20231203-1234\jars\maven-artifact-3.9.6.jar
2025-04-15 06:39:36,644 [Worker-0: Launching config-service (1)] INFO  o.eclipse.m2e.core.internal.Bundles - 	Entry: C:\Users\Ruben\.p2\pool\plugins\org.eclipse.m2e.maven.runtime_3.9.600.20231203-1234\jars\maven-builder-support-3.9.6.jar
2025-04-15 06:39:36,644 [Worker-0: Launching config-service (1)] INFO  o.eclipse.m2e.core.internal.Bundles - 	Entry: C:\Users\Ruben\.p2\pool\plugins\org.eclipse.m2e.maven.runtime_3.9.600.20231203-1234\jars\maven-compat-3.9.6.jar
2025-04-15 06:39:36,644 [Worker-0: Launching config-service (1)] INFO  o.eclipse.m2e.core.internal.Bundles - 	Entry: C:\Users\Ruben\.p2\pool\plugins\org.eclipse.m2e.maven.runtime_3.9.600.20231203-1234\jars\maven-core-3.9.6.jar
2025-04-15 06:39:36,644 [Worker-0: Launching config-service (1)] INFO  o.eclipse.m2e.core.internal.Bundles - 	Entry: C:\Users\Ruben\.p2\pool\plugins\org.eclipse.m2e.maven.runtime_3.9.600.20231203-1234\jars\maven-embedder-3.9.6.jar
2025-04-15 06:39:36,644 [Worker-0: Launching config-service (1)] INFO  o.eclipse.m2e.core.internal.Bundles - 	Entry: C:\Users\Ruben\.p2\pool\plugins\org.eclipse.m2e.maven.runtime_3.9.600.20231203-1234\jars\maven-model-3.9.6.jar
2025-04-15 06:39:36,645 [Worker-0: Launching config-service (1)] INFO  o.eclipse.m2e.core.internal.Bundles - 	Entry: C:\Users\Ruben\.p2\pool\plugins\org.eclipse.m2e.maven.runtime_3.9.600.20231203-1234\jars\maven-model-builder-3.9.6.jar
2025-04-15 06:39:36,645 [Worker-0: Launching config-service (1)] INFO  o.eclipse.m2e.core.internal.Bundles - 	Entry: C:\Users\Ruben\.p2\pool\plugins\org.eclipse.m2e.maven.runtime_3.9.600.20231203-1234\jars\maven-plugin-api-3.9.6.jar
2025-04-15 06:39:36,645 [Worker-0: Launching config-service (1)] INFO  o.eclipse.m2e.core.internal.Bundles - 	Entry: C:\Users\Ruben\.p2\pool\plugins\org.eclipse.m2e.maven.runtime_3.9.600.20231203-1234\jars\maven-repository-metadata-3.9.6.jar
2025-04-15 06:39:36,646 [Worker-0: Launching config-service (1)] INFO  o.eclipse.m2e.core.internal.Bundles - 	Entry: C:\Users\Ruben\.p2\pool\plugins\org.eclipse.m2e.maven.runtime_3.9.600.20231203-1234\jars\maven-resolver-api-1.9.18.jar
2025-04-15 06:39:36,646 [Worker-0: Launching config-service (1)] INFO  o.eclipse.m2e.core.internal.Bundles - 	Entry: C:\Users\Ruben\.p2\pool\plugins\org.eclipse.m2e.maven.runtime_3.9.600.20231203-1234\jars\maven-resolver-connector-basic-1.9.18.jar
2025-04-15 06:39:36,647 [Worker-0: Launching config-service (1)] INFO  o.eclipse.m2e.core.internal.Bundles - 	Entry: C:\Users\Ruben\.p2\pool\plugins\org.eclipse.m2e.maven.runtime_3.9.600.20231203-1234\jars\maven-resolver-impl-1.9.18.jar
2025-04-15 06:39:36,647 [Worker-0: Launching config-service (1)] INFO  o.eclipse.m2e.core.internal.Bundles - 	Entry: C:\Users\Ruben\.p2\pool\plugins\org.eclipse.m2e.maven.runtime_3.9.600.20231203-1234\jars\maven-resolver-named-locks-1.9.18.jar
2025-04-15 06:39:36,647 [Worker-0: Launching config-service (1)] INFO  o.eclipse.m2e.core.internal.Bundles - 	Entry: C:\Users\Ruben\.p2\pool\plugins\org.eclipse.m2e.maven.runtime_3.9.600.20231203-1234\jars\maven-resolver-provider-3.9.6.jar
2025-04-15 06:39:36,648 [Worker-0: Launching config-service (1)] INFO  o.eclipse.m2e.core.internal.Bundles - 	Entry: C:\Users\Ruben\.p2\pool\plugins\org.eclipse.m2e.maven.runtime_3.9.600.20231203-1234\jars\maven-resolver-spi-1.9.18.jar
2025-04-15 06:39:36,648 [Worker-0: Launching config-service (1)] INFO  o.eclipse.m2e.core.internal.Bundles - 	Entry: C:\Users\Ruben\.p2\pool\plugins\org.eclipse.m2e.maven.runtime_3.9.600.20231203-1234\jars\maven-resolver-transport-file-1.9.18.jar
2025-04-15 06:39:36,648 [Worker-0: Launching config-service (1)] INFO  o.eclipse.m2e.core.internal.Bundles - 	Entry: C:\Users\Ruben\.p2\pool\plugins\org.eclipse.m2e.maven.runtime_3.9.600.20231203-1234\jars\maven-resolver-transport-http-1.9.18.jar
2025-04-15 06:39:36,649 [Worker-0: Launching config-service (1)] INFO  o.eclipse.m2e.core.internal.Bundles - 	Entry: C:\Users\Ruben\.p2\pool\plugins\org.eclipse.m2e.maven.runtime_3.9.600.20231203-1234\jars\maven-resolver-transport-wagon-1.9.18.jar
2025-04-15 06:39:36,649 [Worker-0: Launching config-service (1)] INFO  o.eclipse.m2e.core.internal.Bundles - 	Entry: C:\Users\Ruben\.p2\pool\plugins\org.eclipse.m2e.maven.runtime_3.9.600.20231203-1234\jars\maven-resolver-util-1.9.18.jar
2025-04-15 06:39:36,649 [Worker-0: Launching config-service (1)] INFO  o.eclipse.m2e.core.internal.Bundles - 	Entry: C:\Users\Ruben\.p2\pool\plugins\org.eclipse.m2e.maven.runtime_3.9.600.20231203-1234\jars\maven-settings-3.9.6.jar
2025-04-15 06:39:36,650 [Worker-0: Launching config-service (1)] INFO  o.eclipse.m2e.core.internal.Bundles - 	Entry: C:\Users\Ruben\.p2\pool\plugins\org.eclipse.m2e.maven.runtime_3.9.600.20231203-1234\jars\maven-settings-builder-3.9.6.jar
2025-04-15 06:39:36,650 [Worker-0: Launching config-service (1)] INFO  o.eclipse.m2e.core.internal.Bundles - 	Entry: C:\Users\Ruben\.p2\pool\plugins\org.eclipse.m2e.maven.runtime_3.9.600.20231203-1234\jars\maven-shared-utils-3.3.4.jar
2025-04-15 06:39:36,650 [Worker-0: Launching config-service (1)] INFO  o.eclipse.m2e.core.internal.Bundles - 	Entry: C:\Users\Ruben\.p2\pool\plugins\org.eclipse.m2e.maven.runtime_3.9.600.20231203-1234\jars\org.eclipse.sisu.inject-0.9.0.M2.jar
2025-04-15 06:39:36,651 [Worker-0: Launching config-service (1)] INFO  o.eclipse.m2e.core.internal.Bundles - 	Entry: C:\Users\Ruben\.p2\pool\plugins\org.eclipse.m2e.maven.runtime_3.9.600.20231203-1234\jars\org.eclipse.sisu.plexus-0.9.0.M2.jar
2025-04-15 06:39:36,651 [Worker-0: Launching config-service (1)] INFO  o.eclipse.m2e.core.internal.Bundles - 	Entry: C:\Users\Ruben\.p2\pool\plugins\org.eclipse.m2e.maven.runtime_3.9.600.20231203-1234\jars\plexus-build-api-0.0.7.jar
2025-04-15 06:39:36,651 [Worker-0: Launching config-service (1)] INFO  o.eclipse.m2e.core.internal.Bundles - 	Entry: C:\Users\Ruben\.p2\pool\plugins\org.eclipse.m2e.maven.runtime_3.9.600.20231203-1234\jars\plexus-cipher-2.0.jar
2025-04-15 06:39:36,652 [Worker-0: Launching config-service (1)] INFO  o.eclipse.m2e.core.internal.Bundles - 	Entry: C:\Users\Ruben\.p2\pool\plugins\org.eclipse.m2e.maven.runtime_3.9.600.20231203-1234\jars\plexus-classworlds-2.7.0.jar
2025-04-15 06:39:36,652 [Worker-0: Launching config-service (1)] INFO  o.eclipse.m2e.core.internal.Bundles - 	Entry: C:\Users\Ruben\.p2\pool\plugins\org.eclipse.m2e.maven.runtime_3.9.600.20231203-1234\jars\plexus-component-annotations-2.1.0.jar
2025-04-15 06:39:36,652 [Worker-0: Launching config-service (1)] INFO  o.eclipse.m2e.core.internal.Bundles - 	Entry: C:\Users\Ruben\.p2\pool\plugins\org.eclipse.m2e.maven.runtime_3.9.600.20231203-1234\jars\plexus-interpolation-1.26.jar
2025-04-15 06:39:36,653 [Worker-0: Launching config-service (1)] INFO  o.eclipse.m2e.core.internal.Bundles - 	Entry: C:\Users\Ruben\.p2\pool\plugins\org.eclipse.m2e.maven.runtime_3.9.600.20231203-1234\jars\plexus-sec-dispatcher-2.0.jar
2025-04-15 06:39:36,653 [Worker-0: Launching config-service (1)] INFO  o.eclipse.m2e.core.internal.Bundles - 	Entry: C:\Users\Ruben\.p2\pool\plugins\org.eclipse.m2e.maven.runtime_3.9.600.20231203-1234\jars\plexus-utils-3.5.1.jar
2025-04-15 06:39:36,653 [Worker-0: Launching config-service (1)] INFO  o.eclipse.m2e.core.internal.Bundles - 	Entry: C:\Users\Ruben\.p2\pool\plugins\org.eclipse.m2e.maven.runtime_3.9.600.20231203-1234\jars\wagon-file-3.5.3.jar
2025-04-15 06:39:36,654 [Worker-0: Launching config-service (1)] INFO  o.eclipse.m2e.core.internal.Bundles - 	Entry: C:\Users\Ruben\.p2\pool\plugins\org.eclipse.m2e.maven.runtime_3.9.600.20231203-1234\jars\wagon-http-3.5.3.jar
2025-04-15 06:39:36,654 [Worker-0: Launching config-service (1)] INFO  o.eclipse.m2e.core.internal.Bundles - 	Entry: C:\Users\Ruben\.p2\pool\plugins\org.eclipse.m2e.maven.runtime_3.9.600.20231203-1234\jars\wagon-http-shared-3.5.3.jar
2025-04-15 06:39:36,654 [Worker-0: Launching config-service (1)] INFO  o.eclipse.m2e.core.internal.Bundles - 	Entry: C:\Users\Ruben\.p2\pool\plugins\org.eclipse.m2e.maven.runtime_3.9.600.20231203-1234\jars\wagon-provider-api-3.5.3.jar
2025-04-15 06:39:36,655 [Worker-0: Launching config-service (1)] INFO  o.eclipse.m2e.core.internal.Bundles - getClasspathEntries(Bundle=com.google.guava_33.0.0.jre [10])
2025-04-15 06:39:36,656 [Worker-0: Launching config-service (1)] INFO  o.eclipse.m2e.core.internal.Bundles - 	Entry: C:\Users\Ruben\.p2\pool\plugins\com.google.guava_33.0.0.jre.jar
2025-04-15 06:39:36,656 [Worker-0: Launching config-service (1)] INFO  o.eclipse.m2e.core.internal.Bundles - getClasspathEntries(Bundle=slf4j.api_2.0.13 [518])
2025-04-15 06:39:36,657 [Worker-0: Launching config-service (1)] INFO  o.eclipse.m2e.core.internal.Bundles - 	Entry: C:\Users\Ruben\.p2\pool\plugins\slf4j.api_2.0.13.jar
2025-04-15 06:39:36,657 [Worker-0: Launching config-service (1)] INFO  o.eclipse.m2e.core.internal.Bundles - getClasspathEntries(Bundle=jakarta.inject.jakarta.inject-api_1.0.5 [22])
2025-04-15 06:39:36,658 [Worker-0: Launching config-service (1)] INFO  o.eclipse.m2e.core.internal.Bundles - 	Entry: C:\Users\Ruben\.p2\pool\plugins\jakarta.inject.jakarta.inject-api_1.0.5.jar
2025-04-15 06:39:36,658 [Worker-0: Launching config-service (1)] INFO  o.eclipse.m2e.core.internal.Bundles - getClasspathEntries(Bundle=jakarta.annotation-api_1.3.5 [20])
2025-04-15 06:39:36,659 [Worker-0: Launching config-service (1)] INFO  o.eclipse.m2e.core.internal.Bundles - 	Entry: C:\Users\Ruben\.p2\pool\plugins\jakarta.annotation-api_1.3.5.jar
2025-04-15 06:39:36,659 [Worker-0: Launching config-service (1)] INFO  o.eclipse.m2e.core.internal.Bundles - getClasspathEntries(Bundle=org.apache.commons.cli_1.6.0 [46])
2025-04-15 06:39:36,660 [Worker-0: Launching config-service (1)] INFO  o.eclipse.m2e.core.internal.Bundles - 	Entry: C:\Users\Ruben\.p2\pool\plugins\org.apache.commons.cli_1.6.0.jar
2025-04-15 06:39:36,660 [Worker-0: Launching config-service (1)] INFO  o.eclipse.m2e.core.internal.Bundles - getClasspathEntries(Bundle=org.apache.commons.commons-codec_1.16.0 [47])
2025-04-15 06:39:36,661 [Worker-0: Launching config-service (1)] INFO  o.eclipse.m2e.core.internal.Bundles - 	Entry: C:\Users\Ruben\.p2\pool\plugins\org.apache.commons.commons-codec_1.16.0.jar
2025-04-15 06:39:36,661 [Worker-0: Launching config-service (1)] INFO  o.eclipse.m2e.core.internal.Bundles - getClasspathEntries(Bundle=org.apache.commons.lang3_3.14.0 [53])
2025-04-15 06:39:36,662 [Worker-0: Launching config-service (1)] INFO  o.eclipse.m2e.core.internal.Bundles - 	Entry: C:\Users\Ruben\.p2\pool\plugins\org.apache.commons.lang3_3.14.0.jar
2025-04-15 06:39:36,662 [Worker-0: Launching config-service (1)] INFO  o.eclipse.m2e.core.internal.Bundles - getClasspathEntries(Bundle=com.google.guava.failureaccess_1.0.2 [11])
2025-04-15 06:39:36,663 [Worker-0: Launching config-service (1)] INFO  o.eclipse.m2e.core.internal.Bundles - 	Entry: C:\Users\Ruben\.p2\pool\plugins\com.google.guava.failureaccess_1.0.2.jar
2025-04-15 06:39:36,664 [Worker-0: Launching config-service (1)] INFO  o.e.m.i.launch.MavenLaunchDelegate - Run build in "E:\microservicio\config-service":
2025-04-15 06:39:36,665 [Worker-0: Launching config-service (1)] INFO  o.e.m.i.launch.MavenLaunchDelegate -  mvn  -Ppom.xml -B -Dstyle.color=always compile
2025-04-15 06:39:54,945 [Worker-24: Launching Executing install in E__microservicio_config-service] INFO  o.eclipse.m2e.core.internal.Bundles - getClasspathEntries(Bundle=org.eclipse.m2e.maven.runtime_3.9.600.20231203-1234 [297])
2025-04-15 06:39:54,947 [Worker-24: Launching Executing install in E__microservicio_config-service] INFO  o.eclipse.m2e.core.internal.Bundles - 	Entry: C:\Users\Ruben\.p2\pool\plugins\org.eclipse.m2e.maven.runtime_3.9.600.20231203-1234
2025-04-15 06:39:54,948 [Worker-24: Launching Executing install in E__microservicio_config-service] INFO  o.eclipse.m2e.core.internal.Bundles - 	Entry: C:\Users\Ruben\.p2\pool\plugins\org.eclipse.m2e.maven.runtime_3.9.600.20231203-1234\jars\aopalliance-1.0.jar
2025-04-15 06:39:54,949 [Worker-24: Launching Executing install in E__microservicio_config-service] INFO  o.eclipse.m2e.core.internal.Bundles - 	Entry: C:\Users\Ruben\.p2\pool\plugins\org.eclipse.m2e.maven.runtime_3.9.600.20231203-1234\jars\guice-5.1.0.jar
2025-04-15 06:39:54,949 [Worker-24: Launching Executing install in E__microservicio_config-service] INFO  o.eclipse.m2e.core.internal.Bundles - 	Entry: C:\Users\Ruben\.p2\pool\plugins\org.eclipse.m2e.maven.runtime_3.9.600.20231203-1234\jars\httpclient-4.5.14.jar
2025-04-15 06:39:54,950 [Worker-24: Launching Executing install in E__microservicio_config-service] INFO  o.eclipse.m2e.core.internal.Bundles - 	Entry: C:\Users\Ruben\.p2\pool\plugins\org.eclipse.m2e.maven.runtime_3.9.600.20231203-1234\jars\httpcore-4.4.16.jar
2025-04-15 06:39:54,950 [Worker-24: Launching Executing install in E__microservicio_config-service] INFO  o.eclipse.m2e.core.internal.Bundles - 	Entry: C:\Users\Ruben\.p2\pool\plugins\org.eclipse.m2e.maven.runtime_3.9.600.20231203-1234\jars\jansi-2.4.0.jar
2025-04-15 06:39:54,951 [Worker-24: Launching Executing install in E__microservicio_config-service] INFO  o.eclipse.m2e.core.internal.Bundles - 	Entry: C:\Users\Ruben\.p2\pool\plugins\org.eclipse.m2e.maven.runtime_3.9.600.20231203-1234\jars\jcl-over-slf4j-1.7.36.jar
2025-04-15 06:39:54,951 [Worker-24: Launching Executing install in E__microservicio_config-service] INFO  o.eclipse.m2e.core.internal.Bundles - 	Entry: C:\Users\Ruben\.p2\pool\plugins\org.eclipse.m2e.maven.runtime_3.9.600.20231203-1234\jars\maven-artifact-3.9.6.jar
2025-04-15 06:39:54,952 [Worker-24: Launching Executing install in E__microservicio_config-service] INFO  o.eclipse.m2e.core.internal.Bundles - 	Entry: C:\Users\Ruben\.p2\pool\plugins\org.eclipse.m2e.maven.runtime_3.9.600.20231203-1234\jars\maven-builder-support-3.9.6.jar
2025-04-15 06:39:54,953 [Worker-24: Launching Executing install in E__microservicio_config-service] INFO  o.eclipse.m2e.core.internal.Bundles - 	Entry: C:\Users\Ruben\.p2\pool\plugins\org.eclipse.m2e.maven.runtime_3.9.600.20231203-1234\jars\maven-compat-3.9.6.jar
2025-04-15 06:39:54,961 [Worker-24: Launching Executing install in E__microservicio_config-service] INFO  o.eclipse.m2e.core.internal.Bundles - 	Entry: C:\Users\Ruben\.p2\pool\plugins\org.eclipse.m2e.maven.runtime_3.9.600.20231203-1234\jars\maven-core-3.9.6.jar
2025-04-15 06:39:54,962 [Worker-24: Launching Executing install in E__microservicio_config-service] INFO  o.eclipse.m2e.core.internal.Bundles - 	Entry: C:\Users\Ruben\.p2\pool\plugins\org.eclipse.m2e.maven.runtime_3.9.600.20231203-1234\jars\maven-embedder-3.9.6.jar
2025-04-15 06:39:54,962 [Worker-24: Launching Executing install in E__microservicio_config-service] INFO  o.eclipse.m2e.core.internal.Bundles - 	Entry: C:\Users\Ruben\.p2\pool\plugins\org.eclipse.m2e.maven.runtime_3.9.600.20231203-1234\jars\maven-model-3.9.6.jar
2025-04-15 06:39:54,962 [Worker-24: Launching Executing install in E__microservicio_config-service] INFO  o.eclipse.m2e.core.internal.Bundles - 	Entry: C:\Users\Ruben\.p2\pool\plugins\org.eclipse.m2e.maven.runtime_3.9.600.20231203-1234\jars\maven-model-builder-3.9.6.jar
2025-04-15 06:39:54,963 [Worker-24: Launching Executing install in E__microservicio_config-service] INFO  o.eclipse.m2e.core.internal.Bundles - 	Entry: C:\Users\Ruben\.p2\pool\plugins\org.eclipse.m2e.maven.runtime_3.9.600.20231203-1234\jars\maven-plugin-api-3.9.6.jar
2025-04-15 06:39:54,963 [Worker-24: Launching Executing install in E__microservicio_config-service] INFO  o.eclipse.m2e.core.internal.Bundles - 	Entry: C:\Users\Ruben\.p2\pool\plugins\org.eclipse.m2e.maven.runtime_3.9.600.20231203-1234\jars\maven-repository-metadata-3.9.6.jar
2025-04-15 06:39:54,963 [Worker-24: Launching Executing install in E__microservicio_config-service] INFO  o.eclipse.m2e.core.internal.Bundles - 	Entry: C:\Users\Ruben\.p2\pool\plugins\org.eclipse.m2e.maven.runtime_3.9.600.20231203-1234\jars\maven-resolver-api-1.9.18.jar
2025-04-15 06:39:54,964 [Worker-24: Launching Executing install in E__microservicio_config-service] INFO  o.eclipse.m2e.core.internal.Bundles - 	Entry: C:\Users\Ruben\.p2\pool\plugins\org.eclipse.m2e.maven.runtime_3.9.600.20231203-1234\jars\maven-resolver-connector-basic-1.9.18.jar
2025-04-15 06:39:54,965 [Worker-24: Launching Executing install in E__microservicio_config-service] INFO  o.eclipse.m2e.core.internal.Bundles - 	Entry: C:\Users\Ruben\.p2\pool\plugins\org.eclipse.m2e.maven.runtime_3.9.600.20231203-1234\jars\maven-resolver-impl-1.9.18.jar
2025-04-15 06:39:54,965 [Worker-24: Launching Executing install in E__microservicio_config-service] INFO  o.eclipse.m2e.core.internal.Bundles - 	Entry: C:\Users\Ruben\.p2\pool\plugins\org.eclipse.m2e.maven.runtime_3.9.600.20231203-1234\jars\maven-resolver-named-locks-1.9.18.jar
2025-04-15 06:39:54,965 [Worker-24: Launching Executing install in E__microservicio_config-service] INFO  o.eclipse.m2e.core.internal.Bundles - 	Entry: C:\Users\Ruben\.p2\pool\plugins\org.eclipse.m2e.maven.runtime_3.9.600.20231203-1234\jars\maven-resolver-provider-3.9.6.jar
2025-04-15 06:39:54,966 [Worker-24: Launching Executing install in E__microservicio_config-service] INFO  o.eclipse.m2e.core.internal.Bundles - 	Entry: C:\Users\Ruben\.p2\pool\plugins\org.eclipse.m2e.maven.runtime_3.9.600.20231203-1234\jars\maven-resolver-spi-1.9.18.jar
2025-04-15 06:39:54,966 [Worker-24: Launching Executing install in E__microservicio_config-service] INFO  o.eclipse.m2e.core.internal.Bundles - 	Entry: C:\Users\Ruben\.p2\pool\plugins\org.eclipse.m2e.maven.runtime_3.9.600.20231203-1234\jars\maven-resolver-transport-file-1.9.18.jar
2025-04-15 06:39:54,966 [Worker-24: Launching Executing install in E__microservicio_config-service] INFO  o.eclipse.m2e.core.internal.Bundles - 	Entry: C:\Users\Ruben\.p2\pool\plugins\org.eclipse.m2e.maven.runtime_3.9.600.20231203-1234\jars\maven-resolver-transport-http-1.9.18.jar
2025-04-15 06:39:54,966 [Worker-24: Launching Executing install in E__microservicio_config-service] INFO  o.eclipse.m2e.core.internal.Bundles - 	Entry: C:\Users\Ruben\.p2\pool\plugins\org.eclipse.m2e.maven.runtime_3.9.600.20231203-1234\jars\maven-resolver-transport-wagon-1.9.18.jar
2025-04-15 06:39:54,967 [Worker-24: Launching Executing install in E__microservicio_config-service] INFO  o.eclipse.m2e.core.internal.Bundles - 	Entry: C:\Users\Ruben\.p2\pool\plugins\org.eclipse.m2e.maven.runtime_3.9.600.20231203-1234\jars\maven-resolver-util-1.9.18.jar
2025-04-15 06:39:54,967 [Worker-24: Launching Executing install in E__microservicio_config-service] INFO  o.eclipse.m2e.core.internal.Bundles - 	Entry: C:\Users\Ruben\.p2\pool\plugins\org.eclipse.m2e.maven.runtime_3.9.600.20231203-1234\jars\maven-settings-3.9.6.jar
2025-04-15 06:39:54,967 [Worker-24: Launching Executing install in E__microservicio_config-service] INFO  o.eclipse.m2e.core.internal.Bundles - 	Entry: C:\Users\Ruben\.p2\pool\plugins\org.eclipse.m2e.maven.runtime_3.9.600.20231203-1234\jars\maven-settings-builder-3.9.6.jar
2025-04-15 06:39:54,968 [Worker-24: Launching Executing install in E__microservicio_config-service] INFO  o.eclipse.m2e.core.internal.Bundles - 	Entry: C:\Users\Ruben\.p2\pool\plugins\org.eclipse.m2e.maven.runtime_3.9.600.20231203-1234\jars\maven-shared-utils-3.3.4.jar
2025-04-15 06:39:54,968 [Worker-24: Launching Executing install in E__microservicio_config-service] INFO  o.eclipse.m2e.core.internal.Bundles - 	Entry: C:\Users\Ruben\.p2\pool\plugins\org.eclipse.m2e.maven.runtime_3.9.600.20231203-1234\jars\org.eclipse.sisu.inject-0.9.0.M2.jar
2025-04-15 06:39:54,968 [Worker-24: Launching Executing install in E__microservicio_config-service] INFO  o.eclipse.m2e.core.internal.Bundles - 	Entry: C:\Users\Ruben\.p2\pool\plugins\org.eclipse.m2e.maven.runtime_3.9.600.20231203-1234\jars\org.eclipse.sisu.plexus-0.9.0.M2.jar
2025-04-15 06:39:54,969 [Worker-24: Launching Executing install in E__microservicio_config-service] INFO  o.eclipse.m2e.core.internal.Bundles - 	Entry: C:\Users\Ruben\.p2\pool\plugins\org.eclipse.m2e.maven.runtime_3.9.600.20231203-1234\jars\plexus-build-api-0.0.7.jar
2025-04-15 06:39:54,971 [Worker-24: Launching Executing install in E__microservicio_config-service] INFO  o.eclipse.m2e.core.internal.Bundles - 	Entry: C:\Users\Ruben\.p2\pool\plugins\org.eclipse.m2e.maven.runtime_3.9.600.20231203-1234\jars\plexus-cipher-2.0.jar
2025-04-15 06:39:54,974 [Worker-24: Launching Executing install in E__microservicio_config-service] INFO  o.eclipse.m2e.core.internal.Bundles - 	Entry: C:\Users\Ruben\.p2\pool\plugins\org.eclipse.m2e.maven.runtime_3.9.600.20231203-1234\jars\plexus-classworlds-2.7.0.jar
2025-04-15 06:39:54,975 [Worker-24: Launching Executing install in E__microservicio_config-service] INFO  o.eclipse.m2e.core.internal.Bundles - 	Entry: C:\Users\Ruben\.p2\pool\plugins\org.eclipse.m2e.maven.runtime_3.9.600.20231203-1234\jars\plexus-component-annotations-2.1.0.jar
2025-04-15 06:39:54,976 [Worker-24: Launching Executing install in E__microservicio_config-service] INFO  o.eclipse.m2e.core.internal.Bundles - 	Entry: C:\Users\Ruben\.p2\pool\plugins\org.eclipse.m2e.maven.runtime_3.9.600.20231203-1234\jars\plexus-interpolation-1.26.jar
2025-04-15 06:39:54,976 [Worker-24: Launching Executing install in E__microservicio_config-service] INFO  o.eclipse.m2e.core.internal.Bundles - 	Entry: C:\Users\Ruben\.p2\pool\plugins\org.eclipse.m2e.maven.runtime_3.9.600.20231203-1234\jars\plexus-sec-dispatcher-2.0.jar
2025-04-15 06:39:54,977 [Worker-24: Launching Executing install in E__microservicio_config-service] INFO  o.eclipse.m2e.core.internal.Bundles - 	Entry: C:\Users\Ruben\.p2\pool\plugins\org.eclipse.m2e.maven.runtime_3.9.600.20231203-1234\jars\plexus-utils-3.5.1.jar
2025-04-15 06:39:54,977 [Worker-24: Launching Executing install in E__microservicio_config-service] INFO  o.eclipse.m2e.core.internal.Bundles - 	Entry: C:\Users\Ruben\.p2\pool\plugins\org.eclipse.m2e.maven.runtime_3.9.600.20231203-1234\jars\wagon-file-3.5.3.jar
2025-04-15 06:39:54,977 [Worker-24: Launching Executing install in E__microservicio_config-service] INFO  o.eclipse.m2e.core.internal.Bundles - 	Entry: C:\Users\Ruben\.p2\pool\plugins\org.eclipse.m2e.maven.runtime_3.9.600.20231203-1234\jars\wagon-http-3.5.3.jar
2025-04-15 06:39:54,978 [Worker-24: Launching Executing install in E__microservicio_config-service] INFO  o.eclipse.m2e.core.internal.Bundles - 	Entry: C:\Users\Ruben\.p2\pool\plugins\org.eclipse.m2e.maven.runtime_3.9.600.20231203-1234\jars\wagon-http-shared-3.5.3.jar
2025-04-15 06:39:54,978 [Worker-24: Launching Executing install in E__microservicio_config-service] INFO  o.eclipse.m2e.core.internal.Bundles - 	Entry: C:\Users\Ruben\.p2\pool\plugins\org.eclipse.m2e.maven.runtime_3.9.600.20231203-1234\jars\wagon-provider-api-3.5.3.jar
2025-04-15 06:39:54,979 [Worker-24: Launching Executing install in E__microservicio_config-service] INFO  o.eclipse.m2e.core.internal.Bundles - getClasspathEntries(Bundle=com.google.guava_33.0.0.jre [10])
2025-04-15 06:39:54,981 [Worker-24: Launching Executing install in E__microservicio_config-service] INFO  o.eclipse.m2e.core.internal.Bundles - 	Entry: C:\Users\Ruben\.p2\pool\plugins\com.google.guava_33.0.0.jre.jar
2025-04-15 06:39:54,981 [Worker-24: Launching Executing install in E__microservicio_config-service] INFO  o.eclipse.m2e.core.internal.Bundles - getClasspathEntries(Bundle=slf4j.api_2.0.13 [518])
2025-04-15 06:39:54,981 [Worker-24: Launching Executing install in E__microservicio_config-service] INFO  o.eclipse.m2e.core.internal.Bundles - 	Entry: C:\Users\Ruben\.p2\pool\plugins\slf4j.api_2.0.13.jar
2025-04-15 06:39:54,982 [Worker-24: Launching Executing install in E__microservicio_config-service] INFO  o.eclipse.m2e.core.internal.Bundles - getClasspathEntries(Bundle=jakarta.inject.jakarta.inject-api_1.0.5 [22])
2025-04-15 06:39:54,983 [Worker-24: Launching Executing install in E__microservicio_config-service] INFO  o.eclipse.m2e.core.internal.Bundles - 	Entry: C:\Users\Ruben\.p2\pool\plugins\jakarta.inject.jakarta.inject-api_1.0.5.jar
2025-04-15 06:39:54,983 [Worker-24: Launching Executing install in E__microservicio_config-service] INFO  o.eclipse.m2e.core.internal.Bundles - getClasspathEntries(Bundle=jakarta.annotation-api_1.3.5 [20])
2025-04-15 06:39:54,984 [Worker-24: Launching Executing install in E__microservicio_config-service] INFO  o.eclipse.m2e.core.internal.Bundles - 	Entry: C:\Users\Ruben\.p2\pool\plugins\jakarta.annotation-api_1.3.5.jar
2025-04-15 06:39:54,985 [Worker-24: Launching Executing install in E__microservicio_config-service] INFO  o.eclipse.m2e.core.internal.Bundles - getClasspathEntries(Bundle=org.apache.commons.cli_1.6.0 [46])
2025-04-15 06:39:54,987 [Worker-24: Launching Executing install in E__microservicio_config-service] INFO  o.eclipse.m2e.core.internal.Bundles - 	Entry: C:\Users\Ruben\.p2\pool\plugins\org.apache.commons.cli_1.6.0.jar
2025-04-15 06:39:54,987 [Worker-24: Launching Executing install in E__microservicio_config-service] INFO  o.eclipse.m2e.core.internal.Bundles - getClasspathEntries(Bundle=org.apache.commons.commons-codec_1.16.0 [47])
2025-04-15 06:39:54,987 [Worker-24: Launching Executing install in E__microservicio_config-service] INFO  o.eclipse.m2e.core.internal.Bundles - 	Entry: C:\Users\Ruben\.p2\pool\plugins\org.apache.commons.commons-codec_1.16.0.jar
2025-04-15 06:39:54,987 [Worker-24: Launching Executing install in E__microservicio_config-service] INFO  o.eclipse.m2e.core.internal.Bundles - getClasspathEntries(Bundle=org.apache.commons.lang3_3.14.0 [53])
2025-04-15 06:39:54,988 [Worker-24: Launching Executing install in E__microservicio_config-service] INFO  o.eclipse.m2e.core.internal.Bundles - 	Entry: C:\Users\Ruben\.p2\pool\plugins\org.apache.commons.lang3_3.14.0.jar
2025-04-15 06:39:54,989 [Worker-24: Launching Executing install in E__microservicio_config-service] INFO  o.eclipse.m2e.core.internal.Bundles - getClasspathEntries(Bundle=com.google.guava.failureaccess_1.0.2 [11])
2025-04-15 06:39:54,990 [Worker-24: Launching Executing install in E__microservicio_config-service] INFO  o.eclipse.m2e.core.internal.Bundles - 	Entry: C:\Users\Ruben\.p2\pool\plugins\com.google.guava.failureaccess_1.0.2.jar
2025-04-15 06:39:55,007 [Worker-24: Launching Executing install in E__microservicio_config-service] INFO  o.e.m.i.launch.MavenLaunchDelegate - Run build in "E:\microservicio\config-service":
2025-04-15 06:39:55,009 [Worker-24: Launching Executing install in E__microservicio_config-service] INFO  o.e.m.i.launch.MavenLaunchDelegate -  mvn  -Ppom.xml -B -Dstyle.color=always install
2025-04-15 06:40:22,011 [Worker-18: Building] INFO  o.a.m.s.f.DefaultMavenResourcesFiltering - Copying 1 resource from src\main\resources to target\classes
2025-04-15 06:40:22,014 [Worker-18: Building] INFO  o.a.m.s.f.DefaultMavenResourcesFiltering - Copying 0 resource from src\main\resources to target\classes
2025-04-15 06:40:22,018 [Worker-18: Building] INFO  o.a.m.s.f.DefaultMavenResourcesFiltering - skip non existing resourceDirectory E:\microservicio\config-service\src\test\resources
2025-04-15 06:40:40,415 [Worker-18: Launching Executing clean in E__microservicio_usuario-service] INFO  o.eclipse.m2e.core.internal.Bundles - getClasspathEntries(Bundle=org.eclipse.m2e.maven.runtime_3.9.600.20231203-1234 [297])
2025-04-15 06:40:40,416 [Worker-18: Launching Executing clean in E__microservicio_usuario-service] INFO  o.eclipse.m2e.core.internal.Bundles - 	Entry: C:\Users\Ruben\.p2\pool\plugins\org.eclipse.m2e.maven.runtime_3.9.600.20231203-1234
2025-04-15 06:40:40,417 [Worker-18: Launching Executing clean in E__microservicio_usuario-service] INFO  o.eclipse.m2e.core.internal.Bundles - 	Entry: C:\Users\Ruben\.p2\pool\plugins\org.eclipse.m2e.maven.runtime_3.9.600.20231203-1234\jars\aopalliance-1.0.jar
2025-04-15 06:40:40,418 [Worker-18: Launching Executing clean in E__microservicio_usuario-service] INFO  o.eclipse.m2e.core.internal.Bundles - 	Entry: C:\Users\Ruben\.p2\pool\plugins\org.eclipse.m2e.maven.runtime_3.9.600.20231203-1234\jars\guice-5.1.0.jar
2025-04-15 06:40:40,418 [Worker-18: Launching Executing clean in E__microservicio_usuario-service] INFO  o.eclipse.m2e.core.internal.Bundles - 	Entry: C:\Users\Ruben\.p2\pool\plugins\org.eclipse.m2e.maven.runtime_3.9.600.20231203-1234\jars\httpclient-4.5.14.jar
2025-04-15 06:40:40,418 [Worker-18: Launching Executing clean in E__microservicio_usuario-service] INFO  o.eclipse.m2e.core.internal.Bundles - 	Entry: C:\Users\Ruben\.p2\pool\plugins\org.eclipse.m2e.maven.runtime_3.9.600.20231203-1234\jars\httpcore-4.4.16.jar
2025-04-15 06:40:40,419 [Worker-18: Launching Executing clean in E__microservicio_usuario-service] INFO  o.eclipse.m2e.core.internal.Bundles - 	Entry: C:\Users\Ruben\.p2\pool\plugins\org.eclipse.m2e.maven.runtime_3.9.600.20231203-1234\jars\jansi-2.4.0.jar
2025-04-15 06:40:40,419 [Worker-18: Launching Executing clean in E__microservicio_usuario-service] INFO  o.eclipse.m2e.core.internal.Bundles - 	Entry: C:\Users\Ruben\.p2\pool\plugins\org.eclipse.m2e.maven.runtime_3.9.600.20231203-1234\jars\jcl-over-slf4j-1.7.36.jar
2025-04-15 06:40:40,419 [Worker-18: Launching Executing clean in E__microservicio_usuario-service] INFO  o.eclipse.m2e.core.internal.Bundles - 	Entry: C:\Users\Ruben\.p2\pool\plugins\org.eclipse.m2e.maven.runtime_3.9.600.20231203-1234\jars\maven-artifact-3.9.6.jar
2025-04-15 06:40:40,420 [Worker-18: Launching Executing clean in E__microservicio_usuario-service] INFO  o.eclipse.m2e.core.internal.Bundles - 	Entry: C:\Users\Ruben\.p2\pool\plugins\org.eclipse.m2e.maven.runtime_3.9.600.20231203-1234\jars\maven-builder-support-3.9.6.jar
2025-04-15 06:40:40,420 [Worker-18: Launching Executing clean in E__microservicio_usuario-service] INFO  o.eclipse.m2e.core.internal.Bundles - 	Entry: C:\Users\Ruben\.p2\pool\plugins\org.eclipse.m2e.maven.runtime_3.9.600.20231203-1234\jars\maven-compat-3.9.6.jar
2025-04-15 06:40:40,420 [Worker-18: Launching Executing clean in E__microservicio_usuario-service] INFO  o.eclipse.m2e.core.internal.Bundles - 	Entry: C:\Users\Ruben\.p2\pool\plugins\org.eclipse.m2e.maven.runtime_3.9.600.20231203-1234\jars\maven-core-3.9.6.jar
2025-04-15 06:40:40,421 [Worker-18: Launching Executing clean in E__microservicio_usuario-service] INFO  o.eclipse.m2e.core.internal.Bundles - 	Entry: C:\Users\Ruben\.p2\pool\plugins\org.eclipse.m2e.maven.runtime_3.9.600.20231203-1234\jars\maven-embedder-3.9.6.jar
2025-04-15 06:40:40,421 [Worker-18: Launching Executing clean in E__microservicio_usuario-service] INFO  o.eclipse.m2e.core.internal.Bundles - 	Entry: C:\Users\Ruben\.p2\pool\plugins\org.eclipse.m2e.maven.runtime_3.9.600.20231203-1234\jars\maven-model-3.9.6.jar
2025-04-15 06:40:40,421 [Worker-18: Launching Executing clean in E__microservicio_usuario-service] INFO  o.eclipse.m2e.core.internal.Bundles - 	Entry: C:\Users\Ruben\.p2\pool\plugins\org.eclipse.m2e.maven.runtime_3.9.600.20231203-1234\jars\maven-model-builder-3.9.6.jar
2025-04-15 06:40:40,421 [Worker-18: Launching Executing clean in E__microservicio_usuario-service] INFO  o.eclipse.m2e.core.internal.Bundles - 	Entry: C:\Users\Ruben\.p2\pool\plugins\org.eclipse.m2e.maven.runtime_3.9.600.20231203-1234\jars\maven-plugin-api-3.9.6.jar
2025-04-15 06:40:40,422 [Worker-18: Launching Executing clean in E__microservicio_usuario-service] INFO  o.eclipse.m2e.core.internal.Bundles - 	Entry: C:\Users\Ruben\.p2\pool\plugins\org.eclipse.m2e.maven.runtime_3.9.600.20231203-1234\jars\maven-repository-metadata-3.9.6.jar
2025-04-15 06:40:40,422 [Worker-18: Launching Executing clean in E__microservicio_usuario-service] INFO  o.eclipse.m2e.core.internal.Bundles - 	Entry: C:\Users\Ruben\.p2\pool\plugins\org.eclipse.m2e.maven.runtime_3.9.600.20231203-1234\jars\maven-resolver-api-1.9.18.jar
2025-04-15 06:40:40,422 [Worker-18: Launching Executing clean in E__microservicio_usuario-service] INFO  o.eclipse.m2e.core.internal.Bundles - 	Entry: C:\Users\Ruben\.p2\pool\plugins\org.eclipse.m2e.maven.runtime_3.9.600.20231203-1234\jars\maven-resolver-connector-basic-1.9.18.jar
2025-04-15 06:40:40,422 [Worker-18: Launching Executing clean in E__microservicio_usuario-service] INFO  o.eclipse.m2e.core.internal.Bundles - 	Entry: C:\Users\Ruben\.p2\pool\plugins\org.eclipse.m2e.maven.runtime_3.9.600.20231203-1234\jars\maven-resolver-impl-1.9.18.jar
2025-04-15 06:40:40,422 [Worker-18: Launching Executing clean in E__microservicio_usuario-service] INFO  o.eclipse.m2e.core.internal.Bundles - 	Entry: C:\Users\Ruben\.p2\pool\plugins\org.eclipse.m2e.maven.runtime_3.9.600.20231203-1234\jars\maven-resolver-named-locks-1.9.18.jar
2025-04-15 06:40:40,422 [Worker-18: Launching Executing clean in E__microservicio_usuario-service] INFO  o.eclipse.m2e.core.internal.Bundles - 	Entry: C:\Users\Ruben\.p2\pool\plugins\org.eclipse.m2e.maven.runtime_3.9.600.20231203-1234\jars\maven-resolver-provider-3.9.6.jar
2025-04-15 06:40:40,423 [Worker-18: Launching Executing clean in E__microservicio_usuario-service] INFO  o.eclipse.m2e.core.internal.Bundles - 	Entry: C:\Users\Ruben\.p2\pool\plugins\org.eclipse.m2e.maven.runtime_3.9.600.20231203-1234\jars\maven-resolver-spi-1.9.18.jar
2025-04-15 06:40:40,423 [Worker-18: Launching Executing clean in E__microservicio_usuario-service] INFO  o.eclipse.m2e.core.internal.Bundles - 	Entry: C:\Users\Ruben\.p2\pool\plugins\org.eclipse.m2e.maven.runtime_3.9.600.20231203-1234\jars\maven-resolver-transport-file-1.9.18.jar
2025-04-15 06:40:40,423 [Worker-18: Launching Executing clean in E__microservicio_usuario-service] INFO  o.eclipse.m2e.core.internal.Bundles - 	Entry: C:\Users\Ruben\.p2\pool\plugins\org.eclipse.m2e.maven.runtime_3.9.600.20231203-1234\jars\maven-resolver-transport-http-1.9.18.jar
2025-04-15 06:40:40,423 [Worker-18: Launching Executing clean in E__microservicio_usuario-service] INFO  o.eclipse.m2e.core.internal.Bundles - 	Entry: C:\Users\Ruben\.p2\pool\plugins\org.eclipse.m2e.maven.runtime_3.9.600.20231203-1234\jars\maven-resolver-transport-wagon-1.9.18.jar
2025-04-15 06:40:40,424 [Worker-18: Launching Executing clean in E__microservicio_usuario-service] INFO  o.eclipse.m2e.core.internal.Bundles - 	Entry: C:\Users\Ruben\.p2\pool\plugins\org.eclipse.m2e.maven.runtime_3.9.600.20231203-1234\jars\maven-resolver-util-1.9.18.jar
2025-04-15 06:40:40,424 [Worker-18: Launching Executing clean in E__microservicio_usuario-service] INFO  o.eclipse.m2e.core.internal.Bundles - 	Entry: C:\Users\Ruben\.p2\pool\plugins\org.eclipse.m2e.maven.runtime_3.9.600.20231203-1234\jars\maven-settings-3.9.6.jar
2025-04-15 06:40:40,424 [Worker-18: Launching Executing clean in E__microservicio_usuario-service] INFO  o.eclipse.m2e.core.internal.Bundles - 	Entry: C:\Users\Ruben\.p2\pool\plugins\org.eclipse.m2e.maven.runtime_3.9.600.20231203-1234\jars\maven-settings-builder-3.9.6.jar
2025-04-15 06:40:40,424 [Worker-18: Launching Executing clean in E__microservicio_usuario-service] INFO  o.eclipse.m2e.core.internal.Bundles - 	Entry: C:\Users\Ruben\.p2\pool\plugins\org.eclipse.m2e.maven.runtime_3.9.600.20231203-1234\jars\maven-shared-utils-3.3.4.jar
2025-04-15 06:40:40,425 [Worker-18: Launching Executing clean in E__microservicio_usuario-service] INFO  o.eclipse.m2e.core.internal.Bundles - 	Entry: C:\Users\Ruben\.p2\pool\plugins\org.eclipse.m2e.maven.runtime_3.9.600.20231203-1234\jars\org.eclipse.sisu.inject-0.9.0.M2.jar
2025-04-15 06:40:40,425 [Worker-18: Launching Executing clean in E__microservicio_usuario-service] INFO  o.eclipse.m2e.core.internal.Bundles - 	Entry: C:\Users\Ruben\.p2\pool\plugins\org.eclipse.m2e.maven.runtime_3.9.600.20231203-1234\jars\org.eclipse.sisu.plexus-0.9.0.M2.jar
2025-04-15 06:40:40,426 [Worker-18: Launching Executing clean in E__microservicio_usuario-service] INFO  o.eclipse.m2e.core.internal.Bundles - 	Entry: C:\Users\Ruben\.p2\pool\plugins\org.eclipse.m2e.maven.runtime_3.9.600.20231203-1234\jars\plexus-build-api-0.0.7.jar
2025-04-15 06:40:40,426 [Worker-18: Launching Executing clean in E__microservicio_usuario-service] INFO  o.eclipse.m2e.core.internal.Bundles - 	Entry: C:\Users\Ruben\.p2\pool\plugins\org.eclipse.m2e.maven.runtime_3.9.600.20231203-1234\jars\plexus-cipher-2.0.jar
2025-04-15 06:40:40,426 [Worker-18: Launching Executing clean in E__microservicio_usuario-service] INFO  o.eclipse.m2e.core.internal.Bundles - 	Entry: C:\Users\Ruben\.p2\pool\plugins\org.eclipse.m2e.maven.runtime_3.9.600.20231203-1234\jars\plexus-classworlds-2.7.0.jar
2025-04-15 06:40:40,426 [Worker-18: Launching Executing clean in E__microservicio_usuario-service] INFO  o.eclipse.m2e.core.internal.Bundles - 	Entry: C:\Users\Ruben\.p2\pool\plugins\org.eclipse.m2e.maven.runtime_3.9.600.20231203-1234\jars\plexus-component-annotations-2.1.0.jar
2025-04-15 06:40:40,427 [Worker-18: Launching Executing clean in E__microservicio_usuario-service] INFO  o.eclipse.m2e.core.internal.Bundles - 	Entry: C:\Users\Ruben\.p2\pool\plugins\org.eclipse.m2e.maven.runtime_3.9.600.20231203-1234\jars\plexus-interpolation-1.26.jar
2025-04-15 06:40:40,427 [Worker-18: Launching Executing clean in E__microservicio_usuario-service] INFO  o.eclipse.m2e.core.internal.Bundles - 	Entry: C:\Users\Ruben\.p2\pool\plugins\org.eclipse.m2e.maven.runtime_3.9.600.20231203-1234\jars\plexus-sec-dispatcher-2.0.jar
2025-04-15 06:40:40,427 [Worker-18: Launching Executing clean in E__microservicio_usuario-service] INFO  o.eclipse.m2e.core.internal.Bundles - 	Entry: C:\Users\Ruben\.p2\pool\plugins\org.eclipse.m2e.maven.runtime_3.9.600.20231203-1234\jars\plexus-utils-3.5.1.jar
2025-04-15 06:40:40,427 [Worker-18: Launching Executing clean in E__microservicio_usuario-service] INFO  o.eclipse.m2e.core.internal.Bundles - 	Entry: C:\Users\Ruben\.p2\pool\plugins\org.eclipse.m2e.maven.runtime_3.9.600.20231203-1234\jars\wagon-file-3.5.3.jar
2025-04-15 06:40:40,427 [Worker-18: Launching Executing clean in E__microservicio_usuario-service] INFO  o.eclipse.m2e.core.internal.Bundles - 	Entry: C:\Users\Ruben\.p2\pool\plugins\org.eclipse.m2e.maven.runtime_3.9.600.20231203-1234\jars\wagon-http-3.5.3.jar
2025-04-15 06:40:40,427 [Worker-18: Launching Executing clean in E__microservicio_usuario-service] INFO  o.eclipse.m2e.core.internal.Bundles - 	Entry: C:\Users\Ruben\.p2\pool\plugins\org.eclipse.m2e.maven.runtime_3.9.600.20231203-1234\jars\wagon-http-shared-3.5.3.jar
2025-04-15 06:40:40,428 [Worker-18: Launching Executing clean in E__microservicio_usuario-service] INFO  o.eclipse.m2e.core.internal.Bundles - 	Entry: C:\Users\Ruben\.p2\pool\plugins\org.eclipse.m2e.maven.runtime_3.9.600.20231203-1234\jars\wagon-provider-api-3.5.3.jar
2025-04-15 06:40:40,428 [Worker-18: Launching Executing clean in E__microservicio_usuario-service] INFO  o.eclipse.m2e.core.internal.Bundles - getClasspathEntries(Bundle=com.google.guava_33.0.0.jre [10])
2025-04-15 06:40:40,429 [Worker-18: Launching Executing clean in E__microservicio_usuario-service] INFO  o.eclipse.m2e.core.internal.Bundles - 	Entry: C:\Users\Ruben\.p2\pool\plugins\com.google.guava_33.0.0.jre.jar
2025-04-15 06:40:40,429 [Worker-18: Launching Executing clean in E__microservicio_usuario-service] INFO  o.eclipse.m2e.core.internal.Bundles - getClasspathEntries(Bundle=slf4j.api_2.0.13 [518])
2025-04-15 06:40:40,429 [Worker-18: Launching Executing clean in E__microservicio_usuario-service] INFO  o.eclipse.m2e.core.internal.Bundles - 	Entry: C:\Users\Ruben\.p2\pool\plugins\slf4j.api_2.0.13.jar
2025-04-15 06:40:40,429 [Worker-18: Launching Executing clean in E__microservicio_usuario-service] INFO  o.eclipse.m2e.core.internal.Bundles - getClasspathEntries(Bundle=jakarta.inject.jakarta.inject-api_1.0.5 [22])
2025-04-15 06:40:40,430 [Worker-18: Launching Executing clean in E__microservicio_usuario-service] INFO  o.eclipse.m2e.core.internal.Bundles - 	Entry: C:\Users\Ruben\.p2\pool\plugins\jakarta.inject.jakarta.inject-api_1.0.5.jar
2025-04-15 06:40:40,430 [Worker-18: Launching Executing clean in E__microservicio_usuario-service] INFO  o.eclipse.m2e.core.internal.Bundles - getClasspathEntries(Bundle=jakarta.annotation-api_1.3.5 [20])
2025-04-15 06:40:40,430 [Worker-18: Launching Executing clean in E__microservicio_usuario-service] INFO  o.eclipse.m2e.core.internal.Bundles - 	Entry: C:\Users\Ruben\.p2\pool\plugins\jakarta.annotation-api_1.3.5.jar
2025-04-15 06:40:40,430 [Worker-18: Launching Executing clean in E__microservicio_usuario-service] INFO  o.eclipse.m2e.core.internal.Bundles - getClasspathEntries(Bundle=org.apache.commons.cli_1.6.0 [46])
2025-04-15 06:40:40,430 [Worker-18: Launching Executing clean in E__microservicio_usuario-service] INFO  o.eclipse.m2e.core.internal.Bundles - 	Entry: C:\Users\Ruben\.p2\pool\plugins\org.apache.commons.cli_1.6.0.jar
2025-04-15 06:40:40,430 [Worker-18: Launching Executing clean in E__microservicio_usuario-service] INFO  o.eclipse.m2e.core.internal.Bundles - getClasspathEntries(Bundle=org.apache.commons.commons-codec_1.16.0 [47])
2025-04-15 06:40:40,431 [Worker-18: Launching Executing clean in E__microservicio_usuario-service] INFO  o.eclipse.m2e.core.internal.Bundles - 	Entry: C:\Users\Ruben\.p2\pool\plugins\org.apache.commons.commons-codec_1.16.0.jar
2025-04-15 06:40:40,431 [Worker-18: Launching Executing clean in E__microservicio_usuario-service] INFO  o.eclipse.m2e.core.internal.Bundles - getClasspathEntries(Bundle=org.apache.commons.lang3_3.14.0 [53])
2025-04-15 06:40:40,431 [Worker-18: Launching Executing clean in E__microservicio_usuario-service] INFO  o.eclipse.m2e.core.internal.Bundles - 	Entry: C:\Users\Ruben\.p2\pool\plugins\org.apache.commons.lang3_3.14.0.jar
2025-04-15 06:40:40,431 [Worker-18: Launching Executing clean in E__microservicio_usuario-service] INFO  o.eclipse.m2e.core.internal.Bundles - getClasspathEntries(Bundle=com.google.guava.failureaccess_1.0.2 [11])
2025-04-15 06:40:40,432 [Worker-18: Launching Executing clean in E__microservicio_usuario-service] INFO  o.eclipse.m2e.core.internal.Bundles - 	Entry: C:\Users\Ruben\.p2\pool\plugins\com.google.guava.failureaccess_1.0.2.jar
2025-04-15 06:40:40,433 [Worker-18: Launching Executing clean in E__microservicio_usuario-service] INFO  o.e.m.i.launch.MavenLaunchDelegate - Run build in "E:\microservicio\usuario-service":
2025-04-15 06:40:40,434 [Worker-18: Launching Executing clean in E__microservicio_usuario-service] INFO  o.e.m.i.launch.MavenLaunchDelegate -  mvn  -Ppom.xml -B -Dstyle.color=always clean
2025-04-15 06:40:45,559 [Worker-19: Building] INFO  o.a.m.s.f.DefaultMavenResourcesFiltering - Copying 0 resource from src\main\resources to target\classes
2025-04-15 06:40:45,560 [Worker-19: Building] INFO  o.a.m.s.f.DefaultMavenResourcesFiltering - Copying 1 resource from src\main\resources to target\classes
2025-04-15 06:40:45,567 [Worker-19: Building] INFO  o.a.m.s.f.DefaultMavenResourcesFiltering - skip non existing resourceDirectory E:\microservicio\usuario-service\src\test\resources
2025-04-15 06:40:51,967 [main] INFO  o.e.m2e.actions.ExecutePomAction - Creating new launch configuration
2025-04-15 06:40:57,954 [Worker-19: Launching usuario-service (1)] INFO  o.eclipse.m2e.core.internal.Bundles - getClasspathEntries(Bundle=org.eclipse.m2e.maven.runtime_3.9.600.20231203-1234 [297])
2025-04-15 06:40:57,955 [Worker-19: Launching usuario-service (1)] INFO  o.eclipse.m2e.core.internal.Bundles - 	Entry: C:\Users\Ruben\.p2\pool\plugins\org.eclipse.m2e.maven.runtime_3.9.600.20231203-1234
2025-04-15 06:40:57,955 [Worker-19: Launching usuario-service (1)] INFO  o.eclipse.m2e.core.internal.Bundles - 	Entry: C:\Users\Ruben\.p2\pool\plugins\org.eclipse.m2e.maven.runtime_3.9.600.20231203-1234\jars\aopalliance-1.0.jar
2025-04-15 06:40:57,955 [Worker-19: Launching usuario-service (1)] INFO  o.eclipse.m2e.core.internal.Bundles - 	Entry: C:\Users\Ruben\.p2\pool\plugins\org.eclipse.m2e.maven.runtime_3.9.600.20231203-1234\jars\guice-5.1.0.jar
2025-04-15 06:40:57,956 [Worker-19: Launching usuario-service (1)] INFO  o.eclipse.m2e.core.internal.Bundles - 	Entry: C:\Users\Ruben\.p2\pool\plugins\org.eclipse.m2e.maven.runtime_3.9.600.20231203-1234\jars\httpclient-4.5.14.jar
2025-04-15 06:40:57,956 [Worker-19: Launching usuario-service (1)] INFO  o.eclipse.m2e.core.internal.Bundles - 	Entry: C:\Users\Ruben\.p2\pool\plugins\org.eclipse.m2e.maven.runtime_3.9.600.20231203-1234\jars\httpcore-4.4.16.jar
2025-04-15 06:40:57,956 [Worker-19: Launching usuario-service (1)] INFO  o.eclipse.m2e.core.internal.Bundles - 	Entry: C:\Users\Ruben\.p2\pool\plugins\org.eclipse.m2e.maven.runtime_3.9.600.20231203-1234\jars\jansi-2.4.0.jar
2025-04-15 06:40:57,957 [Worker-19: Launching usuario-service (1)] INFO  o.eclipse.m2e.core.internal.Bundles - 	Entry: C:\Users\Ruben\.p2\pool\plugins\org.eclipse.m2e.maven.runtime_3.9.600.20231203-1234\jars\jcl-over-slf4j-1.7.36.jar
2025-04-15 06:40:57,957 [Worker-19: Launching usuario-service (1)] INFO  o.eclipse.m2e.core.internal.Bundles - 	Entry: C:\Users\Ruben\.p2\pool\plugins\org.eclipse.m2e.maven.runtime_3.9.600.20231203-1234\jars\maven-artifact-3.9.6.jar
2025-04-15 06:40:57,958 [Worker-19: Launching usuario-service (1)] INFO  o.eclipse.m2e.core.internal.Bundles - 	Entry: C:\Users\Ruben\.p2\pool\plugins\org.eclipse.m2e.maven.runtime_3.9.600.20231203-1234\jars\maven-builder-support-3.9.6.jar
2025-04-15 06:40:57,958 [Worker-19: Launching usuario-service (1)] INFO  o.eclipse.m2e.core.internal.Bundles - 	Entry: C:\Users\Ruben\.p2\pool\plugins\org.eclipse.m2e.maven.runtime_3.9.600.20231203-1234\jars\maven-compat-3.9.6.jar
2025-04-15 06:40:57,958 [Worker-19: Launching usuario-service (1)] INFO  o.eclipse.m2e.core.internal.Bundles - 	Entry: C:\Users\Ruben\.p2\pool\plugins\org.eclipse.m2e.maven.runtime_3.9.600.20231203-1234\jars\maven-core-3.9.6.jar
2025-04-15 06:40:57,959 [Worker-19: Launching usuario-service (1)] INFO  o.eclipse.m2e.core.internal.Bundles - 	Entry: C:\Users\Ruben\.p2\pool\plugins\org.eclipse.m2e.maven.runtime_3.9.600.20231203-1234\jars\maven-embedder-3.9.6.jar
2025-04-15 06:40:57,959 [Worker-19: Launching usuario-service (1)] INFO  o.eclipse.m2e.core.internal.Bundles - 	Entry: C:\Users\Ruben\.p2\pool\plugins\org.eclipse.m2e.maven.runtime_3.9.600.20231203-1234\jars\maven-model-3.9.6.jar
2025-04-15 06:40:57,959 [Worker-19: Launching usuario-service (1)] INFO  o.eclipse.m2e.core.internal.Bundles - 	Entry: C:\Users\Ruben\.p2\pool\plugins\org.eclipse.m2e.maven.runtime_3.9.600.20231203-1234\jars\maven-model-builder-3.9.6.jar
2025-04-15 06:40:57,960 [Worker-19: Launching usuario-service (1)] INFO  o.eclipse.m2e.core.internal.Bundles - 	Entry: C:\Users\Ruben\.p2\pool\plugins\org.eclipse.m2e.maven.runtime_3.9.600.20231203-1234\jars\maven-plugin-api-3.9.6.jar
2025-04-15 06:40:57,961 [Worker-19: Launching usuario-service (1)] INFO  o.eclipse.m2e.core.internal.Bundles - 	Entry: C:\Users\Ruben\.p2\pool\plugins\org.eclipse.m2e.maven.runtime_3.9.600.20231203-1234\jars\maven-repository-metadata-3.9.6.jar
2025-04-15 06:40:57,961 [Worker-19: Launching usuario-service (1)] INFO  o.eclipse.m2e.core.internal.Bundles - 	Entry: C:\Users\Ruben\.p2\pool\plugins\org.eclipse.m2e.maven.runtime_3.9.600.20231203-1234\jars\maven-resolver-api-1.9.18.jar
2025-04-15 06:40:57,962 [Worker-19: Launching usuario-service (1)] INFO  o.eclipse.m2e.core.internal.Bundles - 	Entry: C:\Users\Ruben\.p2\pool\plugins\org.eclipse.m2e.maven.runtime_3.9.600.20231203-1234\jars\maven-resolver-connector-basic-1.9.18.jar
2025-04-15 06:40:57,962 [Worker-19: Launching usuario-service (1)] INFO  o.eclipse.m2e.core.internal.Bundles - 	Entry: C:\Users\Ruben\.p2\pool\plugins\org.eclipse.m2e.maven.runtime_3.9.600.20231203-1234\jars\maven-resolver-impl-1.9.18.jar
2025-04-15 06:40:57,962 [Worker-19: Launching usuario-service (1)] INFO  o.eclipse.m2e.core.internal.Bundles - 	Entry: C:\Users\Ruben\.p2\pool\plugins\org.eclipse.m2e.maven.runtime_3.9.600.20231203-1234\jars\maven-resolver-named-locks-1.9.18.jar
2025-04-15 06:40:57,963 [Worker-19: Launching usuario-service (1)] INFO  o.eclipse.m2e.core.internal.Bundles - 	Entry: C:\Users\Ruben\.p2\pool\plugins\org.eclipse.m2e.maven.runtime_3.9.600.20231203-1234\jars\maven-resolver-provider-3.9.6.jar
2025-04-15 06:40:57,963 [Worker-19: Launching usuario-service (1)] INFO  o.eclipse.m2e.core.internal.Bundles - 	Entry: C:\Users\Ruben\.p2\pool\plugins\org.eclipse.m2e.maven.runtime_3.9.600.20231203-1234\jars\maven-resolver-spi-1.9.18.jar
2025-04-15 06:40:57,964 [Worker-19: Launching usuario-service (1)] INFO  o.eclipse.m2e.core.internal.Bundles - 	Entry: C:\Users\Ruben\.p2\pool\plugins\org.eclipse.m2e.maven.runtime_3.9.600.20231203-1234\jars\maven-resolver-transport-file-1.9.18.jar
2025-04-15 06:40:57,964 [Worker-19: Launching usuario-service (1)] INFO  o.eclipse.m2e.core.internal.Bundles - 	Entry: C:\Users\Ruben\.p2\pool\plugins\org.eclipse.m2e.maven.runtime_3.9.600.20231203-1234\jars\maven-resolver-transport-http-1.9.18.jar
2025-04-15 06:40:57,964 [Worker-19: Launching usuario-service (1)] INFO  o.eclipse.m2e.core.internal.Bundles - 	Entry: C:\Users\Ruben\.p2\pool\plugins\org.eclipse.m2e.maven.runtime_3.9.600.20231203-1234\jars\maven-resolver-transport-wagon-1.9.18.jar
2025-04-15 06:40:57,965 [Worker-19: Launching usuario-service (1)] INFO  o.eclipse.m2e.core.internal.Bundles - 	Entry: C:\Users\Ruben\.p2\pool\plugins\org.eclipse.m2e.maven.runtime_3.9.600.20231203-1234\jars\maven-resolver-util-1.9.18.jar
2025-04-15 06:40:57,965 [Worker-19: Launching usuario-service (1)] INFO  o.eclipse.m2e.core.internal.Bundles - 	Entry: C:\Users\Ruben\.p2\pool\plugins\org.eclipse.m2e.maven.runtime_3.9.600.20231203-1234\jars\maven-settings-3.9.6.jar
2025-04-15 06:40:57,965 [Worker-19: Launching usuario-service (1)] INFO  o.eclipse.m2e.core.internal.Bundles - 	Entry: C:\Users\Ruben\.p2\pool\plugins\org.eclipse.m2e.maven.runtime_3.9.600.20231203-1234\jars\maven-settings-builder-3.9.6.jar
2025-04-15 06:40:57,965 [Worker-19: Launching usuario-service (1)] INFO  o.eclipse.m2e.core.internal.Bundles - 	Entry: C:\Users\Ruben\.p2\pool\plugins\org.eclipse.m2e.maven.runtime_3.9.600.20231203-1234\jars\maven-shared-utils-3.3.4.jar
2025-04-15 06:40:57,966 [Worker-19: Launching usuario-service (1)] INFO  o.eclipse.m2e.core.internal.Bundles - 	Entry: C:\Users\Ruben\.p2\pool\plugins\org.eclipse.m2e.maven.runtime_3.9.600.20231203-1234\jars\org.eclipse.sisu.inject-0.9.0.M2.jar
2025-04-15 06:40:57,966 [Worker-19: Launching usuario-service (1)] INFO  o.eclipse.m2e.core.internal.Bundles - 	Entry: C:\Users\Ruben\.p2\pool\plugins\org.eclipse.m2e.maven.runtime_3.9.600.20231203-1234\jars\org.eclipse.sisu.plexus-0.9.0.M2.jar
2025-04-15 06:40:57,966 [Worker-19: Launching usuario-service (1)] INFO  o.eclipse.m2e.core.internal.Bundles - 	Entry: C:\Users\Ruben\.p2\pool\plugins\org.eclipse.m2e.maven.runtime_3.9.600.20231203-1234\jars\plexus-build-api-0.0.7.jar
2025-04-15 06:40:57,967 [Worker-19: Launching usuario-service (1)] INFO  o.eclipse.m2e.core.internal.Bundles - 	Entry: C:\Users\Ruben\.p2\pool\plugins\org.eclipse.m2e.maven.runtime_3.9.600.20231203-1234\jars\plexus-cipher-2.0.jar
2025-04-15 06:40:57,967 [Worker-19: Launching usuario-service (1)] INFO  o.eclipse.m2e.core.internal.Bundles - 	Entry: C:\Users\Ruben\.p2\pool\plugins\org.eclipse.m2e.maven.runtime_3.9.600.20231203-1234\jars\plexus-classworlds-2.7.0.jar
2025-04-15 06:40:57,967 [Worker-19: Launching usuario-service (1)] INFO  o.eclipse.m2e.core.internal.Bundles - 	Entry: C:\Users\Ruben\.p2\pool\plugins\org.eclipse.m2e.maven.runtime_3.9.600.20231203-1234\jars\plexus-component-annotations-2.1.0.jar
2025-04-15 06:40:57,967 [Worker-19: Launching usuario-service (1)] INFO  o.eclipse.m2e.core.internal.Bundles - 	Entry: C:\Users\Ruben\.p2\pool\plugins\org.eclipse.m2e.maven.runtime_3.9.600.20231203-1234\jars\plexus-interpolation-1.26.jar
2025-04-15 06:40:57,967 [Worker-19: Launching usuario-service (1)] INFO  o.eclipse.m2e.core.internal.Bundles - 	Entry: C:\Users\Ruben\.p2\pool\plugins\org.eclipse.m2e.maven.runtime_3.9.600.20231203-1234\jars\plexus-sec-dispatcher-2.0.jar
2025-04-15 06:40:57,968 [Worker-19: Launching usuario-service (1)] INFO  o.eclipse.m2e.core.internal.Bundles - 	Entry: C:\Users\Ruben\.p2\pool\plugins\org.eclipse.m2e.maven.runtime_3.9.600.20231203-1234\jars\plexus-utils-3.5.1.jar
2025-04-15 06:40:57,968 [Worker-19: Launching usuario-service (1)] INFO  o.eclipse.m2e.core.internal.Bundles - 	Entry: C:\Users\Ruben\.p2\pool\plugins\org.eclipse.m2e.maven.runtime_3.9.600.20231203-1234\jars\wagon-file-3.5.3.jar
2025-04-15 06:40:57,968 [Worker-19: Launching usuario-service (1)] INFO  o.eclipse.m2e.core.internal.Bundles - 	Entry: C:\Users\Ruben\.p2\pool\plugins\org.eclipse.m2e.maven.runtime_3.9.600.20231203-1234\jars\wagon-http-3.5.3.jar
2025-04-15 06:40:57,968 [Worker-19: Launching usuario-service (1)] INFO  o.eclipse.m2e.core.internal.Bundles - 	Entry: C:\Users\Ruben\.p2\pool\plugins\org.eclipse.m2e.maven.runtime_3.9.600.20231203-1234\jars\wagon-http-shared-3.5.3.jar
2025-04-15 06:40:57,968 [Worker-19: Launching usuario-service (1)] INFO  o.eclipse.m2e.core.internal.Bundles - 	Entry: C:\Users\Ruben\.p2\pool\plugins\org.eclipse.m2e.maven.runtime_3.9.600.20231203-1234\jars\wagon-provider-api-3.5.3.jar
2025-04-15 06:40:57,969 [Worker-19: Launching usuario-service (1)] INFO  o.eclipse.m2e.core.internal.Bundles - getClasspathEntries(Bundle=com.google.guava_33.0.0.jre [10])
2025-04-15 06:40:57,969 [Worker-19: Launching usuario-service (1)] INFO  o.eclipse.m2e.core.internal.Bundles - 	Entry: C:\Users\Ruben\.p2\pool\plugins\com.google.guava_33.0.0.jre.jar
2025-04-15 06:40:57,969 [Worker-19: Launching usuario-service (1)] INFO  o.eclipse.m2e.core.internal.Bundles - getClasspathEntries(Bundle=slf4j.api_2.0.13 [518])
2025-04-15 06:40:57,970 [Worker-19: Launching usuario-service (1)] INFO  o.eclipse.m2e.core.internal.Bundles - 	Entry: C:\Users\Ruben\.p2\pool\plugins\slf4j.api_2.0.13.jar
2025-04-15 06:40:57,970 [Worker-19: Launching usuario-service (1)] INFO  o.eclipse.m2e.core.internal.Bundles - getClasspathEntries(Bundle=jakarta.inject.jakarta.inject-api_1.0.5 [22])
2025-04-15 06:40:57,970 [Worker-19: Launching usuario-service (1)] INFO  o.eclipse.m2e.core.internal.Bundles - 	Entry: C:\Users\Ruben\.p2\pool\plugins\jakarta.inject.jakarta.inject-api_1.0.5.jar
2025-04-15 06:40:57,970 [Worker-19: Launching usuario-service (1)] INFO  o.eclipse.m2e.core.internal.Bundles - getClasspathEntries(Bundle=jakarta.annotation-api_1.3.5 [20])
2025-04-15 06:40:57,971 [Worker-19: Launching usuario-service (1)] INFO  o.eclipse.m2e.core.internal.Bundles - 	Entry: C:\Users\Ruben\.p2\pool\plugins\jakarta.annotation-api_1.3.5.jar
2025-04-15 06:40:57,971 [Worker-19: Launching usuario-service (1)] INFO  o.eclipse.m2e.core.internal.Bundles - getClasspathEntries(Bundle=org.apache.commons.cli_1.6.0 [46])
2025-04-15 06:40:57,971 [Worker-19: Launching usuario-service (1)] INFO  o.eclipse.m2e.core.internal.Bundles - 	Entry: C:\Users\Ruben\.p2\pool\plugins\org.apache.commons.cli_1.6.0.jar
2025-04-15 06:40:57,971 [Worker-19: Launching usuario-service (1)] INFO  o.eclipse.m2e.core.internal.Bundles - getClasspathEntries(Bundle=org.apache.commons.commons-codec_1.16.0 [47])
2025-04-15 06:40:57,972 [Worker-19: Launching usuario-service (1)] INFO  o.eclipse.m2e.core.internal.Bundles - 	Entry: C:\Users\Ruben\.p2\pool\plugins\org.apache.commons.commons-codec_1.16.0.jar
2025-04-15 06:40:57,972 [Worker-19: Launching usuario-service (1)] INFO  o.eclipse.m2e.core.internal.Bundles - getClasspathEntries(Bundle=org.apache.commons.lang3_3.14.0 [53])
2025-04-15 06:40:57,972 [Worker-19: Launching usuario-service (1)] INFO  o.eclipse.m2e.core.internal.Bundles - 	Entry: C:\Users\Ruben\.p2\pool\plugins\org.apache.commons.lang3_3.14.0.jar
2025-04-15 06:40:57,973 [Worker-19: Launching usuario-service (1)] INFO  o.eclipse.m2e.core.internal.Bundles - getClasspathEntries(Bundle=com.google.guava.failureaccess_1.0.2 [11])
2025-04-15 06:40:57,973 [Worker-19: Launching usuario-service (1)] INFO  o.eclipse.m2e.core.internal.Bundles - 	Entry: C:\Users\Ruben\.p2\pool\plugins\com.google.guava.failureaccess_1.0.2.jar
2025-04-15 06:40:57,975 [Worker-19: Launching usuario-service (1)] INFO  o.e.m.i.launch.MavenLaunchDelegate - Run build in "E:\microservicio\usuario-service":
2025-04-15 06:40:57,975 [Worker-19: Launching usuario-service (1)] INFO  o.e.m.i.launch.MavenLaunchDelegate -  mvn  -Ppom.xml -B -Dstyle.color=always compile
2025-04-15 06:41:17,204 [Worker-18: Launching Executing install in E__microservicio_usuario-service] INFO  o.eclipse.m2e.core.internal.Bundles - getClasspathEntries(Bundle=org.eclipse.m2e.maven.runtime_3.9.600.20231203-1234 [297])
2025-04-15 06:41:17,205 [Worker-18: Launching Executing install in E__microservicio_usuario-service] INFO  o.eclipse.m2e.core.internal.Bundles - 	Entry: C:\Users\Ruben\.p2\pool\plugins\org.eclipse.m2e.maven.runtime_3.9.600.20231203-1234
2025-04-15 06:41:17,206 [Worker-18: Launching Executing install in E__microservicio_usuario-service] INFO  o.eclipse.m2e.core.internal.Bundles - 	Entry: C:\Users\Ruben\.p2\pool\plugins\org.eclipse.m2e.maven.runtime_3.9.600.20231203-1234\jars\aopalliance-1.0.jar
2025-04-15 06:41:17,206 [Worker-18: Launching Executing install in E__microservicio_usuario-service] INFO  o.eclipse.m2e.core.internal.Bundles - 	Entry: C:\Users\Ruben\.p2\pool\plugins\org.eclipse.m2e.maven.runtime_3.9.600.20231203-1234\jars\guice-5.1.0.jar
2025-04-15 06:41:17,206 [Worker-18: Launching Executing install in E__microservicio_usuario-service] INFO  o.eclipse.m2e.core.internal.Bundles - 	Entry: C:\Users\Ruben\.p2\pool\plugins\org.eclipse.m2e.maven.runtime_3.9.600.20231203-1234\jars\httpclient-4.5.14.jar
2025-04-15 06:41:17,206 [Worker-18: Launching Executing install in E__microservicio_usuario-service] INFO  o.eclipse.m2e.core.internal.Bundles - 	Entry: C:\Users\Ruben\.p2\pool\plugins\org.eclipse.m2e.maven.runtime_3.9.600.20231203-1234\jars\httpcore-4.4.16.jar
2025-04-15 06:41:17,206 [Worker-18: Launching Executing install in E__microservicio_usuario-service] INFO  o.eclipse.m2e.core.internal.Bundles - 	Entry: C:\Users\Ruben\.p2\pool\plugins\org.eclipse.m2e.maven.runtime_3.9.600.20231203-1234\jars\jansi-2.4.0.jar
2025-04-15 06:41:17,207 [Worker-18: Launching Executing install in E__microservicio_usuario-service] INFO  o.eclipse.m2e.core.internal.Bundles - 	Entry: C:\Users\Ruben\.p2\pool\plugins\org.eclipse.m2e.maven.runtime_3.9.600.20231203-1234\jars\jcl-over-slf4j-1.7.36.jar
2025-04-15 06:41:17,207 [Worker-18: Launching Executing install in E__microservicio_usuario-service] INFO  o.eclipse.m2e.core.internal.Bundles - 	Entry: C:\Users\Ruben\.p2\pool\plugins\org.eclipse.m2e.maven.runtime_3.9.600.20231203-1234\jars\maven-artifact-3.9.6.jar
2025-04-15 06:41:17,207 [Worker-18: Launching Executing install in E__microservicio_usuario-service] INFO  o.eclipse.m2e.core.internal.Bundles - 	Entry: C:\Users\Ruben\.p2\pool\plugins\org.eclipse.m2e.maven.runtime_3.9.600.20231203-1234\jars\maven-builder-support-3.9.6.jar
2025-04-15 06:41:17,207 [Worker-18: Launching Executing install in E__microservicio_usuario-service] INFO  o.eclipse.m2e.core.internal.Bundles - 	Entry: C:\Users\Ruben\.p2\pool\plugins\org.eclipse.m2e.maven.runtime_3.9.600.20231203-1234\jars\maven-compat-3.9.6.jar
2025-04-15 06:41:17,208 [Worker-18: Launching Executing install in E__microservicio_usuario-service] INFO  o.eclipse.m2e.core.internal.Bundles - 	Entry: C:\Users\Ruben\.p2\pool\plugins\org.eclipse.m2e.maven.runtime_3.9.600.20231203-1234\jars\maven-core-3.9.6.jar
2025-04-15 06:41:17,208 [Worker-18: Launching Executing install in E__microservicio_usuario-service] INFO  o.eclipse.m2e.core.internal.Bundles - 	Entry: C:\Users\Ruben\.p2\pool\plugins\org.eclipse.m2e.maven.runtime_3.9.600.20231203-1234\jars\maven-embedder-3.9.6.jar
2025-04-15 06:41:17,209 [Worker-18: Launching Executing install in E__microservicio_usuario-service] INFO  o.eclipse.m2e.core.internal.Bundles - 	Entry: C:\Users\Ruben\.p2\pool\plugins\org.eclipse.m2e.maven.runtime_3.9.600.20231203-1234\jars\maven-model-3.9.6.jar
2025-04-15 06:41:17,209 [Worker-18: Launching Executing install in E__microservicio_usuario-service] INFO  o.eclipse.m2e.core.internal.Bundles - 	Entry: C:\Users\Ruben\.p2\pool\plugins\org.eclipse.m2e.maven.runtime_3.9.600.20231203-1234\jars\maven-model-builder-3.9.6.jar
2025-04-15 06:41:17,209 [Worker-18: Launching Executing install in E__microservicio_usuario-service] INFO  o.eclipse.m2e.core.internal.Bundles - 	Entry: C:\Users\Ruben\.p2\pool\plugins\org.eclipse.m2e.maven.runtime_3.9.600.20231203-1234\jars\maven-plugin-api-3.9.6.jar
2025-04-15 06:41:17,210 [Worker-18: Launching Executing install in E__microservicio_usuario-service] INFO  o.eclipse.m2e.core.internal.Bundles - 	Entry: C:\Users\Ruben\.p2\pool\plugins\org.eclipse.m2e.maven.runtime_3.9.600.20231203-1234\jars\maven-repository-metadata-3.9.6.jar
2025-04-15 06:41:17,210 [Worker-18: Launching Executing install in E__microservicio_usuario-service] INFO  o.eclipse.m2e.core.internal.Bundles - 	Entry: C:\Users\Ruben\.p2\pool\plugins\org.eclipse.m2e.maven.runtime_3.9.600.20231203-1234\jars\maven-resolver-api-1.9.18.jar
2025-04-15 06:41:17,210 [Worker-18: Launching Executing install in E__microservicio_usuario-service] INFO  o.eclipse.m2e.core.internal.Bundles - 	Entry: C:\Users\Ruben\.p2\pool\plugins\org.eclipse.m2e.maven.runtime_3.9.600.20231203-1234\jars\maven-resolver-connector-basic-1.9.18.jar
2025-04-15 06:41:17,211 [Worker-18: Launching Executing install in E__microservicio_usuario-service] INFO  o.eclipse.m2e.core.internal.Bundles - 	Entry: C:\Users\Ruben\.p2\pool\plugins\org.eclipse.m2e.maven.runtime_3.9.600.20231203-1234\jars\maven-resolver-impl-1.9.18.jar
2025-04-15 06:41:17,211 [Worker-18: Launching Executing install in E__microservicio_usuario-service] INFO  o.eclipse.m2e.core.internal.Bundles - 	Entry: C:\Users\Ruben\.p2\pool\plugins\org.eclipse.m2e.maven.runtime_3.9.600.20231203-1234\jars\maven-resolver-named-locks-1.9.18.jar
2025-04-15 06:41:17,211 [Worker-18: Launching Executing install in E__microservicio_usuario-service] INFO  o.eclipse.m2e.core.internal.Bundles - 	Entry: C:\Users\Ruben\.p2\pool\plugins\org.eclipse.m2e.maven.runtime_3.9.600.20231203-1234\jars\maven-resolver-provider-3.9.6.jar
2025-04-15 06:41:17,211 [Worker-18: Launching Executing install in E__microservicio_usuario-service] INFO  o.eclipse.m2e.core.internal.Bundles - 	Entry: C:\Users\Ruben\.p2\pool\plugins\org.eclipse.m2e.maven.runtime_3.9.600.20231203-1234\jars\maven-resolver-spi-1.9.18.jar
2025-04-15 06:41:17,211 [Worker-18: Launching Executing install in E__microservicio_usuario-service] INFO  o.eclipse.m2e.core.internal.Bundles - 	Entry: C:\Users\Ruben\.p2\pool\plugins\org.eclipse.m2e.maven.runtime_3.9.600.20231203-1234\jars\maven-resolver-transport-file-1.9.18.jar
2025-04-15 06:41:17,212 [Worker-18: Launching Executing install in E__microservicio_usuario-service] INFO  o.eclipse.m2e.core.internal.Bundles - 	Entry: C:\Users\Ruben\.p2\pool\plugins\org.eclipse.m2e.maven.runtime_3.9.600.20231203-1234\jars\maven-resolver-transport-http-1.9.18.jar
2025-04-15 06:41:17,212 [Worker-18: Launching Executing install in E__microservicio_usuario-service] INFO  o.eclipse.m2e.core.internal.Bundles - 	Entry: C:\Users\Ruben\.p2\pool\plugins\org.eclipse.m2e.maven.runtime_3.9.600.20231203-1234\jars\maven-resolver-transport-wagon-1.9.18.jar
2025-04-15 06:41:17,212 [Worker-18: Launching Executing install in E__microservicio_usuario-service] INFO  o.eclipse.m2e.core.internal.Bundles - 	Entry: C:\Users\Ruben\.p2\pool\plugins\org.eclipse.m2e.maven.runtime_3.9.600.20231203-1234\jars\maven-resolver-util-1.9.18.jar
2025-04-15 06:41:17,212 [Worker-18: Launching Executing install in E__microservicio_usuario-service] INFO  o.eclipse.m2e.core.internal.Bundles - 	Entry: C:\Users\Ruben\.p2\pool\plugins\org.eclipse.m2e.maven.runtime_3.9.600.20231203-1234\jars\maven-settings-3.9.6.jar
2025-04-15 06:41:17,213 [Worker-18: Launching Executing install in E__microservicio_usuario-service] INFO  o.eclipse.m2e.core.internal.Bundles - 	Entry: C:\Users\Ruben\.p2\pool\plugins\org.eclipse.m2e.maven.runtime_3.9.600.20231203-1234\jars\maven-settings-builder-3.9.6.jar
2025-04-15 06:41:17,213 [Worker-18: Launching Executing install in E__microservicio_usuario-service] INFO  o.eclipse.m2e.core.internal.Bundles - 	Entry: C:\Users\Ruben\.p2\pool\plugins\org.eclipse.m2e.maven.runtime_3.9.600.20231203-1234\jars\maven-shared-utils-3.3.4.jar
2025-04-15 06:41:17,213 [Worker-18: Launching Executing install in E__microservicio_usuario-service] INFO  o.eclipse.m2e.core.internal.Bundles - 	Entry: C:\Users\Ruben\.p2\pool\plugins\org.eclipse.m2e.maven.runtime_3.9.600.20231203-1234\jars\org.eclipse.sisu.inject-0.9.0.M2.jar
2025-04-15 06:41:17,214 [Worker-18: Launching Executing install in E__microservicio_usuario-service] INFO  o.eclipse.m2e.core.internal.Bundles - 	Entry: C:\Users\Ruben\.p2\pool\plugins\org.eclipse.m2e.maven.runtime_3.9.600.20231203-1234\jars\org.eclipse.sisu.plexus-0.9.0.M2.jar
2025-04-15 06:41:17,214 [Worker-18: Launching Executing install in E__microservicio_usuario-service] INFO  o.eclipse.m2e.core.internal.Bundles - 	Entry: C:\Users\Ruben\.p2\pool\plugins\org.eclipse.m2e.maven.runtime_3.9.600.20231203-1234\jars\plexus-build-api-0.0.7.jar
2025-04-15 06:41:17,214 [Worker-18: Launching Executing install in E__microservicio_usuario-service] INFO  o.eclipse.m2e.core.internal.Bundles - 	Entry: C:\Users\Ruben\.p2\pool\plugins\org.eclipse.m2e.maven.runtime_3.9.600.20231203-1234\jars\plexus-cipher-2.0.jar
2025-04-15 06:41:17,215 [Worker-18: Launching Executing install in E__microservicio_usuario-service] INFO  o.eclipse.m2e.core.internal.Bundles - 	Entry: C:\Users\Ruben\.p2\pool\plugins\org.eclipse.m2e.maven.runtime_3.9.600.20231203-1234\jars\plexus-classworlds-2.7.0.jar
2025-04-15 06:41:17,215 [Worker-18: Launching Executing install in E__microservicio_usuario-service] INFO  o.eclipse.m2e.core.internal.Bundles - 	Entry: C:\Users\Ruben\.p2\pool\plugins\org.eclipse.m2e.maven.runtime_3.9.600.20231203-1234\jars\plexus-component-annotations-2.1.0.jar
2025-04-15 06:41:17,215 [Worker-18: Launching Executing install in E__microservicio_usuario-service] INFO  o.eclipse.m2e.core.internal.Bundles - 	Entry: C:\Users\Ruben\.p2\pool\plugins\org.eclipse.m2e.maven.runtime_3.9.600.20231203-1234\jars\plexus-interpolation-1.26.jar
2025-04-15 06:41:17,215 [Worker-18: Launching Executing install in E__microservicio_usuario-service] INFO  o.eclipse.m2e.core.internal.Bundles - 	Entry: C:\Users\Ruben\.p2\pool\plugins\org.eclipse.m2e.maven.runtime_3.9.600.20231203-1234\jars\plexus-sec-dispatcher-2.0.jar
2025-04-15 06:41:17,215 [Worker-18: Launching Executing install in E__microservicio_usuario-service] INFO  o.eclipse.m2e.core.internal.Bundles - 	Entry: C:\Users\Ruben\.p2\pool\plugins\org.eclipse.m2e.maven.runtime_3.9.600.20231203-1234\jars\plexus-utils-3.5.1.jar
2025-04-15 06:41:17,216 [Worker-18: Launching Executing install in E__microservicio_usuario-service] INFO  o.eclipse.m2e.core.internal.Bundles - 	Entry: C:\Users\Ruben\.p2\pool\plugins\org.eclipse.m2e.maven.runtime_3.9.600.20231203-1234\jars\wagon-file-3.5.3.jar
2025-04-15 06:41:17,216 [Worker-18: Launching Executing install in E__microservicio_usuario-service] INFO  o.eclipse.m2e.core.internal.Bundles - 	Entry: C:\Users\Ruben\.p2\pool\plugins\org.eclipse.m2e.maven.runtime_3.9.600.20231203-1234\jars\wagon-http-3.5.3.jar
2025-04-15 06:41:17,216 [Worker-18: Launching Executing install in E__microservicio_usuario-service] INFO  o.eclipse.m2e.core.internal.Bundles - 	Entry: C:\Users\Ruben\.p2\pool\plugins\org.eclipse.m2e.maven.runtime_3.9.600.20231203-1234\jars\wagon-http-shared-3.5.3.jar
2025-04-15 06:41:17,216 [Worker-18: Launching Executing install in E__microservicio_usuario-service] INFO  o.eclipse.m2e.core.internal.Bundles - 	Entry: C:\Users\Ruben\.p2\pool\plugins\org.eclipse.m2e.maven.runtime_3.9.600.20231203-1234\jars\wagon-provider-api-3.5.3.jar
2025-04-15 06:41:17,216 [Worker-18: Launching Executing install in E__microservicio_usuario-service] INFO  o.eclipse.m2e.core.internal.Bundles - getClasspathEntries(Bundle=com.google.guava_33.0.0.jre [10])
2025-04-15 06:41:17,217 [Worker-18: Launching Executing install in E__microservicio_usuario-service] INFO  o.eclipse.m2e.core.internal.Bundles - 	Entry: C:\Users\Ruben\.p2\pool\plugins\com.google.guava_33.0.0.jre.jar
2025-04-15 06:41:17,217 [Worker-18: Launching Executing install in E__microservicio_usuario-service] INFO  o.eclipse.m2e.core.internal.Bundles - getClasspathEntries(Bundle=slf4j.api_2.0.13 [518])
2025-04-15 06:41:17,217 [Worker-18: Launching Executing install in E__microservicio_usuario-service] INFO  o.eclipse.m2e.core.internal.Bundles - 	Entry: C:\Users\Ruben\.p2\pool\plugins\slf4j.api_2.0.13.jar
2025-04-15 06:41:17,217 [Worker-18: Launching Executing install in E__microservicio_usuario-service] INFO  o.eclipse.m2e.core.internal.Bundles - getClasspathEntries(Bundle=jakarta.inject.jakarta.inject-api_1.0.5 [22])
2025-04-15 06:41:17,218 [Worker-18: Launching Executing install in E__microservicio_usuario-service] INFO  o.eclipse.m2e.core.internal.Bundles - 	Entry: C:\Users\Ruben\.p2\pool\plugins\jakarta.inject.jakarta.inject-api_1.0.5.jar
2025-04-15 06:41:17,218 [Worker-18: Launching Executing install in E__microservicio_usuario-service] INFO  o.eclipse.m2e.core.internal.Bundles - getClasspathEntries(Bundle=jakarta.annotation-api_1.3.5 [20])
2025-04-15 06:41:17,218 [Worker-18: Launching Executing install in E__microservicio_usuario-service] INFO  o.eclipse.m2e.core.internal.Bundles - 	Entry: C:\Users\Ruben\.p2\pool\plugins\jakarta.annotation-api_1.3.5.jar
2025-04-15 06:41:17,218 [Worker-18: Launching Executing install in E__microservicio_usuario-service] INFO  o.eclipse.m2e.core.internal.Bundles - getClasspathEntries(Bundle=org.apache.commons.cli_1.6.0 [46])
2025-04-15 06:41:17,219 [Worker-18: Launching Executing install in E__microservicio_usuario-service] INFO  o.eclipse.m2e.core.internal.Bundles - 	Entry: C:\Users\Ruben\.p2\pool\plugins\org.apache.commons.cli_1.6.0.jar
2025-04-15 06:41:17,219 [Worker-18: Launching Executing install in E__microservicio_usuario-service] INFO  o.eclipse.m2e.core.internal.Bundles - getClasspathEntries(Bundle=org.apache.commons.commons-codec_1.16.0 [47])
2025-04-15 06:41:17,219 [Worker-18: Launching Executing install in E__microservicio_usuario-service] INFO  o.eclipse.m2e.core.internal.Bundles - 	Entry: C:\Users\Ruben\.p2\pool\plugins\org.apache.commons.commons-codec_1.16.0.jar
2025-04-15 06:41:17,219 [Worker-18: Launching Executing install in E__microservicio_usuario-service] INFO  o.eclipse.m2e.core.internal.Bundles - getClasspathEntries(Bundle=org.apache.commons.lang3_3.14.0 [53])
2025-04-15 06:41:17,220 [Worker-18: Launching Executing install in E__microservicio_usuario-service] INFO  o.eclipse.m2e.core.internal.Bundles - 	Entry: C:\Users\Ruben\.p2\pool\plugins\org.apache.commons.lang3_3.14.0.jar
2025-04-15 06:41:17,220 [Worker-18: Launching Executing install in E__microservicio_usuario-service] INFO  o.eclipse.m2e.core.internal.Bundles - getClasspathEntries(Bundle=com.google.guava.failureaccess_1.0.2 [11])
2025-04-15 06:41:17,220 [Worker-18: Launching Executing install in E__microservicio_usuario-service] INFO  o.eclipse.m2e.core.internal.Bundles - 	Entry: C:\Users\Ruben\.p2\pool\plugins\com.google.guava.failureaccess_1.0.2.jar
2025-04-15 06:41:17,221 [Worker-18: Launching Executing install in E__microservicio_usuario-service] INFO  o.e.m.i.launch.MavenLaunchDelegate - Run build in "E:\microservicio\usuario-service":
2025-04-15 06:41:17,221 [Worker-18: Launching Executing install in E__microservicio_usuario-service] INFO  o.e.m.i.launch.MavenLaunchDelegate -  mvn  -Ppom.xml -B -Dstyle.color=always install
2025-04-15 06:41:45,628 [Worker-9: Building] INFO  o.a.m.s.f.DefaultMavenResourcesFiltering - Copying 0 resource from src\main\resources to target\classes
2025-04-15 06:41:45,629 [Worker-9: Building] INFO  o.a.m.s.f.DefaultMavenResourcesFiltering - Copying 1 resource from src\main\resources to target\classes
2025-04-15 06:41:45,637 [Worker-9: Building] INFO  o.a.m.s.f.DefaultMavenResourcesFiltering - skip non existing resourceDirectory E:\microservicio\usuario-service\src\test\resources
2025-04-15 06:42:12,914 [Worker-19: Launching Executing clean in E__microservicio_moto-service] INFO  o.eclipse.m2e.core.internal.Bundles - getClasspathEntries(Bundle=org.eclipse.m2e.maven.runtime_3.9.600.20231203-1234 [297])
2025-04-15 06:42:12,915 [Worker-19: Launching Executing clean in E__microservicio_moto-service] INFO  o.eclipse.m2e.core.internal.Bundles - 	Entry: C:\Users\Ruben\.p2\pool\plugins\org.eclipse.m2e.maven.runtime_3.9.600.20231203-1234
2025-04-15 06:42:12,915 [Worker-19: Launching Executing clean in E__microservicio_moto-service] INFO  o.eclipse.m2e.core.internal.Bundles - 	Entry: C:\Users\Ruben\.p2\pool\plugins\org.eclipse.m2e.maven.runtime_3.9.600.20231203-1234\jars\aopalliance-1.0.jar
2025-04-15 06:42:12,916 [Worker-19: Launching Executing clean in E__microservicio_moto-service] INFO  o.eclipse.m2e.core.internal.Bundles - 	Entry: C:\Users\Ruben\.p2\pool\plugins\org.eclipse.m2e.maven.runtime_3.9.600.20231203-1234\jars\guice-5.1.0.jar
2025-04-15 06:42:12,916 [Worker-19: Launching Executing clean in E__microservicio_moto-service] INFO  o.eclipse.m2e.core.internal.Bundles - 	Entry: C:\Users\Ruben\.p2\pool\plugins\org.eclipse.m2e.maven.runtime_3.9.600.20231203-1234\jars\httpclient-4.5.14.jar
2025-04-15 06:42:12,916 [Worker-19: Launching Executing clean in E__microservicio_moto-service] INFO  o.eclipse.m2e.core.internal.Bundles - 	Entry: C:\Users\Ruben\.p2\pool\plugins\org.eclipse.m2e.maven.runtime_3.9.600.20231203-1234\jars\httpcore-4.4.16.jar
2025-04-15 06:42:12,916 [Worker-19: Launching Executing clean in E__microservicio_moto-service] INFO  o.eclipse.m2e.core.internal.Bundles - 	Entry: C:\Users\Ruben\.p2\pool\plugins\org.eclipse.m2e.maven.runtime_3.9.600.20231203-1234\jars\jansi-2.4.0.jar
2025-04-15 06:42:12,917 [Worker-19: Launching Executing clean in E__microservicio_moto-service] INFO  o.eclipse.m2e.core.internal.Bundles - 	Entry: C:\Users\Ruben\.p2\pool\plugins\org.eclipse.m2e.maven.runtime_3.9.600.20231203-1234\jars\jcl-over-slf4j-1.7.36.jar
2025-04-15 06:42:12,917 [Worker-19: Launching Executing clean in E__microservicio_moto-service] INFO  o.eclipse.m2e.core.internal.Bundles - 	Entry: C:\Users\Ruben\.p2\pool\plugins\org.eclipse.m2e.maven.runtime_3.9.600.20231203-1234\jars\maven-artifact-3.9.6.jar
2025-04-15 06:42:12,917 [Worker-19: Launching Executing clean in E__microservicio_moto-service] INFO  o.eclipse.m2e.core.internal.Bundles - 	Entry: C:\Users\Ruben\.p2\pool\plugins\org.eclipse.m2e.maven.runtime_3.9.600.20231203-1234\jars\maven-builder-support-3.9.6.jar
2025-04-15 06:42:12,917 [Worker-19: Launching Executing clean in E__microservicio_moto-service] INFO  o.eclipse.m2e.core.internal.Bundles - 	Entry: C:\Users\Ruben\.p2\pool\plugins\org.eclipse.m2e.maven.runtime_3.9.600.20231203-1234\jars\maven-compat-3.9.6.jar
2025-04-15 06:42:12,917 [Worker-19: Launching Executing clean in E__microservicio_moto-service] INFO  o.eclipse.m2e.core.internal.Bundles - 	Entry: C:\Users\Ruben\.p2\pool\plugins\org.eclipse.m2e.maven.runtime_3.9.600.20231203-1234\jars\maven-core-3.9.6.jar
2025-04-15 06:42:12,918 [Worker-19: Launching Executing clean in E__microservicio_moto-service] INFO  o.eclipse.m2e.core.internal.Bundles - 	Entry: C:\Users\Ruben\.p2\pool\plugins\org.eclipse.m2e.maven.runtime_3.9.600.20231203-1234\jars\maven-embedder-3.9.6.jar
2025-04-15 06:42:12,918 [Worker-19: Launching Executing clean in E__microservicio_moto-service] INFO  o.eclipse.m2e.core.internal.Bundles - 	Entry: C:\Users\Ruben\.p2\pool\plugins\org.eclipse.m2e.maven.runtime_3.9.600.20231203-1234\jars\maven-model-3.9.6.jar
2025-04-15 06:42:12,918 [Worker-19: Launching Executing clean in E__microservicio_moto-service] INFO  o.eclipse.m2e.core.internal.Bundles - 	Entry: C:\Users\Ruben\.p2\pool\plugins\org.eclipse.m2e.maven.runtime_3.9.600.20231203-1234\jars\maven-model-builder-3.9.6.jar
2025-04-15 06:42:12,918 [Worker-19: Launching Executing clean in E__microservicio_moto-service] INFO  o.eclipse.m2e.core.internal.Bundles - 	Entry: C:\Users\Ruben\.p2\pool\plugins\org.eclipse.m2e.maven.runtime_3.9.600.20231203-1234\jars\maven-plugin-api-3.9.6.jar
2025-04-15 06:42:12,918 [Worker-19: Launching Executing clean in E__microservicio_moto-service] INFO  o.eclipse.m2e.core.internal.Bundles - 	Entry: C:\Users\Ruben\.p2\pool\plugins\org.eclipse.m2e.maven.runtime_3.9.600.20231203-1234\jars\maven-repository-metadata-3.9.6.jar
2025-04-15 06:42:12,918 [Worker-19: Launching Executing clean in E__microservicio_moto-service] INFO  o.eclipse.m2e.core.internal.Bundles - 	Entry: C:\Users\Ruben\.p2\pool\plugins\org.eclipse.m2e.maven.runtime_3.9.600.20231203-1234\jars\maven-resolver-api-1.9.18.jar
2025-04-15 06:42:12,919 [Worker-19: Launching Executing clean in E__microservicio_moto-service] INFO  o.eclipse.m2e.core.internal.Bundles - 	Entry: C:\Users\Ruben\.p2\pool\plugins\org.eclipse.m2e.maven.runtime_3.9.600.20231203-1234\jars\maven-resolver-connector-basic-1.9.18.jar
2025-04-15 06:42:12,919 [Worker-19: Launching Executing clean in E__microservicio_moto-service] INFO  o.eclipse.m2e.core.internal.Bundles - 	Entry: C:\Users\Ruben\.p2\pool\plugins\org.eclipse.m2e.maven.runtime_3.9.600.20231203-1234\jars\maven-resolver-impl-1.9.18.jar
2025-04-15 06:42:12,919 [Worker-19: Launching Executing clean in E__microservicio_moto-service] INFO  o.eclipse.m2e.core.internal.Bundles - 	Entry: C:\Users\Ruben\.p2\pool\plugins\org.eclipse.m2e.maven.runtime_3.9.600.20231203-1234\jars\maven-resolver-named-locks-1.9.18.jar
2025-04-15 06:42:12,919 [Worker-19: Launching Executing clean in E__microservicio_moto-service] INFO  o.eclipse.m2e.core.internal.Bundles - 	Entry: C:\Users\Ruben\.p2\pool\plugins\org.eclipse.m2e.maven.runtime_3.9.600.20231203-1234\jars\maven-resolver-provider-3.9.6.jar
2025-04-15 06:42:12,919 [Worker-19: Launching Executing clean in E__microservicio_moto-service] INFO  o.eclipse.m2e.core.internal.Bundles - 	Entry: C:\Users\Ruben\.p2\pool\plugins\org.eclipse.m2e.maven.runtime_3.9.600.20231203-1234\jars\maven-resolver-spi-1.9.18.jar
2025-04-15 06:42:12,920 [Worker-19: Launching Executing clean in E__microservicio_moto-service] INFO  o.eclipse.m2e.core.internal.Bundles - 	Entry: C:\Users\Ruben\.p2\pool\plugins\org.eclipse.m2e.maven.runtime_3.9.600.20231203-1234\jars\maven-resolver-transport-file-1.9.18.jar
2025-04-15 06:42:12,920 [Worker-19: Launching Executing clean in E__microservicio_moto-service] INFO  o.eclipse.m2e.core.internal.Bundles - 	Entry: C:\Users\Ruben\.p2\pool\plugins\org.eclipse.m2e.maven.runtime_3.9.600.20231203-1234\jars\maven-resolver-transport-http-1.9.18.jar
2025-04-15 06:42:12,920 [Worker-19: Launching Executing clean in E__microservicio_moto-service] INFO  o.eclipse.m2e.core.internal.Bundles - 	Entry: C:\Users\Ruben\.p2\pool\plugins\org.eclipse.m2e.maven.runtime_3.9.600.20231203-1234\jars\maven-resolver-transport-wagon-1.9.18.jar
2025-04-15 06:42:12,920 [Worker-19: Launching Executing clean in E__microservicio_moto-service] INFO  o.eclipse.m2e.core.internal.Bundles - 	Entry: C:\Users\Ruben\.p2\pool\plugins\org.eclipse.m2e.maven.runtime_3.9.600.20231203-1234\jars\maven-resolver-util-1.9.18.jar
2025-04-15 06:42:12,920 [Worker-19: Launching Executing clean in E__microservicio_moto-service] INFO  o.eclipse.m2e.core.internal.Bundles - 	Entry: C:\Users\Ruben\.p2\pool\plugins\org.eclipse.m2e.maven.runtime_3.9.600.20231203-1234\jars\maven-settings-3.9.6.jar
2025-04-15 06:42:12,920 [Worker-19: Launching Executing clean in E__microservicio_moto-service] INFO  o.eclipse.m2e.core.internal.Bundles - 	Entry: C:\Users\Ruben\.p2\pool\plugins\org.eclipse.m2e.maven.runtime_3.9.600.20231203-1234\jars\maven-settings-builder-3.9.6.jar
2025-04-15 06:42:12,921 [Worker-19: Launching Executing clean in E__microservicio_moto-service] INFO  o.eclipse.m2e.core.internal.Bundles - 	Entry: C:\Users\Ruben\.p2\pool\plugins\org.eclipse.m2e.maven.runtime_3.9.600.20231203-1234\jars\maven-shared-utils-3.3.4.jar
2025-04-15 06:42:12,921 [Worker-19: Launching Executing clean in E__microservicio_moto-service] INFO  o.eclipse.m2e.core.internal.Bundles - 	Entry: C:\Users\Ruben\.p2\pool\plugins\org.eclipse.m2e.maven.runtime_3.9.600.20231203-1234\jars\org.eclipse.sisu.inject-0.9.0.M2.jar
2025-04-15 06:42:12,921 [Worker-19: Launching Executing clean in E__microservicio_moto-service] INFO  o.eclipse.m2e.core.internal.Bundles - 	Entry: C:\Users\Ruben\.p2\pool\plugins\org.eclipse.m2e.maven.runtime_3.9.600.20231203-1234\jars\org.eclipse.sisu.plexus-0.9.0.M2.jar
2025-04-15 06:42:12,921 [Worker-19: Launching Executing clean in E__microservicio_moto-service] INFO  o.eclipse.m2e.core.internal.Bundles - 	Entry: C:\Users\Ruben\.p2\pool\plugins\org.eclipse.m2e.maven.runtime_3.9.600.20231203-1234\jars\plexus-build-api-0.0.7.jar
2025-04-15 06:42:12,921 [Worker-19: Launching Executing clean in E__microservicio_moto-service] INFO  o.eclipse.m2e.core.internal.Bundles - 	Entry: C:\Users\Ruben\.p2\pool\plugins\org.eclipse.m2e.maven.runtime_3.9.600.20231203-1234\jars\plexus-cipher-2.0.jar
2025-04-15 06:42:12,922 [Worker-19: Launching Executing clean in E__microservicio_moto-service] INFO  o.eclipse.m2e.core.internal.Bundles - 	Entry: C:\Users\Ruben\.p2\pool\plugins\org.eclipse.m2e.maven.runtime_3.9.600.20231203-1234\jars\plexus-classworlds-2.7.0.jar
2025-04-15 06:42:12,922 [Worker-19: Launching Executing clean in E__microservicio_moto-service] INFO  o.eclipse.m2e.core.internal.Bundles - 	Entry: C:\Users\Ruben\.p2\pool\plugins\org.eclipse.m2e.maven.runtime_3.9.600.20231203-1234\jars\plexus-component-annotations-2.1.0.jar
2025-04-15 06:42:12,922 [Worker-19: Launching Executing clean in E__microservicio_moto-service] INFO  o.eclipse.m2e.core.internal.Bundles - 	Entry: C:\Users\Ruben\.p2\pool\plugins\org.eclipse.m2e.maven.runtime_3.9.600.20231203-1234\jars\plexus-interpolation-1.26.jar
2025-04-15 06:42:12,922 [Worker-19: Launching Executing clean in E__microservicio_moto-service] INFO  o.eclipse.m2e.core.internal.Bundles - 	Entry: C:\Users\Ruben\.p2\pool\plugins\org.eclipse.m2e.maven.runtime_3.9.600.20231203-1234\jars\plexus-sec-dispatcher-2.0.jar
2025-04-15 06:42:12,922 [Worker-19: Launching Executing clean in E__microservicio_moto-service] INFO  o.eclipse.m2e.core.internal.Bundles - 	Entry: C:\Users\Ruben\.p2\pool\plugins\org.eclipse.m2e.maven.runtime_3.9.600.20231203-1234\jars\plexus-utils-3.5.1.jar
2025-04-15 06:42:12,922 [Worker-19: Launching Executing clean in E__microservicio_moto-service] INFO  o.eclipse.m2e.core.internal.Bundles - 	Entry: C:\Users\Ruben\.p2\pool\plugins\org.eclipse.m2e.maven.runtime_3.9.600.20231203-1234\jars\wagon-file-3.5.3.jar
2025-04-15 06:42:12,923 [Worker-19: Launching Executing clean in E__microservicio_moto-service] INFO  o.eclipse.m2e.core.internal.Bundles - 	Entry: C:\Users\Ruben\.p2\pool\plugins\org.eclipse.m2e.maven.runtime_3.9.600.20231203-1234\jars\wagon-http-3.5.3.jar
2025-04-15 06:42:12,923 [Worker-19: Launching Executing clean in E__microservicio_moto-service] INFO  o.eclipse.m2e.core.internal.Bundles - 	Entry: C:\Users\Ruben\.p2\pool\plugins\org.eclipse.m2e.maven.runtime_3.9.600.20231203-1234\jars\wagon-http-shared-3.5.3.jar
2025-04-15 06:42:12,923 [Worker-19: Launching Executing clean in E__microservicio_moto-service] INFO  o.eclipse.m2e.core.internal.Bundles - 	Entry: C:\Users\Ruben\.p2\pool\plugins\org.eclipse.m2e.maven.runtime_3.9.600.20231203-1234\jars\wagon-provider-api-3.5.3.jar
2025-04-15 06:42:12,923 [Worker-19: Launching Executing clean in E__microservicio_moto-service] INFO  o.eclipse.m2e.core.internal.Bundles - getClasspathEntries(Bundle=com.google.guava_33.0.0.jre [10])
2025-04-15 06:42:12,924 [Worker-19: Launching Executing clean in E__microservicio_moto-service] INFO  o.eclipse.m2e.core.internal.Bundles - 	Entry: C:\Users\Ruben\.p2\pool\plugins\com.google.guava_33.0.0.jre.jar
2025-04-15 06:42:12,924 [Worker-19: Launching Executing clean in E__microservicio_moto-service] INFO  o.eclipse.m2e.core.internal.Bundles - getClasspathEntries(Bundle=slf4j.api_2.0.13 [518])
2025-04-15 06:42:12,925 [Worker-19: Launching Executing clean in E__microservicio_moto-service] INFO  o.eclipse.m2e.core.internal.Bundles - 	Entry: C:\Users\Ruben\.p2\pool\plugins\slf4j.api_2.0.13.jar
2025-04-15 06:42:12,925 [Worker-19: Launching Executing clean in E__microservicio_moto-service] INFO  o.eclipse.m2e.core.internal.Bundles - getClasspathEntries(Bundle=jakarta.inject.jakarta.inject-api_1.0.5 [22])
2025-04-15 06:42:12,925 [Worker-19: Launching Executing clean in E__microservicio_moto-service] INFO  o.eclipse.m2e.core.internal.Bundles - 	Entry: C:\Users\Ruben\.p2\pool\plugins\jakarta.inject.jakarta.inject-api_1.0.5.jar
2025-04-15 06:42:12,925 [Worker-19: Launching Executing clean in E__microservicio_moto-service] INFO  o.eclipse.m2e.core.internal.Bundles - getClasspathEntries(Bundle=jakarta.annotation-api_1.3.5 [20])
2025-04-15 06:42:12,926 [Worker-19: Launching Executing clean in E__microservicio_moto-service] INFO  o.eclipse.m2e.core.internal.Bundles - 	Entry: C:\Users\Ruben\.p2\pool\plugins\jakarta.annotation-api_1.3.5.jar
2025-04-15 06:42:12,926 [Worker-19: Launching Executing clean in E__microservicio_moto-service] INFO  o.eclipse.m2e.core.internal.Bundles - getClasspathEntries(Bundle=org.apache.commons.cli_1.6.0 [46])
2025-04-15 06:42:12,927 [Worker-19: Launching Executing clean in E__microservicio_moto-service] INFO  o.eclipse.m2e.core.internal.Bundles - 	Entry: C:\Users\Ruben\.p2\pool\plugins\org.apache.commons.cli_1.6.0.jar
2025-04-15 06:42:12,927 [Worker-19: Launching Executing clean in E__microservicio_moto-service] INFO  o.eclipse.m2e.core.internal.Bundles - getClasspathEntries(Bundle=org.apache.commons.commons-codec_1.16.0 [47])
2025-04-15 06:42:12,928 [Worker-19: Launching Executing clean in E__microservicio_moto-service] INFO  o.eclipse.m2e.core.internal.Bundles - 	Entry: C:\Users\Ruben\.p2\pool\plugins\org.apache.commons.commons-codec_1.16.0.jar
2025-04-15 06:42:12,928 [Worker-19: Launching Executing clean in E__microservicio_moto-service] INFO  o.eclipse.m2e.core.internal.Bundles - getClasspathEntries(Bundle=org.apache.commons.lang3_3.14.0 [53])
2025-04-15 06:42:12,928 [Worker-19: Launching Executing clean in E__microservicio_moto-service] INFO  o.eclipse.m2e.core.internal.Bundles - 	Entry: C:\Users\Ruben\.p2\pool\plugins\org.apache.commons.lang3_3.14.0.jar
2025-04-15 06:42:12,928 [Worker-19: Launching Executing clean in E__microservicio_moto-service] INFO  o.eclipse.m2e.core.internal.Bundles - getClasspathEntries(Bundle=com.google.guava.failureaccess_1.0.2 [11])
2025-04-15 06:42:12,929 [Worker-19: Launching Executing clean in E__microservicio_moto-service] INFO  o.eclipse.m2e.core.internal.Bundles - 	Entry: C:\Users\Ruben\.p2\pool\plugins\com.google.guava.failureaccess_1.0.2.jar
2025-04-15 06:42:12,930 [Worker-19: Launching Executing clean in E__microservicio_moto-service] INFO  o.e.m.i.launch.MavenLaunchDelegate - Run build in "E:\microservicio\moto-service":
2025-04-15 06:42:12,930 [Worker-19: Launching Executing clean in E__microservicio_moto-service] INFO  o.e.m.i.launch.MavenLaunchDelegate -  mvn  -Ppom.xml -B -Dstyle.color=always clean
2025-04-15 06:42:18,106 [Worker-0: Building] INFO  o.a.m.s.f.DefaultMavenResourcesFiltering - Copying 0 resource from src\main\resources to target\classes
2025-04-15 06:42:18,106 [Worker-0: Building] INFO  o.a.m.s.f.DefaultMavenResourcesFiltering - Copying 1 resource from src\main\resources to target\classes
2025-04-15 06:42:18,120 [Worker-0: Building] INFO  o.a.m.s.f.DefaultMavenResourcesFiltering - skip non existing resourceDirectory E:\microservicio\moto-service\src\test\resources
2025-04-15 06:42:23,755 [Worker-0: Launching Executing clean in E__microservicio_moto-service] INFO  o.eclipse.m2e.core.internal.Bundles - getClasspathEntries(Bundle=org.eclipse.m2e.maven.runtime_3.9.600.20231203-1234 [297])
2025-04-15 06:42:23,756 [Worker-0: Launching Executing clean in E__microservicio_moto-service] INFO  o.eclipse.m2e.core.internal.Bundles - 	Entry: C:\Users\Ruben\.p2\pool\plugins\org.eclipse.m2e.maven.runtime_3.9.600.20231203-1234
2025-04-15 06:42:23,757 [Worker-0: Launching Executing clean in E__microservicio_moto-service] INFO  o.eclipse.m2e.core.internal.Bundles - 	Entry: C:\Users\Ruben\.p2\pool\plugins\org.eclipse.m2e.maven.runtime_3.9.600.20231203-1234\jars\aopalliance-1.0.jar
2025-04-15 06:42:23,757 [Worker-0: Launching Executing clean in E__microservicio_moto-service] INFO  o.eclipse.m2e.core.internal.Bundles - 	Entry: C:\Users\Ruben\.p2\pool\plugins\org.eclipse.m2e.maven.runtime_3.9.600.20231203-1234\jars\guice-5.1.0.jar
2025-04-15 06:42:23,757 [Worker-0: Launching Executing clean in E__microservicio_moto-service] INFO  o.eclipse.m2e.core.internal.Bundles - 	Entry: C:\Users\Ruben\.p2\pool\plugins\org.eclipse.m2e.maven.runtime_3.9.600.20231203-1234\jars\httpclient-4.5.14.jar
2025-04-15 06:42:23,757 [Worker-0: Launching Executing clean in E__microservicio_moto-service] INFO  o.eclipse.m2e.core.internal.Bundles - 	Entry: C:\Users\Ruben\.p2\pool\plugins\org.eclipse.m2e.maven.runtime_3.9.600.20231203-1234\jars\httpcore-4.4.16.jar
2025-04-15 06:42:23,757 [Worker-0: Launching Executing clean in E__microservicio_moto-service] INFO  o.eclipse.m2e.core.internal.Bundles - 	Entry: C:\Users\Ruben\.p2\pool\plugins\org.eclipse.m2e.maven.runtime_3.9.600.20231203-1234\jars\jansi-2.4.0.jar
2025-04-15 06:42:23,758 [Worker-0: Launching Executing clean in E__microservicio_moto-service] INFO  o.eclipse.m2e.core.internal.Bundles - 	Entry: C:\Users\Ruben\.p2\pool\plugins\org.eclipse.m2e.maven.runtime_3.9.600.20231203-1234\jars\jcl-over-slf4j-1.7.36.jar
2025-04-15 06:42:23,758 [Worker-0: Launching Executing clean in E__microservicio_moto-service] INFO  o.eclipse.m2e.core.internal.Bundles - 	Entry: C:\Users\Ruben\.p2\pool\plugins\org.eclipse.m2e.maven.runtime_3.9.600.20231203-1234\jars\maven-artifact-3.9.6.jar
2025-04-15 06:42:23,758 [Worker-0: Launching Executing clean in E__microservicio_moto-service] INFO  o.eclipse.m2e.core.internal.Bundles - 	Entry: C:\Users\Ruben\.p2\pool\plugins\org.eclipse.m2e.maven.runtime_3.9.600.20231203-1234\jars\maven-builder-support-3.9.6.jar
2025-04-15 06:42:23,758 [Worker-0: Launching Executing clean in E__microservicio_moto-service] INFO  o.eclipse.m2e.core.internal.Bundles - 	Entry: C:\Users\Ruben\.p2\pool\plugins\org.eclipse.m2e.maven.runtime_3.9.600.20231203-1234\jars\maven-compat-3.9.6.jar
2025-04-15 06:42:23,758 [Worker-0: Launching Executing clean in E__microservicio_moto-service] INFO  o.eclipse.m2e.core.internal.Bundles - 	Entry: C:\Users\Ruben\.p2\pool\plugins\org.eclipse.m2e.maven.runtime_3.9.600.20231203-1234\jars\maven-core-3.9.6.jar
2025-04-15 06:42:23,759 [Worker-0: Launching Executing clean in E__microservicio_moto-service] INFO  o.eclipse.m2e.core.internal.Bundles - 	Entry: C:\Users\Ruben\.p2\pool\plugins\org.eclipse.m2e.maven.runtime_3.9.600.20231203-1234\jars\maven-embedder-3.9.6.jar
2025-04-15 06:42:23,759 [Worker-0: Launching Executing clean in E__microservicio_moto-service] INFO  o.eclipse.m2e.core.internal.Bundles - 	Entry: C:\Users\Ruben\.p2\pool\plugins\org.eclipse.m2e.maven.runtime_3.9.600.20231203-1234\jars\maven-model-3.9.6.jar
2025-04-15 06:42:23,759 [Worker-0: Launching Executing clean in E__microservicio_moto-service] INFO  o.eclipse.m2e.core.internal.Bundles - 	Entry: C:\Users\Ruben\.p2\pool\plugins\org.eclipse.m2e.maven.runtime_3.9.600.20231203-1234\jars\maven-model-builder-3.9.6.jar
2025-04-15 06:42:23,760 [Worker-0: Launching Executing clean in E__microservicio_moto-service] INFO  o.eclipse.m2e.core.internal.Bundles - 	Entry: C:\Users\Ruben\.p2\pool\plugins\org.eclipse.m2e.maven.runtime_3.9.600.20231203-1234\jars\maven-plugin-api-3.9.6.jar
2025-04-15 06:42:23,760 [Worker-0: Launching Executing clean in E__microservicio_moto-service] INFO  o.eclipse.m2e.core.internal.Bundles - 	Entry: C:\Users\Ruben\.p2\pool\plugins\org.eclipse.m2e.maven.runtime_3.9.600.20231203-1234\jars\maven-repository-metadata-3.9.6.jar
2025-04-15 06:42:23,761 [Worker-0: Launching Executing clean in E__microservicio_moto-service] INFO  o.eclipse.m2e.core.internal.Bundles - 	Entry: C:\Users\Ruben\.p2\pool\plugins\org.eclipse.m2e.maven.runtime_3.9.600.20231203-1234\jars\maven-resolver-api-1.9.18.jar
2025-04-15 06:42:23,761 [Worker-0: Launching Executing clean in E__microservicio_moto-service] INFO  o.eclipse.m2e.core.internal.Bundles - 	Entry: C:\Users\Ruben\.p2\pool\plugins\org.eclipse.m2e.maven.runtime_3.9.600.20231203-1234\jars\maven-resolver-connector-basic-1.9.18.jar
2025-04-15 06:42:23,761 [Worker-0: Launching Executing clean in E__microservicio_moto-service] INFO  o.eclipse.m2e.core.internal.Bundles - 	Entry: C:\Users\Ruben\.p2\pool\plugins\org.eclipse.m2e.maven.runtime_3.9.600.20231203-1234\jars\maven-resolver-impl-1.9.18.jar
2025-04-15 06:42:23,762 [Worker-0: Launching Executing clean in E__microservicio_moto-service] INFO  o.eclipse.m2e.core.internal.Bundles - 	Entry: C:\Users\Ruben\.p2\pool\plugins\org.eclipse.m2e.maven.runtime_3.9.600.20231203-1234\jars\maven-resolver-named-locks-1.9.18.jar
2025-04-15 06:42:23,762 [Worker-0: Launching Executing clean in E__microservicio_moto-service] INFO  o.eclipse.m2e.core.internal.Bundles - 	Entry: C:\Users\Ruben\.p2\pool\plugins\org.eclipse.m2e.maven.runtime_3.9.600.20231203-1234\jars\maven-resolver-provider-3.9.6.jar
2025-04-15 06:42:23,762 [Worker-0: Launching Executing clean in E__microservicio_moto-service] INFO  o.eclipse.m2e.core.internal.Bundles - 	Entry: C:\Users\Ruben\.p2\pool\plugins\org.eclipse.m2e.maven.runtime_3.9.600.20231203-1234\jars\maven-resolver-spi-1.9.18.jar
2025-04-15 06:42:23,763 [Worker-0: Launching Executing clean in E__microservicio_moto-service] INFO  o.eclipse.m2e.core.internal.Bundles - 	Entry: C:\Users\Ruben\.p2\pool\plugins\org.eclipse.m2e.maven.runtime_3.9.600.20231203-1234\jars\maven-resolver-transport-file-1.9.18.jar
2025-04-15 06:42:23,763 [Worker-0: Launching Executing clean in E__microservicio_moto-service] INFO  o.eclipse.m2e.core.internal.Bundles - 	Entry: C:\Users\Ruben\.p2\pool\plugins\org.eclipse.m2e.maven.runtime_3.9.600.20231203-1234\jars\maven-resolver-transport-http-1.9.18.jar
2025-04-15 06:42:23,763 [Worker-0: Launching Executing clean in E__microservicio_moto-service] INFO  o.eclipse.m2e.core.internal.Bundles - 	Entry: C:\Users\Ruben\.p2\pool\plugins\org.eclipse.m2e.maven.runtime_3.9.600.20231203-1234\jars\maven-resolver-transport-wagon-1.9.18.jar
2025-04-15 06:42:23,764 [Worker-0: Launching Executing clean in E__microservicio_moto-service] INFO  o.eclipse.m2e.core.internal.Bundles - 	Entry: C:\Users\Ruben\.p2\pool\plugins\org.eclipse.m2e.maven.runtime_3.9.600.20231203-1234\jars\maven-resolver-util-1.9.18.jar
2025-04-15 06:42:23,764 [Worker-0: Launching Executing clean in E__microservicio_moto-service] INFO  o.eclipse.m2e.core.internal.Bundles - 	Entry: C:\Users\Ruben\.p2\pool\plugins\org.eclipse.m2e.maven.runtime_3.9.600.20231203-1234\jars\maven-settings-3.9.6.jar
2025-04-15 06:42:23,764 [Worker-0: Launching Executing clean in E__microservicio_moto-service] INFO  o.eclipse.m2e.core.internal.Bundles - 	Entry: C:\Users\Ruben\.p2\pool\plugins\org.eclipse.m2e.maven.runtime_3.9.600.20231203-1234\jars\maven-settings-builder-3.9.6.jar
2025-04-15 06:42:23,764 [Worker-0: Launching Executing clean in E__microservicio_moto-service] INFO  o.eclipse.m2e.core.internal.Bundles - 	Entry: C:\Users\Ruben\.p2\pool\plugins\org.eclipse.m2e.maven.runtime_3.9.600.20231203-1234\jars\maven-shared-utils-3.3.4.jar
2025-04-15 06:42:23,765 [Worker-0: Launching Executing clean in E__microservicio_moto-service] INFO  o.eclipse.m2e.core.internal.Bundles - 	Entry: C:\Users\Ruben\.p2\pool\plugins\org.eclipse.m2e.maven.runtime_3.9.600.20231203-1234\jars\org.eclipse.sisu.inject-0.9.0.M2.jar
2025-04-15 06:42:23,765 [Worker-0: Launching Executing clean in E__microservicio_moto-service] INFO  o.eclipse.m2e.core.internal.Bundles - 	Entry: C:\Users\Ruben\.p2\pool\plugins\org.eclipse.m2e.maven.runtime_3.9.600.20231203-1234\jars\org.eclipse.sisu.plexus-0.9.0.M2.jar
2025-04-15 06:42:23,765 [Worker-0: Launching Executing clean in E__microservicio_moto-service] INFO  o.eclipse.m2e.core.internal.Bundles - 	Entry: C:\Users\Ruben\.p2\pool\plugins\org.eclipse.m2e.maven.runtime_3.9.600.20231203-1234\jars\plexus-build-api-0.0.7.jar
2025-04-15 06:42:23,766 [Worker-0: Launching Executing clean in E__microservicio_moto-service] INFO  o.eclipse.m2e.core.internal.Bundles - 	Entry: C:\Users\Ruben\.p2\pool\plugins\org.eclipse.m2e.maven.runtime_3.9.600.20231203-1234\jars\plexus-cipher-2.0.jar
2025-04-15 06:42:23,766 [Worker-0: Launching Executing clean in E__microservicio_moto-service] INFO  o.eclipse.m2e.core.internal.Bundles - 	Entry: C:\Users\Ruben\.p2\pool\plugins\org.eclipse.m2e.maven.runtime_3.9.600.20231203-1234\jars\plexus-classworlds-2.7.0.jar
2025-04-15 06:42:23,766 [Worker-0: Launching Executing clean in E__microservicio_moto-service] INFO  o.eclipse.m2e.core.internal.Bundles - 	Entry: C:\Users\Ruben\.p2\pool\plugins\org.eclipse.m2e.maven.runtime_3.9.600.20231203-1234\jars\plexus-component-annotations-2.1.0.jar
2025-04-15 06:42:23,766 [Worker-0: Launching Executing clean in E__microservicio_moto-service] INFO  o.eclipse.m2e.core.internal.Bundles - 	Entry: C:\Users\Ruben\.p2\pool\plugins\org.eclipse.m2e.maven.runtime_3.9.600.20231203-1234\jars\plexus-interpolation-1.26.jar
2025-04-15 06:42:23,767 [Worker-0: Launching Executing clean in E__microservicio_moto-service] INFO  o.eclipse.m2e.core.internal.Bundles - 	Entry: C:\Users\Ruben\.p2\pool\plugins\org.eclipse.m2e.maven.runtime_3.9.600.20231203-1234\jars\plexus-sec-dispatcher-2.0.jar
2025-04-15 06:42:23,767 [Worker-0: Launching Executing clean in E__microservicio_moto-service] INFO  o.eclipse.m2e.core.internal.Bundles - 	Entry: C:\Users\Ruben\.p2\pool\plugins\org.eclipse.m2e.maven.runtime_3.9.600.20231203-1234\jars\plexus-utils-3.5.1.jar
2025-04-15 06:42:23,767 [Worker-0: Launching Executing clean in E__microservicio_moto-service] INFO  o.eclipse.m2e.core.internal.Bundles - 	Entry: C:\Users\Ruben\.p2\pool\plugins\org.eclipse.m2e.maven.runtime_3.9.600.20231203-1234\jars\wagon-file-3.5.3.jar
2025-04-15 06:42:23,767 [Worker-0: Launching Executing clean in E__microservicio_moto-service] INFO  o.eclipse.m2e.core.internal.Bundles - 	Entry: C:\Users\Ruben\.p2\pool\plugins\org.eclipse.m2e.maven.runtime_3.9.600.20231203-1234\jars\wagon-http-3.5.3.jar
2025-04-15 06:42:23,768 [Worker-0: Launching Executing clean in E__microservicio_moto-service] INFO  o.eclipse.m2e.core.internal.Bundles - 	Entry: C:\Users\Ruben\.p2\pool\plugins\org.eclipse.m2e.maven.runtime_3.9.600.20231203-1234\jars\wagon-http-shared-3.5.3.jar
2025-04-15 06:42:23,768 [Worker-0: Launching Executing clean in E__microservicio_moto-service] INFO  o.eclipse.m2e.core.internal.Bundles - 	Entry: C:\Users\Ruben\.p2\pool\plugins\org.eclipse.m2e.maven.runtime_3.9.600.20231203-1234\jars\wagon-provider-api-3.5.3.jar
2025-04-15 06:42:23,768 [Worker-0: Launching Executing clean in E__microservicio_moto-service] INFO  o.eclipse.m2e.core.internal.Bundles - getClasspathEntries(Bundle=com.google.guava_33.0.0.jre [10])
2025-04-15 06:42:23,769 [Worker-0: Launching Executing clean in E__microservicio_moto-service] INFO  o.eclipse.m2e.core.internal.Bundles - 	Entry: C:\Users\Ruben\.p2\pool\plugins\com.google.guava_33.0.0.jre.jar
2025-04-15 06:42:23,769 [Worker-0: Launching Executing clean in E__microservicio_moto-service] INFO  o.eclipse.m2e.core.internal.Bundles - getClasspathEntries(Bundle=slf4j.api_2.0.13 [518])
2025-04-15 06:42:23,769 [Worker-0: Launching Executing clean in E__microservicio_moto-service] INFO  o.eclipse.m2e.core.internal.Bundles - 	Entry: C:\Users\Ruben\.p2\pool\plugins\slf4j.api_2.0.13.jar
2025-04-15 06:42:23,769 [Worker-0: Launching Executing clean in E__microservicio_moto-service] INFO  o.eclipse.m2e.core.internal.Bundles - getClasspathEntries(Bundle=jakarta.inject.jakarta.inject-api_1.0.5 [22])
2025-04-15 06:42:23,770 [Worker-0: Launching Executing clean in E__microservicio_moto-service] INFO  o.eclipse.m2e.core.internal.Bundles - 	Entry: C:\Users\Ruben\.p2\pool\plugins\jakarta.inject.jakarta.inject-api_1.0.5.jar
2025-04-15 06:42:23,770 [Worker-0: Launching Executing clean in E__microservicio_moto-service] INFO  o.eclipse.m2e.core.internal.Bundles - getClasspathEntries(Bundle=jakarta.annotation-api_1.3.5 [20])
2025-04-15 06:42:23,770 [Worker-0: Launching Executing clean in E__microservicio_moto-service] INFO  o.eclipse.m2e.core.internal.Bundles - 	Entry: C:\Users\Ruben\.p2\pool\plugins\jakarta.annotation-api_1.3.5.jar
2025-04-15 06:42:23,770 [Worker-0: Launching Executing clean in E__microservicio_moto-service] INFO  o.eclipse.m2e.core.internal.Bundles - getClasspathEntries(Bundle=org.apache.commons.cli_1.6.0 [46])
2025-04-15 06:42:23,771 [Worker-0: Launching Executing clean in E__microservicio_moto-service] INFO  o.eclipse.m2e.core.internal.Bundles - 	Entry: C:\Users\Ruben\.p2\pool\plugins\org.apache.commons.cli_1.6.0.jar
2025-04-15 06:42:23,771 [Worker-0: Launching Executing clean in E__microservicio_moto-service] INFO  o.eclipse.m2e.core.internal.Bundles - getClasspathEntries(Bundle=org.apache.commons.commons-codec_1.16.0 [47])
2025-04-15 06:42:23,771 [Worker-0: Launching Executing clean in E__microservicio_moto-service] INFO  o.eclipse.m2e.core.internal.Bundles - 	Entry: C:\Users\Ruben\.p2\pool\plugins\org.apache.commons.commons-codec_1.16.0.jar
2025-04-15 06:42:23,771 [Worker-0: Launching Executing clean in E__microservicio_moto-service] INFO  o.eclipse.m2e.core.internal.Bundles - getClasspathEntries(Bundle=org.apache.commons.lang3_3.14.0 [53])
2025-04-15 06:42:23,771 [Worker-0: Launching Executing clean in E__microservicio_moto-service] INFO  o.eclipse.m2e.core.internal.Bundles - 	Entry: C:\Users\Ruben\.p2\pool\plugins\org.apache.commons.lang3_3.14.0.jar
2025-04-15 06:42:23,771 [Worker-0: Launching Executing clean in E__microservicio_moto-service] INFO  o.eclipse.m2e.core.internal.Bundles - getClasspathEntries(Bundle=com.google.guava.failureaccess_1.0.2 [11])
2025-04-15 06:42:23,772 [Worker-0: Launching Executing clean in E__microservicio_moto-service] INFO  o.eclipse.m2e.core.internal.Bundles - 	Entry: C:\Users\Ruben\.p2\pool\plugins\com.google.guava.failureaccess_1.0.2.jar
2025-04-15 06:42:23,773 [Worker-0: Launching Executing clean in E__microservicio_moto-service] INFO  o.e.m.i.launch.MavenLaunchDelegate - Run build in "E:\microservicio\moto-service":
2025-04-15 06:42:23,773 [Worker-0: Launching Executing clean in E__microservicio_moto-service] INFO  o.e.m.i.launch.MavenLaunchDelegate -  mvn  -Ppom.xml -B -Dstyle.color=always clean
2025-04-15 06:42:28,901 [Worker-19: Building] INFO  o.a.m.s.f.DefaultMavenResourcesFiltering - Copying 0 resource from src\main\resources to target\classes
2025-04-15 06:42:28,902 [Worker-19: Building] INFO  o.a.m.s.f.DefaultMavenResourcesFiltering - Copying 1 resource from src\main\resources to target\classes
2025-04-15 06:42:28,908 [Worker-19: Building] INFO  o.a.m.s.f.DefaultMavenResourcesFiltering - skip non existing resourceDirectory E:\microservicio\moto-service\src\test\resources
2025-04-15 06:42:32,263 [main] INFO  o.e.m2e.actions.ExecutePomAction - Creating new launch configuration
2025-04-15 06:42:38,007 [Worker-19: Launching moto-service] INFO  o.eclipse.m2e.core.internal.Bundles - getClasspathEntries(Bundle=org.eclipse.m2e.maven.runtime_3.9.600.20231203-1234 [297])
2025-04-15 06:42:38,008 [Worker-19: Launching moto-service] INFO  o.eclipse.m2e.core.internal.Bundles - 	Entry: C:\Users\Ruben\.p2\pool\plugins\org.eclipse.m2e.maven.runtime_3.9.600.20231203-1234
2025-04-15 06:42:38,008 [Worker-19: Launching moto-service] INFO  o.eclipse.m2e.core.internal.Bundles - 	Entry: C:\Users\Ruben\.p2\pool\plugins\org.eclipse.m2e.maven.runtime_3.9.600.20231203-1234\jars\aopalliance-1.0.jar
2025-04-15 06:42:38,009 [Worker-19: Launching moto-service] INFO  o.eclipse.m2e.core.internal.Bundles - 	Entry: C:\Users\Ruben\.p2\pool\plugins\org.eclipse.m2e.maven.runtime_3.9.600.20231203-1234\jars\guice-5.1.0.jar
2025-04-15 06:42:38,009 [Worker-19: Launching moto-service] INFO  o.eclipse.m2e.core.internal.Bundles - 	Entry: C:\Users\Ruben\.p2\pool\plugins\org.eclipse.m2e.maven.runtime_3.9.600.20231203-1234\jars\httpclient-4.5.14.jar
2025-04-15 06:42:38,009 [Worker-19: Launching moto-service] INFO  o.eclipse.m2e.core.internal.Bundles - 	Entry: C:\Users\Ruben\.p2\pool\plugins\org.eclipse.m2e.maven.runtime_3.9.600.20231203-1234\jars\httpcore-4.4.16.jar
2025-04-15 06:42:38,009 [Worker-19: Launching moto-service] INFO  o.eclipse.m2e.core.internal.Bundles - 	Entry: C:\Users\Ruben\.p2\pool\plugins\org.eclipse.m2e.maven.runtime_3.9.600.20231203-1234\jars\jansi-2.4.0.jar
2025-04-15 06:42:38,009 [Worker-19: Launching moto-service] INFO  o.eclipse.m2e.core.internal.Bundles - 	Entry: C:\Users\Ruben\.p2\pool\plugins\org.eclipse.m2e.maven.runtime_3.9.600.20231203-1234\jars\jcl-over-slf4j-1.7.36.jar
2025-04-15 06:42:38,010 [Worker-19: Launching moto-service] INFO  o.eclipse.m2e.core.internal.Bundles - 	Entry: C:\Users\Ruben\.p2\pool\plugins\org.eclipse.m2e.maven.runtime_3.9.600.20231203-1234\jars\maven-artifact-3.9.6.jar
2025-04-15 06:42:38,010 [Worker-19: Launching moto-service] INFO  o.eclipse.m2e.core.internal.Bundles - 	Entry: C:\Users\Ruben\.p2\pool\plugins\org.eclipse.m2e.maven.runtime_3.9.600.20231203-1234\jars\maven-builder-support-3.9.6.jar
2025-04-15 06:42:38,011 [Worker-19: Launching moto-service] INFO  o.eclipse.m2e.core.internal.Bundles - 	Entry: C:\Users\Ruben\.p2\pool\plugins\org.eclipse.m2e.maven.runtime_3.9.600.20231203-1234\jars\maven-compat-3.9.6.jar
2025-04-15 06:42:38,011 [Worker-19: Launching moto-service] INFO  o.eclipse.m2e.core.internal.Bundles - 	Entry: C:\Users\Ruben\.p2\pool\plugins\org.eclipse.m2e.maven.runtime_3.9.600.20231203-1234\jars\maven-core-3.9.6.jar
2025-04-15 06:42:38,011 [Worker-19: Launching moto-service] INFO  o.eclipse.m2e.core.internal.Bundles - 	Entry: C:\Users\Ruben\.p2\pool\plugins\org.eclipse.m2e.maven.runtime_3.9.600.20231203-1234\jars\maven-embedder-3.9.6.jar
2025-04-15 06:42:38,012 [Worker-19: Launching moto-service] INFO  o.eclipse.m2e.core.internal.Bundles - 	Entry: C:\Users\Ruben\.p2\pool\plugins\org.eclipse.m2e.maven.runtime_3.9.600.20231203-1234\jars\maven-model-3.9.6.jar
2025-04-15 06:42:38,012 [Worker-19: Launching moto-service] INFO  o.eclipse.m2e.core.internal.Bundles - 	Entry: C:\Users\Ruben\.p2\pool\plugins\org.eclipse.m2e.maven.runtime_3.9.600.20231203-1234\jars\maven-model-builder-3.9.6.jar
2025-04-15 06:42:38,013 [Worker-19: Launching moto-service] INFO  o.eclipse.m2e.core.internal.Bundles - 	Entry: C:\Users\Ruben\.p2\pool\plugins\org.eclipse.m2e.maven.runtime_3.9.600.20231203-1234\jars\maven-plugin-api-3.9.6.jar
2025-04-15 06:42:38,013 [Worker-19: Launching moto-service] INFO  o.eclipse.m2e.core.internal.Bundles - 	Entry: C:\Users\Ruben\.p2\pool\plugins\org.eclipse.m2e.maven.runtime_3.9.600.20231203-1234\jars\maven-repository-metadata-3.9.6.jar
2025-04-15 06:42:38,014 [Worker-19: Launching moto-service] INFO  o.eclipse.m2e.core.internal.Bundles - 	Entry: C:\Users\Ruben\.p2\pool\plugins\org.eclipse.m2e.maven.runtime_3.9.600.20231203-1234\jars\maven-resolver-api-1.9.18.jar
2025-04-15 06:42:38,014 [Worker-19: Launching moto-service] INFO  o.eclipse.m2e.core.internal.Bundles - 	Entry: C:\Users\Ruben\.p2\pool\plugins\org.eclipse.m2e.maven.runtime_3.9.600.20231203-1234\jars\maven-resolver-connector-basic-1.9.18.jar
2025-04-15 06:42:38,015 [Worker-19: Launching moto-service] INFO  o.eclipse.m2e.core.internal.Bundles - 	Entry: C:\Users\Ruben\.p2\pool\plugins\org.eclipse.m2e.maven.runtime_3.9.600.20231203-1234\jars\maven-resolver-impl-1.9.18.jar
2025-04-15 06:42:38,015 [Worker-19: Launching moto-service] INFO  o.eclipse.m2e.core.internal.Bundles - 	Entry: C:\Users\Ruben\.p2\pool\plugins\org.eclipse.m2e.maven.runtime_3.9.600.20231203-1234\jars\maven-resolver-named-locks-1.9.18.jar
2025-04-15 06:42:38,016 [Worker-19: Launching moto-service] INFO  o.eclipse.m2e.core.internal.Bundles - 	Entry: C:\Users\Ruben\.p2\pool\plugins\org.eclipse.m2e.maven.runtime_3.9.600.20231203-1234\jars\maven-resolver-provider-3.9.6.jar
2025-04-15 06:42:38,016 [Worker-19: Launching moto-service] INFO  o.eclipse.m2e.core.internal.Bundles - 	Entry: C:\Users\Ruben\.p2\pool\plugins\org.eclipse.m2e.maven.runtime_3.9.600.20231203-1234\jars\maven-resolver-spi-1.9.18.jar
2025-04-15 06:42:38,016 [Worker-19: Launching moto-service] INFO  o.eclipse.m2e.core.internal.Bundles - 	Entry: C:\Users\Ruben\.p2\pool\plugins\org.eclipse.m2e.maven.runtime_3.9.600.20231203-1234\jars\maven-resolver-transport-file-1.9.18.jar
2025-04-15 06:42:38,017 [Worker-19: Launching moto-service] INFO  o.eclipse.m2e.core.internal.Bundles - 	Entry: C:\Users\Ruben\.p2\pool\plugins\org.eclipse.m2e.maven.runtime_3.9.600.20231203-1234\jars\maven-resolver-transport-http-1.9.18.jar
2025-04-15 06:42:38,017 [Worker-19: Launching moto-service] INFO  o.eclipse.m2e.core.internal.Bundles - 	Entry: C:\Users\Ruben\.p2\pool\plugins\org.eclipse.m2e.maven.runtime_3.9.600.20231203-1234\jars\maven-resolver-transport-wagon-1.9.18.jar
2025-04-15 06:42:38,017 [Worker-19: Launching moto-service] INFO  o.eclipse.m2e.core.internal.Bundles - 	Entry: C:\Users\Ruben\.p2\pool\plugins\org.eclipse.m2e.maven.runtime_3.9.600.20231203-1234\jars\maven-resolver-util-1.9.18.jar
2025-04-15 06:42:38,017 [Worker-19: Launching moto-service] INFO  o.eclipse.m2e.core.internal.Bundles - 	Entry: C:\Users\Ruben\.p2\pool\plugins\org.eclipse.m2e.maven.runtime_3.9.600.20231203-1234\jars\maven-settings-3.9.6.jar
2025-04-15 06:42:38,018 [Worker-19: Launching moto-service] INFO  o.eclipse.m2e.core.internal.Bundles - 	Entry: C:\Users\Ruben\.p2\pool\plugins\org.eclipse.m2e.maven.runtime_3.9.600.20231203-1234\jars\maven-settings-builder-3.9.6.jar
2025-04-15 06:42:38,018 [Worker-19: Launching moto-service] INFO  o.eclipse.m2e.core.internal.Bundles - 	Entry: C:\Users\Ruben\.p2\pool\plugins\org.eclipse.m2e.maven.runtime_3.9.600.20231203-1234\jars\maven-shared-utils-3.3.4.jar
2025-04-15 06:42:38,018 [Worker-19: Launching moto-service] INFO  o.eclipse.m2e.core.internal.Bundles - 	Entry: C:\Users\Ruben\.p2\pool\plugins\org.eclipse.m2e.maven.runtime_3.9.600.20231203-1234\jars\org.eclipse.sisu.inject-0.9.0.M2.jar
2025-04-15 06:42:38,019 [Worker-19: Launching moto-service] INFO  o.eclipse.m2e.core.internal.Bundles - 	Entry: C:\Users\Ruben\.p2\pool\plugins\org.eclipse.m2e.maven.runtime_3.9.600.20231203-1234\jars\org.eclipse.sisu.plexus-0.9.0.M2.jar
2025-04-15 06:42:38,019 [Worker-19: Launching moto-service] INFO  o.eclipse.m2e.core.internal.Bundles - 	Entry: C:\Users\Ruben\.p2\pool\plugins\org.eclipse.m2e.maven.runtime_3.9.600.20231203-1234\jars\plexus-build-api-0.0.7.jar
2025-04-15 06:42:38,019 [Worker-19: Launching moto-service] INFO  o.eclipse.m2e.core.internal.Bundles - 	Entry: C:\Users\Ruben\.p2\pool\plugins\org.eclipse.m2e.maven.runtime_3.9.600.20231203-1234\jars\plexus-cipher-2.0.jar
2025-04-15 06:42:38,020 [Worker-19: Launching moto-service] INFO  o.eclipse.m2e.core.internal.Bundles - 	Entry: C:\Users\Ruben\.p2\pool\plugins\org.eclipse.m2e.maven.runtime_3.9.600.20231203-1234\jars\plexus-classworlds-2.7.0.jar
2025-04-15 06:42:38,020 [Worker-19: Launching moto-service] INFO  o.eclipse.m2e.core.internal.Bundles - 	Entry: C:\Users\Ruben\.p2\pool\plugins\org.eclipse.m2e.maven.runtime_3.9.600.20231203-1234\jars\plexus-component-annotations-2.1.0.jar
2025-04-15 06:42:38,020 [Worker-19: Launching moto-service] INFO  o.eclipse.m2e.core.internal.Bundles - 	Entry: C:\Users\Ruben\.p2\pool\plugins\org.eclipse.m2e.maven.runtime_3.9.600.20231203-1234\jars\plexus-interpolation-1.26.jar
2025-04-15 06:42:38,021 [Worker-19: Launching moto-service] INFO  o.eclipse.m2e.core.internal.Bundles - 	Entry: C:\Users\Ruben\.p2\pool\plugins\org.eclipse.m2e.maven.runtime_3.9.600.20231203-1234\jars\plexus-sec-dispatcher-2.0.jar
2025-04-15 06:42:38,021 [Worker-19: Launching moto-service] INFO  o.eclipse.m2e.core.internal.Bundles - 	Entry: C:\Users\Ruben\.p2\pool\plugins\org.eclipse.m2e.maven.runtime_3.9.600.20231203-1234\jars\plexus-utils-3.5.1.jar
2025-04-15 06:42:38,021 [Worker-19: Launching moto-service] INFO  o.eclipse.m2e.core.internal.Bundles - 	Entry: C:\Users\Ruben\.p2\pool\plugins\org.eclipse.m2e.maven.runtime_3.9.600.20231203-1234\jars\wagon-file-3.5.3.jar
2025-04-15 06:42:38,022 [Worker-19: Launching moto-service] INFO  o.eclipse.m2e.core.internal.Bundles - 	Entry: C:\Users\Ruben\.p2\pool\plugins\org.eclipse.m2e.maven.runtime_3.9.600.20231203-1234\jars\wagon-http-3.5.3.jar
2025-04-15 06:42:38,022 [Worker-19: Launching moto-service] INFO  o.eclipse.m2e.core.internal.Bundles - 	Entry: C:\Users\Ruben\.p2\pool\plugins\org.eclipse.m2e.maven.runtime_3.9.600.20231203-1234\jars\wagon-http-shared-3.5.3.jar
2025-04-15 06:42:38,022 [Worker-19: Launching moto-service] INFO  o.eclipse.m2e.core.internal.Bundles - 	Entry: C:\Users\Ruben\.p2\pool\plugins\org.eclipse.m2e.maven.runtime_3.9.600.20231203-1234\jars\wagon-provider-api-3.5.3.jar
2025-04-15 06:42:38,023 [Worker-19: Launching moto-service] INFO  o.eclipse.m2e.core.internal.Bundles - getClasspathEntries(Bundle=com.google.guava_33.0.0.jre [10])
2025-04-15 06:42:38,023 [Worker-19: Launching moto-service] INFO  o.eclipse.m2e.core.internal.Bundles - 	Entry: C:\Users\Ruben\.p2\pool\plugins\com.google.guava_33.0.0.jre.jar
2025-04-15 06:42:38,023 [Worker-19: Launching moto-service] INFO  o.eclipse.m2e.core.internal.Bundles - getClasspathEntries(Bundle=slf4j.api_2.0.13 [518])
2025-04-15 06:42:38,024 [Worker-19: Launching moto-service] INFO  o.eclipse.m2e.core.internal.Bundles - 	Entry: C:\Users\Ruben\.p2\pool\plugins\slf4j.api_2.0.13.jar
2025-04-15 06:42:38,024 [Worker-19: Launching moto-service] INFO  o.eclipse.m2e.core.internal.Bundles - getClasspathEntries(Bundle=jakarta.inject.jakarta.inject-api_1.0.5 [22])
2025-04-15 06:42:38,024 [Worker-19: Launching moto-service] INFO  o.eclipse.m2e.core.internal.Bundles - 	Entry: C:\Users\Ruben\.p2\pool\plugins\jakarta.inject.jakarta.inject-api_1.0.5.jar
2025-04-15 06:42:38,024 [Worker-19: Launching moto-service] INFO  o.eclipse.m2e.core.internal.Bundles - getClasspathEntries(Bundle=jakarta.annotation-api_1.3.5 [20])
2025-04-15 06:42:38,025 [Worker-19: Launching moto-service] INFO  o.eclipse.m2e.core.internal.Bundles - 	Entry: C:\Users\Ruben\.p2\pool\plugins\jakarta.annotation-api_1.3.5.jar
2025-04-15 06:42:38,025 [Worker-19: Launching moto-service] INFO  o.eclipse.m2e.core.internal.Bundles - getClasspathEntries(Bundle=org.apache.commons.cli_1.6.0 [46])
2025-04-15 06:42:38,026 [Worker-19: Launching moto-service] INFO  o.eclipse.m2e.core.internal.Bundles - 	Entry: C:\Users\Ruben\.p2\pool\plugins\org.apache.commons.cli_1.6.0.jar
2025-04-15 06:42:38,026 [Worker-19: Launching moto-service] INFO  o.eclipse.m2e.core.internal.Bundles - getClasspathEntries(Bundle=org.apache.commons.commons-codec_1.16.0 [47])
2025-04-15 06:42:38,026 [Worker-19: Launching moto-service] INFO  o.eclipse.m2e.core.internal.Bundles - 	Entry: C:\Users\Ruben\.p2\pool\plugins\org.apache.commons.commons-codec_1.16.0.jar
2025-04-15 06:42:38,026 [Worker-19: Launching moto-service] INFO  o.eclipse.m2e.core.internal.Bundles - getClasspathEntries(Bundle=org.apache.commons.lang3_3.14.0 [53])
2025-04-15 06:42:38,027 [Worker-19: Launching moto-service] INFO  o.eclipse.m2e.core.internal.Bundles - 	Entry: C:\Users\Ruben\.p2\pool\plugins\org.apache.commons.lang3_3.14.0.jar
2025-04-15 06:42:38,028 [Worker-19: Launching moto-service] INFO  o.eclipse.m2e.core.internal.Bundles - getClasspathEntries(Bundle=com.google.guava.failureaccess_1.0.2 [11])
2025-04-15 06:42:38,029 [Worker-19: Launching moto-service] INFO  o.eclipse.m2e.core.internal.Bundles - 	Entry: C:\Users\Ruben\.p2\pool\plugins\com.google.guava.failureaccess_1.0.2.jar
2025-04-15 06:42:38,032 [Worker-19: Launching moto-service] INFO  o.e.m.i.launch.MavenLaunchDelegate - Run build in "E:\microservicio\moto-service":
2025-04-15 06:42:38,033 [Worker-19: Launching moto-service] INFO  o.e.m.i.launch.MavenLaunchDelegate -  mvn  -Ppom.xml -B -Dstyle.color=always compile
2025-04-15 06:42:55,702 [Worker-16: Launching Executing install in E__microservicio_moto-service] INFO  o.eclipse.m2e.core.internal.Bundles - getClasspathEntries(Bundle=org.eclipse.m2e.maven.runtime_3.9.600.20231203-1234 [297])
2025-04-15 06:42:55,703 [Worker-16: Launching Executing install in E__microservicio_moto-service] INFO  o.eclipse.m2e.core.internal.Bundles - 	Entry: C:\Users\Ruben\.p2\pool\plugins\org.eclipse.m2e.maven.runtime_3.9.600.20231203-1234
2025-04-15 06:42:55,704 [Worker-16: Launching Executing install in E__microservicio_moto-service] INFO  o.eclipse.m2e.core.internal.Bundles - 	Entry: C:\Users\Ruben\.p2\pool\plugins\org.eclipse.m2e.maven.runtime_3.9.600.20231203-1234\jars\aopalliance-1.0.jar
2025-04-15 06:42:55,704 [Worker-16: Launching Executing install in E__microservicio_moto-service] INFO  o.eclipse.m2e.core.internal.Bundles - 	Entry: C:\Users\Ruben\.p2\pool\plugins\org.eclipse.m2e.maven.runtime_3.9.600.20231203-1234\jars\guice-5.1.0.jar
2025-04-15 06:42:55,704 [Worker-16: Launching Executing install in E__microservicio_moto-service] INFO  o.eclipse.m2e.core.internal.Bundles - 	Entry: C:\Users\Ruben\.p2\pool\plugins\org.eclipse.m2e.maven.runtime_3.9.600.20231203-1234\jars\httpclient-4.5.14.jar
2025-04-15 06:42:55,704 [Worker-16: Launching Executing install in E__microservicio_moto-service] INFO  o.eclipse.m2e.core.internal.Bundles - 	Entry: C:\Users\Ruben\.p2\pool\plugins\org.eclipse.m2e.maven.runtime_3.9.600.20231203-1234\jars\httpcore-4.4.16.jar
2025-04-15 06:42:55,704 [Worker-16: Launching Executing install in E__microservicio_moto-service] INFO  o.eclipse.m2e.core.internal.Bundles - 	Entry: C:\Users\Ruben\.p2\pool\plugins\org.eclipse.m2e.maven.runtime_3.9.600.20231203-1234\jars\jansi-2.4.0.jar
2025-04-15 06:42:55,704 [Worker-16: Launching Executing install in E__microservicio_moto-service] INFO  o.eclipse.m2e.core.internal.Bundles - 	Entry: C:\Users\Ruben\.p2\pool\plugins\org.eclipse.m2e.maven.runtime_3.9.600.20231203-1234\jars\jcl-over-slf4j-1.7.36.jar
2025-04-15 06:42:55,705 [Worker-16: Launching Executing install in E__microservicio_moto-service] INFO  o.eclipse.m2e.core.internal.Bundles - 	Entry: C:\Users\Ruben\.p2\pool\plugins\org.eclipse.m2e.maven.runtime_3.9.600.20231203-1234\jars\maven-artifact-3.9.6.jar
2025-04-15 06:42:55,705 [Worker-16: Launching Executing install in E__microservicio_moto-service] INFO  o.eclipse.m2e.core.internal.Bundles - 	Entry: C:\Users\Ruben\.p2\pool\plugins\org.eclipse.m2e.maven.runtime_3.9.600.20231203-1234\jars\maven-builder-support-3.9.6.jar
2025-04-15 06:42:55,705 [Worker-16: Launching Executing install in E__microservicio_moto-service] INFO  o.eclipse.m2e.core.internal.Bundles - 	Entry: C:\Users\Ruben\.p2\pool\plugins\org.eclipse.m2e.maven.runtime_3.9.600.20231203-1234\jars\maven-compat-3.9.6.jar
2025-04-15 06:42:55,705 [Worker-16: Launching Executing install in E__microservicio_moto-service] INFO  o.eclipse.m2e.core.internal.Bundles - 	Entry: C:\Users\Ruben\.p2\pool\plugins\org.eclipse.m2e.maven.runtime_3.9.600.20231203-1234\jars\maven-core-3.9.6.jar
2025-04-15 06:42:55,705 [Worker-16: Launching Executing install in E__microservicio_moto-service] INFO  o.eclipse.m2e.core.internal.Bundles - 	Entry: C:\Users\Ruben\.p2\pool\plugins\org.eclipse.m2e.maven.runtime_3.9.600.20231203-1234\jars\maven-embedder-3.9.6.jar
2025-04-15 06:42:55,706 [Worker-16: Launching Executing install in E__microservicio_moto-service] INFO  o.eclipse.m2e.core.internal.Bundles - 	Entry: C:\Users\Ruben\.p2\pool\plugins\org.eclipse.m2e.maven.runtime_3.9.600.20231203-1234\jars\maven-model-3.9.6.jar
2025-04-15 06:42:55,706 [Worker-16: Launching Executing install in E__microservicio_moto-service] INFO  o.eclipse.m2e.core.internal.Bundles - 	Entry: C:\Users\Ruben\.p2\pool\plugins\org.eclipse.m2e.maven.runtime_3.9.600.20231203-1234\jars\maven-model-builder-3.9.6.jar
2025-04-15 06:42:55,706 [Worker-16: Launching Executing install in E__microservicio_moto-service] INFO  o.eclipse.m2e.core.internal.Bundles - 	Entry: C:\Users\Ruben\.p2\pool\plugins\org.eclipse.m2e.maven.runtime_3.9.600.20231203-1234\jars\maven-plugin-api-3.9.6.jar
2025-04-15 06:42:55,706 [Worker-16: Launching Executing install in E__microservicio_moto-service] INFO  o.eclipse.m2e.core.internal.Bundles - 	Entry: C:\Users\Ruben\.p2\pool\plugins\org.eclipse.m2e.maven.runtime_3.9.600.20231203-1234\jars\maven-repository-metadata-3.9.6.jar
2025-04-15 06:42:55,706 [Worker-16: Launching Executing install in E__microservicio_moto-service] INFO  o.eclipse.m2e.core.internal.Bundles - 	Entry: C:\Users\Ruben\.p2\pool\plugins\org.eclipse.m2e.maven.runtime_3.9.600.20231203-1234\jars\maven-resolver-api-1.9.18.jar
2025-04-15 06:42:55,706 [Worker-16: Launching Executing install in E__microservicio_moto-service] INFO  o.eclipse.m2e.core.internal.Bundles - 	Entry: C:\Users\Ruben\.p2\pool\plugins\org.eclipse.m2e.maven.runtime_3.9.600.20231203-1234\jars\maven-resolver-connector-basic-1.9.18.jar
2025-04-15 06:42:55,707 [Worker-16: Launching Executing install in E__microservicio_moto-service] INFO  o.eclipse.m2e.core.internal.Bundles - 	Entry: C:\Users\Ruben\.p2\pool\plugins\org.eclipse.m2e.maven.runtime_3.9.600.20231203-1234\jars\maven-resolver-impl-1.9.18.jar
2025-04-15 06:42:55,707 [Worker-16: Launching Executing install in E__microservicio_moto-service] INFO  o.eclipse.m2e.core.internal.Bundles - 	Entry: C:\Users\Ruben\.p2\pool\plugins\org.eclipse.m2e.maven.runtime_3.9.600.20231203-1234\jars\maven-resolver-named-locks-1.9.18.jar
2025-04-15 06:42:55,707 [Worker-16: Launching Executing install in E__microservicio_moto-service] INFO  o.eclipse.m2e.core.internal.Bundles - 	Entry: C:\Users\Ruben\.p2\pool\plugins\org.eclipse.m2e.maven.runtime_3.9.600.20231203-1234\jars\maven-resolver-provider-3.9.6.jar
2025-04-15 06:42:55,707 [Worker-16: Launching Executing install in E__microservicio_moto-service] INFO  o.eclipse.m2e.core.internal.Bundles - 	Entry: C:\Users\Ruben\.p2\pool\plugins\org.eclipse.m2e.maven.runtime_3.9.600.20231203-1234\jars\maven-resolver-spi-1.9.18.jar
2025-04-15 06:42:55,707 [Worker-16: Launching Executing install in E__microservicio_moto-service] INFO  o.eclipse.m2e.core.internal.Bundles - 	Entry: C:\Users\Ruben\.p2\pool\plugins\org.eclipse.m2e.maven.runtime_3.9.600.20231203-1234\jars\maven-resolver-transport-file-1.9.18.jar
2025-04-15 06:42:55,707 [Worker-16: Launching Executing install in E__microservicio_moto-service] INFO  o.eclipse.m2e.core.internal.Bundles - 	Entry: C:\Users\Ruben\.p2\pool\plugins\org.eclipse.m2e.maven.runtime_3.9.600.20231203-1234\jars\maven-resolver-transport-http-1.9.18.jar
2025-04-15 06:42:55,708 [Worker-16: Launching Executing install in E__microservicio_moto-service] INFO  o.eclipse.m2e.core.internal.Bundles - 	Entry: C:\Users\Ruben\.p2\pool\plugins\org.eclipse.m2e.maven.runtime_3.9.600.20231203-1234\jars\maven-resolver-transport-wagon-1.9.18.jar
2025-04-15 06:42:55,708 [Worker-16: Launching Executing install in E__microservicio_moto-service] INFO  o.eclipse.m2e.core.internal.Bundles - 	Entry: C:\Users\Ruben\.p2\pool\plugins\org.eclipse.m2e.maven.runtime_3.9.600.20231203-1234\jars\maven-resolver-util-1.9.18.jar
2025-04-15 06:42:55,708 [Worker-16: Launching Executing install in E__microservicio_moto-service] INFO  o.eclipse.m2e.core.internal.Bundles - 	Entry: C:\Users\Ruben\.p2\pool\plugins\org.eclipse.m2e.maven.runtime_3.9.600.20231203-1234\jars\maven-settings-3.9.6.jar
2025-04-15 06:42:55,708 [Worker-16: Launching Executing install in E__microservicio_moto-service] INFO  o.eclipse.m2e.core.internal.Bundles - 	Entry: C:\Users\Ruben\.p2\pool\plugins\org.eclipse.m2e.maven.runtime_3.9.600.20231203-1234\jars\maven-settings-builder-3.9.6.jar
2025-04-15 06:42:55,708 [Worker-16: Launching Executing install in E__microservicio_moto-service] INFO  o.eclipse.m2e.core.internal.Bundles - 	Entry: C:\Users\Ruben\.p2\pool\plugins\org.eclipse.m2e.maven.runtime_3.9.600.20231203-1234\jars\maven-shared-utils-3.3.4.jar
2025-04-15 06:42:55,709 [Worker-16: Launching Executing install in E__microservicio_moto-service] INFO  o.eclipse.m2e.core.internal.Bundles - 	Entry: C:\Users\Ruben\.p2\pool\plugins\org.eclipse.m2e.maven.runtime_3.9.600.20231203-1234\jars\org.eclipse.sisu.inject-0.9.0.M2.jar
2025-04-15 06:42:55,709 [Worker-16: Launching Executing install in E__microservicio_moto-service] INFO  o.eclipse.m2e.core.internal.Bundles - 	Entry: C:\Users\Ruben\.p2\pool\plugins\org.eclipse.m2e.maven.runtime_3.9.600.20231203-1234\jars\org.eclipse.sisu.plexus-0.9.0.M2.jar
2025-04-15 06:42:55,709 [Worker-16: Launching Executing install in E__microservicio_moto-service] INFO  o.eclipse.m2e.core.internal.Bundles - 	Entry: C:\Users\Ruben\.p2\pool\plugins\org.eclipse.m2e.maven.runtime_3.9.600.20231203-1234\jars\plexus-build-api-0.0.7.jar
2025-04-15 06:42:55,709 [Worker-16: Launching Executing install in E__microservicio_moto-service] INFO  o.eclipse.m2e.core.internal.Bundles - 	Entry: C:\Users\Ruben\.p2\pool\plugins\org.eclipse.m2e.maven.runtime_3.9.600.20231203-1234\jars\plexus-cipher-2.0.jar
2025-04-15 06:42:55,709 [Worker-16: Launching Executing install in E__microservicio_moto-service] INFO  o.eclipse.m2e.core.internal.Bundles - 	Entry: C:\Users\Ruben\.p2\pool\plugins\org.eclipse.m2e.maven.runtime_3.9.600.20231203-1234\jars\plexus-classworlds-2.7.0.jar
2025-04-15 06:42:55,709 [Worker-16: Launching Executing install in E__microservicio_moto-service] INFO  o.eclipse.m2e.core.internal.Bundles - 	Entry: C:\Users\Ruben\.p2\pool\plugins\org.eclipse.m2e.maven.runtime_3.9.600.20231203-1234\jars\plexus-component-annotations-2.1.0.jar
2025-04-15 06:42:55,710 [Worker-16: Launching Executing install in E__microservicio_moto-service] INFO  o.eclipse.m2e.core.internal.Bundles - 	Entry: C:\Users\Ruben\.p2\pool\plugins\org.eclipse.m2e.maven.runtime_3.9.600.20231203-1234\jars\plexus-interpolation-1.26.jar
2025-04-15 06:42:55,710 [Worker-16: Launching Executing install in E__microservicio_moto-service] INFO  o.eclipse.m2e.core.internal.Bundles - 	Entry: C:\Users\Ruben\.p2\pool\plugins\org.eclipse.m2e.maven.runtime_3.9.600.20231203-1234\jars\plexus-sec-dispatcher-2.0.jar
2025-04-15 06:42:55,710 [Worker-16: Launching Executing install in E__microservicio_moto-service] INFO  o.eclipse.m2e.core.internal.Bundles - 	Entry: C:\Users\Ruben\.p2\pool\plugins\org.eclipse.m2e.maven.runtime_3.9.600.20231203-1234\jars\plexus-utils-3.5.1.jar
2025-04-15 06:42:55,710 [Worker-16: Launching Executing install in E__microservicio_moto-service] INFO  o.eclipse.m2e.core.internal.Bundles - 	Entry: C:\Users\Ruben\.p2\pool\plugins\org.eclipse.m2e.maven.runtime_3.9.600.20231203-1234\jars\wagon-file-3.5.3.jar
2025-04-15 06:42:55,710 [Worker-16: Launching Executing install in E__microservicio_moto-service] INFO  o.eclipse.m2e.core.internal.Bundles - 	Entry: C:\Users\Ruben\.p2\pool\plugins\org.eclipse.m2e.maven.runtime_3.9.600.20231203-1234\jars\wagon-http-3.5.3.jar
2025-04-15 06:42:55,711 [Worker-16: Launching Executing install in E__microservicio_moto-service] INFO  o.eclipse.m2e.core.internal.Bundles - 	Entry: C:\Users\Ruben\.p2\pool\plugins\org.eclipse.m2e.maven.runtime_3.9.600.20231203-1234\jars\wagon-http-shared-3.5.3.jar
2025-04-15 06:42:55,711 [Worker-16: Launching Executing install in E__microservicio_moto-service] INFO  o.eclipse.m2e.core.internal.Bundles - 	Entry: C:\Users\Ruben\.p2\pool\plugins\org.eclipse.m2e.maven.runtime_3.9.600.20231203-1234\jars\wagon-provider-api-3.5.3.jar
2025-04-15 06:42:55,712 [Worker-16: Launching Executing install in E__microservicio_moto-service] INFO  o.eclipse.m2e.core.internal.Bundles - getClasspathEntries(Bundle=com.google.guava_33.0.0.jre [10])
2025-04-15 06:42:55,712 [Worker-16: Launching Executing install in E__microservicio_moto-service] INFO  o.eclipse.m2e.core.internal.Bundles - 	Entry: C:\Users\Ruben\.p2\pool\plugins\com.google.guava_33.0.0.jre.jar
2025-04-15 06:42:55,712 [Worker-16: Launching Executing install in E__microservicio_moto-service] INFO  o.eclipse.m2e.core.internal.Bundles - getClasspathEntries(Bundle=slf4j.api_2.0.13 [518])
2025-04-15 06:42:55,713 [Worker-16: Launching Executing install in E__microservicio_moto-service] INFO  o.eclipse.m2e.core.internal.Bundles - 	Entry: C:\Users\Ruben\.p2\pool\plugins\slf4j.api_2.0.13.jar
2025-04-15 06:42:55,713 [Worker-16: Launching Executing install in E__microservicio_moto-service] INFO  o.eclipse.m2e.core.internal.Bundles - getClasspathEntries(Bundle=jakarta.inject.jakarta.inject-api_1.0.5 [22])
2025-04-15 06:42:55,714 [Worker-16: Launching Executing install in E__microservicio_moto-service] INFO  o.eclipse.m2e.core.internal.Bundles - 	Entry: C:\Users\Ruben\.p2\pool\plugins\jakarta.inject.jakarta.inject-api_1.0.5.jar
2025-04-15 06:42:55,714 [Worker-16: Launching Executing install in E__microservicio_moto-service] INFO  o.eclipse.m2e.core.internal.Bundles - getClasspathEntries(Bundle=jakarta.annotation-api_1.3.5 [20])
2025-04-15 06:42:55,715 [Worker-16: Launching Executing install in E__microservicio_moto-service] INFO  o.eclipse.m2e.core.internal.Bundles - 	Entry: C:\Users\Ruben\.p2\pool\plugins\jakarta.annotation-api_1.3.5.jar
2025-04-15 06:42:55,715 [Worker-16: Launching Executing install in E__microservicio_moto-service] INFO  o.eclipse.m2e.core.internal.Bundles - getClasspathEntries(Bundle=org.apache.commons.cli_1.6.0 [46])
2025-04-15 06:42:55,715 [Worker-16: Launching Executing install in E__microservicio_moto-service] INFO  o.eclipse.m2e.core.internal.Bundles - 	Entry: C:\Users\Ruben\.p2\pool\plugins\org.apache.commons.cli_1.6.0.jar
2025-04-15 06:42:55,715 [Worker-16: Launching Executing install in E__microservicio_moto-service] INFO  o.eclipse.m2e.core.internal.Bundles - getClasspathEntries(Bundle=org.apache.commons.commons-codec_1.16.0 [47])
2025-04-15 06:42:55,716 [Worker-16: Launching Executing install in E__microservicio_moto-service] INFO  o.eclipse.m2e.core.internal.Bundles - 	Entry: C:\Users\Ruben\.p2\pool\plugins\org.apache.commons.commons-codec_1.16.0.jar
2025-04-15 06:42:55,716 [Worker-16: Launching Executing install in E__microservicio_moto-service] INFO  o.eclipse.m2e.core.internal.Bundles - getClasspathEntries(Bundle=org.apache.commons.lang3_3.14.0 [53])
2025-04-15 06:42:55,716 [Worker-16: Launching Executing install in E__microservicio_moto-service] INFO  o.eclipse.m2e.core.internal.Bundles - 	Entry: C:\Users\Ruben\.p2\pool\plugins\org.apache.commons.lang3_3.14.0.jar
2025-04-15 06:42:55,716 [Worker-16: Launching Executing install in E__microservicio_moto-service] INFO  o.eclipse.m2e.core.internal.Bundles - getClasspathEntries(Bundle=com.google.guava.failureaccess_1.0.2 [11])
2025-04-15 06:42:55,717 [Worker-16: Launching Executing install in E__microservicio_moto-service] INFO  o.eclipse.m2e.core.internal.Bundles - 	Entry: C:\Users\Ruben\.p2\pool\plugins\com.google.guava.failureaccess_1.0.2.jar
2025-04-15 06:42:55,718 [Worker-16: Launching Executing install in E__microservicio_moto-service] INFO  o.e.m.i.launch.MavenLaunchDelegate - Run build in "E:\microservicio\moto-service":
2025-04-15 06:42:55,718 [Worker-16: Launching Executing install in E__microservicio_moto-service] INFO  o.e.m.i.launch.MavenLaunchDelegate -  mvn  -Ppom.xml -B -Dstyle.color=always install
2025-04-15 06:43:23,455 [Worker-18: Building] INFO  o.a.m.s.f.DefaultMavenResourcesFiltering - Copying 0 resource from src\main\resources to target\classes
2025-04-15 06:43:23,455 [Worker-18: Building] INFO  o.a.m.s.f.DefaultMavenResourcesFiltering - Copying 1 resource from src\main\resources to target\classes
2025-04-15 06:43:23,462 [Worker-18: Building] INFO  o.a.m.s.f.DefaultMavenResourcesFiltering - skip non existing resourceDirectory E:\microservicio\moto-service\src\test\resources
2025-04-15 06:46:08,325 [Worker-26: Building] INFO  o.a.m.s.f.DefaultMavenResourcesFiltering - Copying 0 resource from src\main\resources to target\classes
2025-04-15 06:46:08,327 [Worker-26: Building] INFO  o.a.m.s.f.DefaultMavenResourcesFiltering - Copying 1 resource from src\main\resources to target\classes
2025-04-15 06:46:08,334 [Worker-26: Building] INFO  o.a.m.s.f.DefaultMavenResourcesFiltering - skip non existing resourceDirectory E:\microservicio\usuario-service\src\test\resources
2025-04-15 06:46:31,799 [Worker-16: Building] INFO  o.a.m.s.f.DefaultMavenResourcesFiltering - Copying 0 resource from src\main\resources to target\classes
2025-04-15 06:46:31,803 [Worker-16: Building] INFO  o.a.m.s.f.DefaultMavenResourcesFiltering - Copying 1 resource from src\main\resources to target\classes
2025-04-15 06:46:31,813 [Worker-16: Building] INFO  o.a.m.s.f.DefaultMavenResourcesFiltering - skip non existing resourceDirectory E:\microservicio\usuario-service\src\test\resources
2025-04-15 06:47:42,240 [Worker-16: Building] INFO  o.a.m.s.f.DefaultMavenResourcesFiltering - Copying 0 resource from src\main\resources to target\classes
2025-04-15 06:47:42,241 [Worker-16: Building] INFO  o.a.m.s.f.DefaultMavenResourcesFiltering - Copying 1 resource from src\main\resources to target\classes
2025-04-15 06:47:42,248 [Worker-16: Building] INFO  o.a.m.s.f.DefaultMavenResourcesFiltering - skip non existing resourceDirectory E:\microservicio\moto-service\src\test\resources
2025-04-15 06:48:04,791 [Worker-16: Building] INFO  o.a.m.s.f.DefaultMavenResourcesFiltering - Copying 0 resource from src\main\resources to target\classes
2025-04-15 06:48:04,792 [Worker-16: Building] INFO  o.a.m.s.f.DefaultMavenResourcesFiltering - Copying 1 resource from src\main\resources to target\classes
2025-04-15 06:48:04,805 [Worker-16: Building] INFO  o.a.m.s.f.DefaultMavenResourcesFiltering - skip non existing resourceDirectory E:\microservicio\carro-service\src\test\resources
2025-04-15 20:36:22,216 [Worker-0: Loading available Gradle versions] INFO  o.e.b.c.i.u.g.PublishedGradleVersions - Gradle version information cache is out-of-date. Trying to update.
2025-04-17 06:33:47,549 [Worker-3: Loading available Gradle versions] INFO  o.e.b.c.i.u.g.PublishedGradleVersions - Gradle version information cache is out-of-date. Trying to update.
2025-04-17 06:52:30,201 [Worker-12: Import Getting Started Content] INFO  o.e.m.c.i.l.LifecycleMappingFactory - Using org.eclipse.m2e.jdt.JarLifecycleMapping lifecycle mapping for MavenProject: com.eureka.service:eureka-service:1.0 @ E:\microservicio\eureka-service\pom.xml.
2025-04-17 06:52:32,323 [Worker-12: Import Getting Started Content] INFO  o.e.m.c.i.e.AbstractTransferListenerAdapter - Downloading https://repo.maven.apache.org/maven2/org/springframework/cloud/spring-cloud-starter-netflix-eureka-server/4.2.1/spring-cloud-starter-netflix-eureka-server-4.2.1.pom
2025-04-17 06:52:32,365 [Worker-12: Import Getting Started Content] INFO  o.e.m.c.i.e.AbstractTransferListenerAdapter - Downloaded https://repo.maven.apache.org/maven2/org/springframework/cloud/spring-cloud-starter-netflix-eureka-server/4.2.1/spring-cloud-starter-netflix-eureka-server-4.2.1.pom
2025-04-17 06:52:32,440 [Worker-12: Import Getting Started Content] INFO  o.e.m.c.i.e.AbstractTransferListenerAdapter - Downloading https://repo.maven.apache.org/maven2/org/springframework/cloud/spring-cloud-netflix/4.2.1/spring-cloud-netflix-4.2.1.pom
2025-04-17 06:52:32,451 [Worker-12: Import Getting Started Content] INFO  o.e.m.c.i.e.AbstractTransferListenerAdapter - Downloaded https://repo.maven.apache.org/maven2/org/springframework/cloud/spring-cloud-netflix/4.2.1/spring-cloud-netflix-4.2.1.pom
2025-04-17 06:52:32,536 [Worker-12: Import Getting Started Content] INFO  o.e.m.c.i.e.AbstractTransferListenerAdapter - Downloading https://repo.maven.apache.org/maven2/org/springframework/cloud/spring-cloud-netflix-eureka-server/4.2.1/spring-cloud-netflix-eureka-server-4.2.1.pom
2025-04-17 06:52:32,551 [Worker-12: Import Getting Started Content] INFO  o.e.m.c.i.e.AbstractTransferListenerAdapter - Downloaded https://repo.maven.apache.org/maven2/org/springframework/cloud/spring-cloud-netflix-eureka-server/4.2.1/spring-cloud-netflix-eureka-server-4.2.1.pom
2025-04-17 06:52:32,790 [Worker-12: Import Getting Started Content] INFO  o.e.m.c.i.e.AbstractTransferListenerAdapter - Downloading https://repo.maven.apache.org/maven2/org/springframework/boot/spring-boot-starter-actuator/3.4.4/spring-boot-starter-actuator-3.4.4.pom
2025-04-17 06:52:32,798 [Worker-12: Import Getting Started Content] INFO  o.e.m.c.i.e.AbstractTransferListenerAdapter - Downloaded https://repo.maven.apache.org/maven2/org/springframework/boot/spring-boot-starter-actuator/3.4.4/spring-boot-starter-actuator-3.4.4.pom
2025-04-17 06:52:32,868 [Worker-12: Import Getting Started Content] INFO  o.e.m.c.i.e.AbstractTransferListenerAdapter - Downloading https://repo.maven.apache.org/maven2/org/springframework/boot/spring-boot-actuator-autoconfigure/3.4.4/spring-boot-actuator-autoconfigure-3.4.4.pom
2025-04-17 06:52:32,878 [Worker-12: Import Getting Started Content] INFO  o.e.m.c.i.e.AbstractTransferListenerAdapter - Downloaded https://repo.maven.apache.org/maven2/org/springframework/boot/spring-boot-actuator-autoconfigure/3.4.4/spring-boot-actuator-autoconfigure-3.4.4.pom
2025-04-17 06:52:32,954 [Worker-12: Import Getting Started Content] INFO  o.e.m.c.i.e.AbstractTransferListenerAdapter - Downloading https://repo.maven.apache.org/maven2/org/springframework/boot/spring-boot-actuator/3.4.4/spring-boot-actuator-3.4.4.pom
2025-04-17 06:52:32,964 [Worker-12: Import Getting Started Content] INFO  o.e.m.c.i.e.AbstractTransferListenerAdapter - Downloaded https://repo.maven.apache.org/maven2/org/springframework/boot/spring-boot-actuator/3.4.4/spring-boot-actuator-3.4.4.pom
2025-04-17 06:52:33,033 [Worker-12: Import Getting Started Content] INFO  o.e.m.c.i.e.AbstractTransferListenerAdapter - Downloading https://repo.maven.apache.org/maven2/io/micrometer/micrometer-jakarta9/1.14.5/micrometer-jakarta9-1.14.5.pom
2025-04-17 06:52:33,072 [Worker-12: Import Getting Started Content] INFO  o.e.m.c.i.e.AbstractTransferListenerAdapter - Downloaded https://repo.maven.apache.org/maven2/io/micrometer/micrometer-jakarta9/1.14.5/micrometer-jakarta9-1.14.5.pom
2025-04-17 06:52:33,230 [Worker-12: Import Getting Started Content] INFO  o.e.m.c.i.e.AbstractTransferListenerAdapter - Downloading https://repo.maven.apache.org/maven2/org/springframework/boot/spring-boot-starter-freemarker/3.4.4/spring-boot-starter-freemarker-3.4.4.pom
2025-04-17 06:52:33,240 [Worker-12: Import Getting Started Content] INFO  o.e.m.c.i.e.AbstractTransferListenerAdapter - Downloaded https://repo.maven.apache.org/maven2/org/springframework/boot/spring-boot-starter-freemarker/3.4.4/spring-boot-starter-freemarker-3.4.4.pom
2025-04-17 06:52:33,307 [Worker-12: Import Getting Started Content] INFO  o.e.m.c.i.e.AbstractTransferListenerAdapter - Downloading https://repo.maven.apache.org/maven2/org/freemarker/freemarker/2.3.34/freemarker-2.3.34.pom
2025-04-17 06:52:33,316 [Worker-12: Import Getting Started Content] INFO  o.e.m.c.i.e.AbstractTransferListenerAdapter - Downloaded https://repo.maven.apache.org/maven2/org/freemarker/freemarker/2.3.34/freemarker-2.3.34.pom
2025-04-17 06:52:33,418 [Worker-12: Import Getting Started Content] INFO  o.e.m.c.i.e.AbstractTransferListenerAdapter - Downloading https://repo.maven.apache.org/maven2/org/springframework/cloud/spring-cloud-netflix-eureka-client/4.2.1/spring-cloud-netflix-eureka-client-4.2.1.pom
2025-04-17 06:52:33,442 [Worker-12: Import Getting Started Content] INFO  o.e.m.c.i.e.AbstractTransferListenerAdapter - Downloaded https://repo.maven.apache.org/maven2/org/springframework/cloud/spring-cloud-netflix-eureka-client/4.2.1/spring-cloud-netflix-eureka-client-4.2.1.pom
2025-04-17 06:52:33,523 [Worker-12: Import Getting Started Content] INFO  o.e.m.c.i.e.AbstractTransferListenerAdapter - Downloading https://repo.maven.apache.org/maven2/com/netflix/eureka/eureka-client/2.0.4/eureka-client-2.0.4.pom
2025-04-17 06:52:33,549 [Worker-12: Import Getting Started Content] INFO  o.e.m.c.i.e.AbstractTransferListenerAdapter - Downloaded https://repo.maven.apache.org/maven2/com/netflix/eureka/eureka-client/2.0.4/eureka-client-2.0.4.pom
2025-04-17 06:52:33,625 [Worker-12: Import Getting Started Content] INFO  o.e.m.c.i.e.AbstractTransferListenerAdapter - Downloading https://repo.maven.apache.org/maven2/com/thoughtworks/xstream/xstream/1.4.20/xstream-1.4.20.pom
2025-04-17 06:52:33,655 [Worker-12: Import Getting Started Content] INFO  o.e.m.c.i.e.AbstractTransferListenerAdapter - Downloaded https://repo.maven.apache.org/maven2/com/thoughtworks/xstream/xstream/1.4.20/xstream-1.4.20.pom
2025-04-17 06:52:33,732 [Worker-12: Import Getting Started Content] INFO  o.e.m.c.i.e.AbstractTransferListenerAdapter - Downloading https://repo.maven.apache.org/maven2/com/thoughtworks/xstream/xstream-parent/1.4.20/xstream-parent-1.4.20.pom
2025-04-17 06:52:33,765 [Worker-12: Import Getting Started Content] INFO  o.e.m.c.i.e.AbstractTransferListenerAdapter - Downloaded https://repo.maven.apache.org/maven2/com/thoughtworks/xstream/xstream-parent/1.4.20/xstream-parent-1.4.20.pom
2025-04-17 06:52:33,840 [Worker-12: Import Getting Started Content] INFO  o.e.m.c.i.e.AbstractTransferListenerAdapter - Downloading https://repo.maven.apache.org/maven2/io/github/x-stream/mxparser/1.2.2/mxparser-1.2.2.pom
2025-04-17 06:52:33,858 [Worker-12: Import Getting Started Content] INFO  o.e.m.c.i.e.AbstractTransferListenerAdapter - Downloaded https://repo.maven.apache.org/maven2/io/github/x-stream/mxparser/1.2.2/mxparser-1.2.2.pom
2025-04-17 06:52:33,926 [Worker-12: Import Getting Started Content] INFO  o.e.m.c.i.e.AbstractTransferListenerAdapter - Downloading https://repo.maven.apache.org/maven2/xmlpull/xmlpull/1.1.3.1/xmlpull-1.1.3.1.pom
2025-04-17 06:52:33,932 [Worker-12: Import Getting Started Content] INFO  o.e.m.c.i.e.AbstractTransferListenerAdapter - Downloaded https://repo.maven.apache.org/maven2/xmlpull/xmlpull/1.1.3.1/xmlpull-1.1.3.1.pom
2025-04-17 06:52:34,008 [Worker-12: Import Getting Started Content] INFO  o.e.m.c.i.e.AbstractTransferListenerAdapter - Downloading https://repo.maven.apache.org/maven2/jakarta/ws/rs/jakarta.ws.rs-api/3.1.0/jakarta.ws.rs-api-3.1.0.pom
2025-04-17 06:52:34,030 [Worker-12: Import Getting Started Content] INFO  o.e.m.c.i.e.AbstractTransferListenerAdapter - Downloaded https://repo.maven.apache.org/maven2/jakarta/ws/rs/jakarta.ws.rs-api/3.1.0/jakarta.ws.rs-api-3.1.0.pom
2025-04-17 06:52:34,101 [Worker-12: Import Getting Started Content] INFO  o.e.m.c.i.e.AbstractTransferListenerAdapter - Downloading https://repo.maven.apache.org/maven2/jakarta/ws/rs/all/3.1.0/all-3.1.0.pom
2025-04-17 06:52:34,112 [Worker-12: Import Getting Started Content] INFO  o.e.m.c.i.e.AbstractTransferListenerAdapter - Downloaded https://repo.maven.apache.org/maven2/jakarta/ws/rs/all/3.1.0/all-3.1.0.pom
2025-04-17 06:52:34,219 [Worker-12: Import Getting Started Content] INFO  o.e.m.c.i.e.AbstractTransferListenerAdapter - Downloading https://repo.maven.apache.org/maven2/com/netflix/spectator/spectator-api/1.7.3/spectator-api-1.7.3.pom
2025-04-17 06:52:34,230 [Worker-12: Import Getting Started Content] INFO  o.e.m.c.i.e.AbstractTransferListenerAdapter - Downloaded https://repo.maven.apache.org/maven2/com/netflix/spectator/spectator-api/1.7.3/spectator-api-1.7.3.pom
2025-04-17 06:52:34,301 [Worker-12: Import Getting Started Content] INFO  o.e.m.c.i.e.AbstractTransferListenerAdapter - Downloading https://repo.maven.apache.org/maven2/org/apache/httpcomponents/httpclient/4.5.3/httpclient-4.5.3.pom
2025-04-17 06:52:34,314 [Worker-12: Import Getting Started Content] INFO  o.e.m.c.i.e.AbstractTransferListenerAdapter - Downloaded https://repo.maven.apache.org/maven2/org/apache/httpcomponents/httpclient/4.5.3/httpclient-4.5.3.pom
2025-04-17 06:52:34,392 [Worker-12: Import Getting Started Content] INFO  o.e.m.c.i.e.AbstractTransferListenerAdapter - Downloading https://repo.maven.apache.org/maven2/org/apache/httpcomponents/httpcomponents-client/4.5.3/httpcomponents-client-4.5.3.pom
2025-04-17 06:52:34,413 [Worker-12: Import Getting Started Content] INFO  o.e.m.c.i.e.AbstractTransferListenerAdapter - Downloaded https://repo.maven.apache.org/maven2/org/apache/httpcomponents/httpcomponents-client/4.5.3/httpcomponents-client-4.5.3.pom
2025-04-17 06:52:34,488 [Worker-12: Import Getting Started Content] INFO  o.e.m.c.i.e.AbstractTransferListenerAdapter - Downloading https://repo.maven.apache.org/maven2/org/apache/httpcomponents/project/7/project-7.pom
2025-04-17 06:52:34,505 [Worker-12: Import Getting Started Content] INFO  o.e.m.c.i.e.AbstractTransferListenerAdapter - Downloaded https://repo.maven.apache.org/maven2/org/apache/httpcomponents/project/7/project-7.pom
2025-04-17 06:52:34,749 [Worker-12: Import Getting Started Content] INFO  o.e.m.c.i.e.AbstractTransferListenerAdapter - Downloading https://repo.maven.apache.org/maven2/commons-configuration/commons-configuration/1.10/commons-configuration-1.10.pom
2025-04-17 06:52:34,770 [Worker-12: Import Getting Started Content] INFO  o.e.m.c.i.e.AbstractTransferListenerAdapter - Downloaded https://repo.maven.apache.org/maven2/commons-configuration/commons-configuration/1.10/commons-configuration-1.10.pom
2025-04-17 06:52:34,844 [Worker-12: Import Getting Started Content] INFO  o.e.m.c.i.e.AbstractTransferListenerAdapter - Downloading https://repo.maven.apache.org/maven2/org/apache/commons/commons-parent/32/commons-parent-32.pom
2025-04-17 06:52:34,877 [Worker-12: Import Getting Started Content] INFO  o.e.m.c.i.e.AbstractTransferListenerAdapter - Downloaded https://repo.maven.apache.org/maven2/org/apache/commons/commons-parent/32/commons-parent-32.pom
2025-04-17 06:52:34,959 [Worker-12: Import Getting Started Content] INFO  o.e.m.c.i.e.AbstractTransferListenerAdapter - Downloading https://repo.maven.apache.org/maven2/commons-lang/commons-lang/2.6/commons-lang-2.6.pom
2025-04-17 06:52:34,972 [Worker-12: Import Getting Started Content] INFO  o.e.m.c.i.e.AbstractTransferListenerAdapter - Downloaded https://repo.maven.apache.org/maven2/commons-lang/commons-lang/2.6/commons-lang-2.6.pom
2025-04-17 06:52:35,039 [Worker-12: Import Getting Started Content] INFO  o.e.m.c.i.e.AbstractTransferListenerAdapter - Downloading https://repo.maven.apache.org/maven2/org/apache/commons/commons-parent/17/commons-parent-17.pom
2025-04-17 06:52:35,057 [Worker-12: Import Getting Started Content] INFO  o.e.m.c.i.e.AbstractTransferListenerAdapter - Downloaded https://repo.maven.apache.org/maven2/org/apache/commons/commons-parent/17/commons-parent-17.pom
2025-04-17 06:52:35,265 [Worker-12: Import Getting Started Content] INFO  o.e.m.c.i.e.AbstractTransferListenerAdapter - Downloading https://repo.maven.apache.org/maven2/com/netflix/netflix-commons/netflix-eventbus/0.3.0/netflix-eventbus-0.3.0.pom
2025-04-17 06:52:35,276 [Worker-12: Import Getting Started Content] INFO  o.e.m.c.i.e.AbstractTransferListenerAdapter - Downloaded https://repo.maven.apache.org/maven2/com/netflix/netflix-commons/netflix-eventbus/0.3.0/netflix-eventbus-0.3.0.pom
2025-04-17 06:52:35,342 [Worker-12: Import Getting Started Content] INFO  o.e.m.c.i.e.AbstractTransferListenerAdapter - Downloading https://repo.maven.apache.org/maven2/com/netflix/netflix-commons/netflix-infix/0.3.0/netflix-infix-0.3.0.pom
2025-04-17 06:52:35,349 [Worker-12: Import Getting Started Content] INFO  o.e.m.c.i.e.AbstractTransferListenerAdapter - Downloaded https://repo.maven.apache.org/maven2/com/netflix/netflix-commons/netflix-infix/0.3.0/netflix-infix-0.3.0.pom
2025-04-17 06:52:35,415 [Worker-12: Import Getting Started Content] INFO  o.e.m.c.i.e.AbstractTransferListenerAdapter - Downloading https://repo.maven.apache.org/maven2/commons-jxpath/commons-jxpath/1.3/commons-jxpath-1.3.pom
2025-04-17 06:52:35,429 [Worker-12: Import Getting Started Content] INFO  o.e.m.c.i.e.AbstractTransferListenerAdapter - Downloaded https://repo.maven.apache.org/maven2/commons-jxpath/commons-jxpath/1.3/commons-jxpath-1.3.pom
2025-04-17 06:52:35,495 [Worker-12: Import Getting Started Content] INFO  o.e.m.c.i.e.AbstractTransferListenerAdapter - Downloading https://repo.maven.apache.org/maven2/org/apache/commons/commons-parent/11/commons-parent-11.pom
2025-04-17 06:52:35,512 [Worker-12: Import Getting Started Content] INFO  o.e.m.c.i.e.AbstractTransferListenerAdapter - Downloaded https://repo.maven.apache.org/maven2/org/apache/commons/commons-parent/11/commons-parent-11.pom
2025-04-17 06:52:35,583 [Worker-12: Import Getting Started Content] INFO  o.e.m.c.i.e.AbstractTransferListenerAdapter - Downloading https://repo.maven.apache.org/maven2/org/apache/apache/4/apache-4.pom
2025-04-17 06:52:35,593 [Worker-12: Import Getting Started Content] INFO  o.e.m.c.i.e.AbstractTransferListenerAdapter - Downloaded https://repo.maven.apache.org/maven2/org/apache/apache/4/apache-4.pom
2025-04-17 06:52:35,664 [Worker-12: Import Getting Started Content] INFO  o.e.m.c.i.e.AbstractTransferListenerAdapter - Downloading https://repo.maven.apache.org/maven2/joda-time/joda-time/2.3/joda-time-2.3.pom
2025-04-17 06:52:35,683 [Worker-12: Import Getting Started Content] INFO  o.e.m.c.i.e.AbstractTransferListenerAdapter - Downloaded https://repo.maven.apache.org/maven2/joda-time/joda-time/2.3/joda-time-2.3.pom
2025-04-17 06:52:35,756 [Worker-12: Import Getting Started Content] INFO  o.e.m.c.i.e.AbstractTransferListenerAdapter - Downloading https://repo.maven.apache.org/maven2/org/antlr/antlr-runtime/3.4/antlr-runtime-3.4.pom
2025-04-17 06:52:35,783 [Worker-12: Import Getting Started Content] INFO  o.e.m.c.i.e.AbstractTransferListenerAdapter - Downloaded https://repo.maven.apache.org/maven2/org/antlr/antlr-runtime/3.4/antlr-runtime-3.4.pom
2025-04-17 06:52:35,854 [Worker-12: Import Getting Started Content] INFO  o.e.m.c.i.e.AbstractTransferListenerAdapter - Downloading https://repo.maven.apache.org/maven2/org/antlr/antlr-master/3.4/antlr-master-3.4.pom
2025-04-17 06:52:35,872 [Worker-12: Import Getting Started Content] INFO  o.e.m.c.i.e.AbstractTransferListenerAdapter - Downloaded https://repo.maven.apache.org/maven2/org/antlr/antlr-master/3.4/antlr-master-3.4.pom
2025-04-17 06:52:35,956 [Worker-12: Import Getting Started Content] INFO  o.e.m.c.i.e.AbstractTransferListenerAdapter - Downloading https://repo.maven.apache.org/maven2/org/antlr/stringtemplate/3.2.1/stringtemplate-3.2.1.pom
2025-04-17 06:52:35,965 [Worker-12: Import Getting Started Content] INFO  o.e.m.c.i.e.AbstractTransferListenerAdapter - Downloaded https://repo.maven.apache.org/maven2/org/antlr/stringtemplate/3.2.1/stringtemplate-3.2.1.pom
2025-04-17 06:52:36,035 [Worker-12: Import Getting Started Content] INFO  o.e.m.c.i.e.AbstractTransferListenerAdapter - Downloading https://repo.maven.apache.org/maven2/antlr/antlr/2.7.7/antlr-2.7.7.pom
2025-04-17 06:52:36,048 [Worker-12: Import Getting Started Content] INFO  o.e.m.c.i.e.AbstractTransferListenerAdapter - Downloaded https://repo.maven.apache.org/maven2/antlr/antlr/2.7.7/antlr-2.7.7.pom
2025-04-17 06:52:36,118 [Worker-12: Import Getting Started Content] INFO  o.e.m.c.i.e.AbstractTransferListenerAdapter - Downloading https://repo.maven.apache.org/maven2/com/google/guava/guava/14.0.1/guava-14.0.1.pom
2025-04-17 06:52:36,127 [Worker-12: Import Getting Started Content] INFO  o.e.m.c.i.e.AbstractTransferListenerAdapter - Downloaded https://repo.maven.apache.org/maven2/com/google/guava/guava/14.0.1/guava-14.0.1.pom
2025-04-17 06:52:36,199 [Worker-12: Import Getting Started Content] INFO  o.e.m.c.i.e.AbstractTransferListenerAdapter - Downloading https://repo.maven.apache.org/maven2/com/google/guava/guava-parent/14.0.1/guava-parent-14.0.1.pom
2025-04-17 06:52:36,237 [Worker-12: Import Getting Started Content] INFO  o.e.m.c.i.e.AbstractTransferListenerAdapter - Downloaded https://repo.maven.apache.org/maven2/com/google/guava/guava-parent/14.0.1/guava-parent-14.0.1.pom
2025-04-17 06:52:36,326 [Worker-12: Import Getting Started Content] INFO  o.e.m.c.i.e.AbstractTransferListenerAdapter - Downloading https://repo.maven.apache.org/maven2/com/google/code/gson/gson/2.11.0/gson-2.11.0.pom
2025-04-17 06:52:36,345 [Worker-12: Import Getting Started Content] INFO  o.e.m.c.i.e.AbstractTransferListenerAdapter - Downloaded https://repo.maven.apache.org/maven2/com/google/code/gson/gson/2.11.0/gson-2.11.0.pom
2025-04-17 06:52:36,426 [Worker-12: Import Getting Started Content] INFO  o.e.m.c.i.e.AbstractTransferListenerAdapter - Downloading https://repo.maven.apache.org/maven2/com/google/code/gson/gson-parent/2.11.0/gson-parent-2.11.0.pom
2025-04-17 06:52:36,440 [Worker-12: Import Getting Started Content] INFO  o.e.m.c.i.e.AbstractTransferListenerAdapter - Downloaded https://repo.maven.apache.org/maven2/com/google/code/gson/gson-parent/2.11.0/gson-parent-2.11.0.pom
2025-04-17 06:52:36,518 [Worker-12: Import Getting Started Content] INFO  o.e.m.c.i.e.AbstractTransferListenerAdapter - Downloading https://repo.maven.apache.org/maven2/com/google/errorprone/error_prone_annotations/2.27.0/error_prone_annotations-2.27.0.pom
2025-04-17 06:52:36,530 [Worker-12: Import Getting Started Content] INFO  o.e.m.c.i.e.AbstractTransferListenerAdapter - Downloaded https://repo.maven.apache.org/maven2/com/google/errorprone/error_prone_annotations/2.27.0/error_prone_annotations-2.27.0.pom
2025-04-17 06:52:36,600 [Worker-12: Import Getting Started Content] INFO  o.e.m.c.i.e.AbstractTransferListenerAdapter - Downloading https://repo.maven.apache.org/maven2/com/google/errorprone/error_prone_parent/2.27.0/error_prone_parent-2.27.0.pom
2025-04-17 06:52:36,613 [Worker-12: Import Getting Started Content] INFO  o.e.m.c.i.e.AbstractTransferListenerAdapter - Downloaded https://repo.maven.apache.org/maven2/com/google/errorprone/error_prone_parent/2.27.0/error_prone_parent-2.27.0.pom
2025-04-17 06:52:36,681 [Worker-12: Import Getting Started Content] INFO  o.e.m.c.i.e.AbstractTransferListenerAdapter - Downloading https://repo.maven.apache.org/maven2/com/netflix/servo/servo-core/0.5.3/servo-core-0.5.3.pom
2025-04-17 06:52:36,691 [Worker-12: Import Getting Started Content] INFO  o.e.m.c.i.e.AbstractTransferListenerAdapter - Downloaded https://repo.maven.apache.org/maven2/com/netflix/servo/servo-core/0.5.3/servo-core-0.5.3.pom
2025-04-17 06:52:36,757 [Worker-12: Import Getting Started Content] INFO  o.e.m.c.i.e.AbstractTransferListenerAdapter - Downloading https://repo.maven.apache.org/maven2/org/apache/commons/commons-math/2.2/commons-math-2.2.pom
2025-04-17 06:52:36,768 [Worker-12: Import Getting Started Content] INFO  o.e.m.c.i.e.AbstractTransferListenerAdapter - Downloaded https://repo.maven.apache.org/maven2/org/apache/commons/commons-math/2.2/commons-math-2.2.pom
2025-04-17 06:52:36,841 [Worker-12: Import Getting Started Content] INFO  o.e.m.c.i.e.AbstractTransferListenerAdapter - Downloading https://repo.maven.apache.org/maven2/org/apache/commons/commons-parent/18/commons-parent-18.pom
2025-04-17 06:52:36,865 [Worker-12: Import Getting Started Content] INFO  o.e.m.c.i.e.AbstractTransferListenerAdapter - Downloaded https://repo.maven.apache.org/maven2/org/apache/commons/commons-parent/18/commons-parent-18.pom
2025-04-17 06:52:36,997 [Worker-12: Import Getting Started Content] INFO  o.e.m.c.i.e.AbstractTransferListenerAdapter - Downloading https://repo.maven.apache.org/maven2/org/codehaus/jettison/jettison/1.5.4/jettison-1.5.4.pom
2025-04-17 06:52:37,008 [Worker-12: Import Getting Started Content] INFO  o.e.m.c.i.e.AbstractTransferListenerAdapter - Downloaded https://repo.maven.apache.org/maven2/org/codehaus/jettison/jettison/1.5.4/jettison-1.5.4.pom
2025-04-17 06:52:37,075 [Worker-12: Import Getting Started Content] INFO  o.e.m.c.i.e.AbstractTransferListenerAdapter - Downloading https://repo.maven.apache.org/maven2/com/netflix/eureka/eureka-client-jersey3/2.0.4/eureka-client-jersey3-2.0.4.pom
2025-04-17 06:52:37,084 [Worker-12: Import Getting Started Content] INFO  o.e.m.c.i.e.AbstractTransferListenerAdapter - Downloaded https://repo.maven.apache.org/maven2/com/netflix/eureka/eureka-client-jersey3/2.0.4/eureka-client-jersey3-2.0.4.pom
2025-04-17 06:52:37,158 [Worker-12: Import Getting Started Content] INFO  o.e.m.c.i.e.AbstractTransferListenerAdapter - Downloading https://repo.maven.apache.org/maven2/org/glassfish/jersey/core/jersey-client/3.1.10/jersey-client-3.1.10.pom
2025-04-17 06:52:37,167 [Worker-12: Import Getting Started Content] INFO  o.e.m.c.i.e.AbstractTransferListenerAdapter - Downloaded https://repo.maven.apache.org/maven2/org/glassfish/jersey/core/jersey-client/3.1.10/jersey-client-3.1.10.pom
2025-04-17 06:52:37,242 [Worker-12: Import Getting Started Content] INFO  o.e.m.c.i.e.AbstractTransferListenerAdapter - Downloading https://repo.maven.apache.org/maven2/org/glassfish/jersey/project/3.1.10/project-3.1.10.pom
2025-04-17 06:52:37,279 [Worker-12: Import Getting Started Content] INFO  o.e.m.c.i.e.AbstractTransferListenerAdapter - Downloaded https://repo.maven.apache.org/maven2/org/glassfish/jersey/project/3.1.10/project-3.1.10.pom
2025-04-17 06:52:37,359 [Worker-12: Import Getting Started Content] INFO  o.e.m.c.i.e.AbstractTransferListenerAdapter - Downloading https://repo.maven.apache.org/maven2/org/glassfish/jersey/core/jersey-common/3.1.10/jersey-common-3.1.10.pom
2025-04-17 06:52:37,369 [Worker-12: Import Getting Started Content] INFO  o.e.m.c.i.e.AbstractTransferListenerAdapter - Downloaded https://repo.maven.apache.org/maven2/org/glassfish/jersey/core/jersey-common/3.1.10/jersey-common-3.1.10.pom
2025-04-17 06:52:37,441 [Worker-12: Import Getting Started Content] INFO  o.e.m.c.i.e.AbstractTransferListenerAdapter - Downloading https://repo.maven.apache.org/maven2/org/glassfish/hk2/osgi-resource-locator/1.0.3/osgi-resource-locator-1.0.3.pom
2025-04-17 06:52:37,459 [Worker-12: Import Getting Started Content] INFO  o.e.m.c.i.e.AbstractTransferListenerAdapter - Downloaded https://repo.maven.apache.org/maven2/org/glassfish/hk2/osgi-resource-locator/1.0.3/osgi-resource-locator-1.0.3.pom
2025-04-17 06:52:37,567 [Worker-12: Import Getting Started Content] INFO  o.e.m.c.i.e.AbstractTransferListenerAdapter - Downloading https://repo.maven.apache.org/maven2/org/glassfish/jersey/inject/jersey-hk2/3.1.10/jersey-hk2-3.1.10.pom
2025-04-17 06:52:37,578 [Worker-12: Import Getting Started Content] INFO  o.e.m.c.i.e.AbstractTransferListenerAdapter - Downloaded https://repo.maven.apache.org/maven2/org/glassfish/jersey/inject/jersey-hk2/3.1.10/jersey-hk2-3.1.10.pom
2025-04-17 06:52:37,648 [Worker-12: Import Getting Started Content] INFO  o.e.m.c.i.e.AbstractTransferListenerAdapter - Downloading https://repo.maven.apache.org/maven2/org/glassfish/jersey/inject/project/3.1.10/project-3.1.10.pom
2025-04-17 06:52:37,661 [Worker-12: Import Getting Started Content] INFO  o.e.m.c.i.e.AbstractTransferListenerAdapter - Downloaded https://repo.maven.apache.org/maven2/org/glassfish/jersey/inject/project/3.1.10/project-3.1.10.pom
2025-04-17 06:52:37,734 [Worker-12: Import Getting Started Content] INFO  o.e.m.c.i.e.AbstractTransferListenerAdapter - Downloading https://repo.maven.apache.org/maven2/org/glassfish/hk2/hk2-locator/3.0.6/hk2-locator-3.0.6.pom
2025-04-17 06:52:37,744 [Worker-12: Import Getting Started Content] INFO  o.e.m.c.i.e.AbstractTransferListenerAdapter - Downloaded https://repo.maven.apache.org/maven2/org/glassfish/hk2/hk2-locator/3.0.6/hk2-locator-3.0.6.pom
2025-04-17 06:52:37,814 [Worker-12: Import Getting Started Content] INFO  o.e.m.c.i.e.AbstractTransferListenerAdapter - Downloading https://repo.maven.apache.org/maven2/org/glassfish/hk2/hk2-parent/3.0.6/hk2-parent-3.0.6.pom
2025-04-17 06:52:37,942 [Worker-12: Import Getting Started Content] INFO  o.e.m.c.i.e.AbstractTransferListenerAdapter - Downloaded https://repo.maven.apache.org/maven2/org/glassfish/hk2/hk2-parent/3.0.6/hk2-parent-3.0.6.pom
2025-04-17 06:52:38,026 [Worker-12: Import Getting Started Content] INFO  o.e.m.c.i.e.AbstractTransferListenerAdapter - Downloading https://repo.maven.apache.org/maven2/org/glassfish/hk2/external/aopalliance-repackaged/3.0.6/aopalliance-repackaged-3.0.6.pom
2025-04-17 06:52:38,038 [Worker-12: Import Getting Started Content] INFO  o.e.m.c.i.e.AbstractTransferListenerAdapter - Downloaded https://repo.maven.apache.org/maven2/org/glassfish/hk2/external/aopalliance-repackaged/3.0.6/aopalliance-repackaged-3.0.6.pom
2025-04-17 06:52:38,108 [Worker-12: Import Getting Started Content] INFO  o.e.m.c.i.e.AbstractTransferListenerAdapter - Downloading https://repo.maven.apache.org/maven2/org/glassfish/hk2/external/3.0.6/external-3.0.6.pom
2025-04-17 06:52:38,173 [Worker-12: Import Getting Started Content] INFO  o.e.m.c.i.e.AbstractTransferListenerAdapter - Downloaded https://repo.maven.apache.org/maven2/org/glassfish/hk2/external/3.0.6/external-3.0.6.pom
2025-04-17 06:52:38,252 [Worker-12: Import Getting Started Content] INFO  o.e.m.c.i.e.AbstractTransferListenerAdapter - Downloading https://repo.maven.apache.org/maven2/org/glassfish/hk2/hk2-api/3.0.6/hk2-api-3.0.6.pom
2025-04-17 06:52:38,263 [Worker-12: Import Getting Started Content] INFO  o.e.m.c.i.e.AbstractTransferListenerAdapter - Downloaded https://repo.maven.apache.org/maven2/org/glassfish/hk2/hk2-api/3.0.6/hk2-api-3.0.6.pom
2025-04-17 06:52:38,336 [Worker-12: Import Getting Started Content] INFO  o.e.m.c.i.e.AbstractTransferListenerAdapter - Downloading https://repo.maven.apache.org/maven2/org/glassfish/hk2/hk2-utils/3.0.6/hk2-utils-3.0.6.pom
2025-04-17 06:52:38,346 [Worker-12: Import Getting Started Content] INFO  o.e.m.c.i.e.AbstractTransferListenerAdapter - Downloaded https://repo.maven.apache.org/maven2/org/glassfish/hk2/hk2-utils/3.0.6/hk2-utils-3.0.6.pom
2025-04-17 06:52:38,418 [Worker-12: Import Getting Started Content] INFO  o.e.m.c.i.e.AbstractTransferListenerAdapter - Downloading https://repo.maven.apache.org/maven2/org/javassist/javassist/3.30.2-GA/javassist-3.30.2-GA.pom
2025-04-17 06:52:38,429 [Worker-12: Import Getting Started Content] INFO  o.e.m.c.i.e.AbstractTransferListenerAdapter - Downloaded https://repo.maven.apache.org/maven2/org/javassist/javassist/3.30.2-GA/javassist-3.30.2-GA.pom
2025-04-17 06:52:38,500 [Worker-12: Import Getting Started Content] INFO  o.e.m.c.i.e.AbstractTransferListenerAdapter - Downloading https://repo.maven.apache.org/maven2/org/glassfish/jersey/connectors/jersey-apache-connector/3.1.10/jersey-apache-connector-3.1.10.pom
2025-04-17 06:52:38,510 [Worker-12: Import Getting Started Content] INFO  o.e.m.c.i.e.AbstractTransferListenerAdapter - Downloaded https://repo.maven.apache.org/maven2/org/glassfish/jersey/connectors/jersey-apache-connector/3.1.10/jersey-apache-connector-3.1.10.pom
2025-04-17 06:52:38,608 [Worker-12: Import Getting Started Content] INFO  o.e.m.c.i.e.AbstractTransferListenerAdapter - Downloading https://repo.maven.apache.org/maven2/org/glassfish/jersey/connectors/project/3.1.10/project-3.1.10.pom
2025-04-17 06:52:38,617 [Worker-12: Import Getting Started Content] INFO  o.e.m.c.i.e.AbstractTransferListenerAdapter - Downloaded https://repo.maven.apache.org/maven2/org/glassfish/jersey/connectors/project/3.1.10/project-3.1.10.pom
2025-04-17 06:52:38,733 [Worker-12: Import Getting Started Content] INFO  o.e.m.c.i.e.AbstractTransferListenerAdapter - Downloading https://repo.maven.apache.org/maven2/com/netflix/eureka/eureka-core-jersey3/2.0.4/eureka-core-jersey3-2.0.4.pom
2025-04-17 06:52:38,743 [Worker-12: Import Getting Started Content] INFO  o.e.m.c.i.e.AbstractTransferListenerAdapter - Downloaded https://repo.maven.apache.org/maven2/com/netflix/eureka/eureka-core-jersey3/2.0.4/eureka-core-jersey3-2.0.4.pom
2025-04-17 06:52:38,817 [Worker-12: Import Getting Started Content] INFO  o.e.m.c.i.e.AbstractTransferListenerAdapter - Downloading https://repo.maven.apache.org/maven2/com/netflix/eureka/eureka-core/2.0.4/eureka-core-2.0.4.pom
2025-04-17 06:52:38,825 [Worker-12: Import Getting Started Content] INFO  o.e.m.c.i.e.AbstractTransferListenerAdapter - Downloaded https://repo.maven.apache.org/maven2/com/netflix/eureka/eureka-core/2.0.4/eureka-core-2.0.4.pom
2025-04-17 06:52:38,896 [Worker-12: Import Getting Started Content] INFO  o.e.m.c.i.e.AbstractTransferListenerAdapter - Downloading https://repo.maven.apache.org/maven2/com/fasterxml/woodstox/woodstox-core/6.4.0/woodstox-core-6.4.0.pom
2025-04-17 06:52:38,904 [Worker-12: Import Getting Started Content] INFO  o.e.m.c.i.e.AbstractTransferListenerAdapter - Downloaded https://repo.maven.apache.org/maven2/com/fasterxml/woodstox/woodstox-core/6.4.0/woodstox-core-6.4.0.pom
2025-04-17 06:52:38,970 [Worker-12: Import Getting Started Content] INFO  o.e.m.c.i.e.AbstractTransferListenerAdapter - Downloading https://repo.maven.apache.org/maven2/com/fasterxml/oss-parent/45/oss-parent-45.pom
2025-04-17 06:52:38,981 [Worker-12: Import Getting Started Content] INFO  o.e.m.c.i.e.AbstractTransferListenerAdapter - Downloaded https://repo.maven.apache.org/maven2/com/fasterxml/oss-parent/45/oss-parent-45.pom
2025-04-17 06:52:39,051 [Worker-12: Import Getting Started Content] INFO  o.e.m.c.i.e.AbstractTransferListenerAdapter - Downloading https://repo.maven.apache.org/maven2/org/codehaus/woodstox/stax2-api/4.2.1/stax2-api-4.2.1.pom
2025-04-17 06:52:39,061 [Worker-12: Import Getting Started Content] INFO  o.e.m.c.i.e.AbstractTransferListenerAdapter - Downloaded https://repo.maven.apache.org/maven2/org/codehaus/woodstox/stax2-api/4.2.1/stax2-api-4.2.1.pom
2025-04-17 06:52:39,124 [Worker-12: Import Getting Started Content] INFO  o.e.m.c.i.e.AbstractTransferListenerAdapter - Downloading https://repo.maven.apache.org/maven2/com/fasterxml/oss-parent/38/oss-parent-38.pom
2025-04-17 06:52:39,265 [Worker-12: Import Getting Started Content] INFO  o.e.m.c.i.e.AbstractTransferListenerAdapter - Downloaded https://repo.maven.apache.org/maven2/com/fasterxml/oss-parent/38/oss-parent-38.pom
2025-04-17 06:52:39,336 [Worker-12: Import Getting Started Content] INFO  o.e.m.c.i.e.AbstractTransferListenerAdapter - Downloading https://repo.maven.apache.org/maven2/com/google/guava/guava/33.0.0-jre/guava-33.0.0-jre.pom
2025-04-17 06:52:39,347 [Worker-12: Import Getting Started Content] INFO  o.e.m.c.i.e.AbstractTransferListenerAdapter - Downloaded https://repo.maven.apache.org/maven2/com/google/guava/guava/33.0.0-jre/guava-33.0.0-jre.pom
2025-04-17 06:52:39,414 [Worker-12: Import Getting Started Content] INFO  o.e.m.c.i.e.AbstractTransferListenerAdapter - Downloading https://repo.maven.apache.org/maven2/com/google/guava/guava-parent/33.0.0-jre/guava-parent-33.0.0-jre.pom
2025-04-17 06:52:39,425 [Worker-12: Import Getting Started Content] INFO  o.e.m.c.i.e.AbstractTransferListenerAdapter - Downloaded https://repo.maven.apache.org/maven2/com/google/guava/guava-parent/33.0.0-jre/guava-parent-33.0.0-jre.pom
2025-04-17 06:52:39,492 [Worker-12: Import Getting Started Content] INFO  o.e.m.c.i.e.AbstractTransferListenerAdapter - Downloading https://repo.maven.apache.org/maven2/com/google/guava/failureaccess/1.0.2/failureaccess-1.0.2.pom
2025-04-17 06:52:39,510 [Worker-12: Import Getting Started Content] INFO  o.e.m.c.i.e.AbstractTransferListenerAdapter - Downloaded https://repo.maven.apache.org/maven2/com/google/guava/failureaccess/1.0.2/failureaccess-1.0.2.pom
2025-04-17 06:52:39,583 [Worker-12: Import Getting Started Content] INFO  o.e.m.c.i.e.AbstractTransferListenerAdapter - Downloading https://repo.maven.apache.org/maven2/com/google/guava/guava-parent/26.0-android/guava-parent-26.0-android.pom
2025-04-17 06:52:39,595 [Worker-12: Import Getting Started Content] INFO  o.e.m.c.i.e.AbstractTransferListenerAdapter - Downloaded https://repo.maven.apache.org/maven2/com/google/guava/guava-parent/26.0-android/guava-parent-26.0-android.pom
2025-04-17 06:52:39,668 [Worker-12: Import Getting Started Content] INFO  o.e.m.c.i.e.AbstractTransferListenerAdapter - Downloading https://repo.maven.apache.org/maven2/com/google/guava/listenablefuture/9999.0-empty-to-avoid-conflict-with-guava/listenablefuture-9999.0-empty-to-avoid-conflict-with-guava.pom
2025-04-17 06:52:39,685 [Worker-12: Import Getting Started Content] INFO  o.e.m.c.i.e.AbstractTransferListenerAdapter - Downloaded https://repo.maven.apache.org/maven2/com/google/guava/listenablefuture/9999.0-empty-to-avoid-conflict-with-guava/listenablefuture-9999.0-empty-to-avoid-conflict-with-guava.pom
2025-04-17 06:52:39,765 [Worker-12: Import Getting Started Content] INFO  o.e.m.c.i.e.AbstractTransferListenerAdapter - Downloading https://repo.maven.apache.org/maven2/org/checkerframework/checker-qual/3.41.0/checker-qual-3.41.0.pom
2025-04-17 06:52:39,783 [Worker-12: Import Getting Started Content] INFO  o.e.m.c.i.e.AbstractTransferListenerAdapter - Downloaded https://repo.maven.apache.org/maven2/org/checkerframework/checker-qual/3.41.0/checker-qual-3.41.0.pom
2025-04-17 06:52:39,854 [Worker-12: Import Getting Started Content] INFO  o.e.m.c.i.e.AbstractTransferListenerAdapter - Downloading https://repo.maven.apache.org/maven2/com/google/errorprone/error_prone_annotations/2.23.0/error_prone_annotations-2.23.0.pom
2025-04-17 06:52:39,864 [Worker-12: Import Getting Started Content] INFO  o.e.m.c.i.e.AbstractTransferListenerAdapter - Downloaded https://repo.maven.apache.org/maven2/com/google/errorprone/error_prone_annotations/2.23.0/error_prone_annotations-2.23.0.pom
2025-04-17 06:52:39,936 [Worker-12: Import Getting Started Content] INFO  o.e.m.c.i.e.AbstractTransferListenerAdapter - Downloading https://repo.maven.apache.org/maven2/com/google/errorprone/error_prone_parent/2.23.0/error_prone_parent-2.23.0.pom
2025-04-17 06:52:39,958 [Worker-12: Import Getting Started Content] INFO  o.e.m.c.i.e.AbstractTransferListenerAdapter - Downloaded https://repo.maven.apache.org/maven2/com/google/errorprone/error_prone_parent/2.23.0/error_prone_parent-2.23.0.pom
2025-04-17 06:52:40,034 [Worker-12: Import Getting Started Content] INFO  o.e.m.c.i.e.AbstractTransferListenerAdapter - Downloading https://repo.maven.apache.org/maven2/com/google/j2objc/j2objc-annotations/2.8/j2objc-annotations-2.8.pom
2025-04-17 06:52:40,073 [Worker-12: Import Getting Started Content] INFO  o.e.m.c.i.e.AbstractTransferListenerAdapter - Downloaded https://repo.maven.apache.org/maven2/com/google/j2objc/j2objc-annotations/2.8/j2objc-annotations-2.8.pom
2025-04-17 06:52:40,144 [Worker-12: Import Getting Started Content] INFO  o.e.m.c.i.e.AbstractTransferListenerAdapter - Downloading https://repo.maven.apache.org/maven2/commons-logging/commons-logging/1.3.4/commons-logging-1.3.4.pom
2025-04-17 06:52:40,158 [Worker-12: Import Getting Started Content] INFO  o.e.m.c.i.e.AbstractTransferListenerAdapter - Downloaded https://repo.maven.apache.org/maven2/commons-logging/commons-logging/1.3.4/commons-logging-1.3.4.pom
2025-04-17 06:52:40,231 [Worker-12: Import Getting Started Content] INFO  o.e.m.c.i.e.AbstractTransferListenerAdapter - Downloading https://repo.maven.apache.org/maven2/org/apache/commons/commons-parent/72/commons-parent-72.pom
2025-04-17 06:52:40,249 [Worker-12: Import Getting Started Content] INFO  o.e.m.c.i.e.AbstractTransferListenerAdapter - Downloaded https://repo.maven.apache.org/maven2/org/apache/commons/commons-parent/72/commons-parent-72.pom
2025-04-17 06:52:40,318 [Worker-12: Import Getting Started Content] INFO  o.e.m.c.i.e.AbstractTransferListenerAdapter - Downloading https://repo.maven.apache.org/maven2/org/junit/junit-bom/5.11.0-M2/junit-bom-5.11.0-M2.pom
2025-04-17 06:52:40,329 [Worker-12: Import Getting Started Content] INFO  o.e.m.c.i.e.AbstractTransferListenerAdapter - Downloaded https://repo.maven.apache.org/maven2/org/junit/junit-bom/5.11.0-M2/junit-bom-5.11.0-M2.pom
2025-04-17 06:52:40,401 [Worker-12: Import Getting Started Content] INFO  o.e.m.c.i.e.AbstractTransferListenerAdapter - Downloading https://repo.maven.apache.org/maven2/org/glassfish/jersey/containers/jersey-container-servlet/3.1.10/jersey-container-servlet-3.1.10.pom
2025-04-17 06:52:40,411 [Worker-12: Import Getting Started Content] INFO  o.e.m.c.i.e.AbstractTransferListenerAdapter - Downloaded https://repo.maven.apache.org/maven2/org/glassfish/jersey/containers/jersey-container-servlet/3.1.10/jersey-container-servlet-3.1.10.pom
2025-04-17 06:52:40,479 [Worker-12: Import Getting Started Content] INFO  o.e.m.c.i.e.AbstractTransferListenerAdapter - Downloading https://repo.maven.apache.org/maven2/org/glassfish/jersey/containers/project/3.1.10/project-3.1.10.pom
2025-04-17 06:52:40,489 [Worker-12: Import Getting Started Content] INFO  o.e.m.c.i.e.AbstractTransferListenerAdapter - Downloaded https://repo.maven.apache.org/maven2/org/glassfish/jersey/containers/project/3.1.10/project-3.1.10.pom
2025-04-17 06:52:40,562 [Worker-12: Import Getting Started Content] INFO  o.e.m.c.i.e.AbstractTransferListenerAdapter - Downloading https://repo.maven.apache.org/maven2/org/glassfish/jersey/containers/jersey-container-servlet-core/3.1.10/jersey-container-servlet-core-3.1.10.pom
2025-04-17 06:52:40,572 [Worker-12: Import Getting Started Content] INFO  o.e.m.c.i.e.AbstractTransferListenerAdapter - Downloaded https://repo.maven.apache.org/maven2/org/glassfish/jersey/containers/jersey-container-servlet-core/3.1.10/jersey-container-servlet-core-3.1.10.pom
2025-04-17 06:52:40,645 [Worker-12: Import Getting Started Content] INFO  o.e.m.c.i.e.AbstractTransferListenerAdapter - Downloading https://repo.maven.apache.org/maven2/org/glassfish/jersey/core/jersey-server/3.1.10/jersey-server-3.1.10.pom
2025-04-17 06:52:40,655 [Worker-12: Import Getting Started Content] INFO  o.e.m.c.i.e.AbstractTransferListenerAdapter - Downloaded https://repo.maven.apache.org/maven2/org/glassfish/jersey/core/jersey-server/3.1.10/jersey-server-3.1.10.pom
2025-04-17 06:52:40,760 [Worker-12: Import Getting Started Content] INFO  o.e.m.c.i.e.AbstractTransferListenerAdapter - Downloading https://repo.maven.apache.org/maven2/org/glassfish/hk2/spring-bridge/3.1.1/spring-bridge-3.1.1.pom
2025-04-17 06:52:40,767 [Worker-12: Import Getting Started Content] INFO  o.e.m.c.i.e.AbstractTransferListenerAdapter - Downloaded https://repo.maven.apache.org/maven2/org/glassfish/hk2/spring-bridge/3.1.1/spring-bridge-3.1.1.pom
2025-04-17 06:52:40,838 [Worker-12: Import Getting Started Content] INFO  o.e.m.c.i.e.AbstractTransferListenerAdapter - Downloading https://repo.maven.apache.org/maven2/org/glassfish/hk2/hk2-parent/3.1.1/hk2-parent-3.1.1.pom
2025-04-17 06:52:40,851 [Worker-12: Import Getting Started Content] INFO  o.e.m.c.i.e.AbstractTransferListenerAdapter - Downloaded https://repo.maven.apache.org/maven2/org/glassfish/hk2/hk2-parent/3.1.1/hk2-parent-3.1.1.pom
2025-04-17 06:52:40,921 [Worker-12: Import Getting Started Content] INFO  o.e.m.c.i.e.AbstractTransferListenerAdapter - Downloading https://repo.maven.apache.org/maven2/org/glassfish/hk2/hk2-api/3.1.1/hk2-api-3.1.1.pom
2025-04-17 06:52:40,929 [Worker-12: Import Getting Started Content] INFO  o.e.m.c.i.e.AbstractTransferListenerAdapter - Downloaded https://repo.maven.apache.org/maven2/org/glassfish/hk2/hk2-api/3.1.1/hk2-api-3.1.1.pom
2025-04-17 06:52:40,999 [Worker-12: Import Getting Started Content] INFO  o.e.m.c.i.e.AbstractTransferListenerAdapter - Downloading https://repo.maven.apache.org/maven2/com/fasterxml/jackson/dataformat/jackson-dataformat-xml/2.18.3/jackson-dataformat-xml-2.18.3.pom
2025-04-17 06:52:41,008 [Worker-12: Import Getting Started Content] INFO  o.e.m.c.i.e.AbstractTransferListenerAdapter - Downloaded https://repo.maven.apache.org/maven2/com/fasterxml/jackson/dataformat/jackson-dataformat-xml/2.18.3/jackson-dataformat-xml-2.18.3.pom
2025-04-17 06:52:41,076 [Worker-12: Import Getting Started Content] INFO  o.e.m.c.i.e.AbstractTransferListenerAdapter - Downloading https://repo.maven.apache.org/maven2/org/codehaus/woodstox/stax2-api/4.2.2/stax2-api-4.2.2.pom
2025-04-17 06:52:41,083 [Worker-12: Import Getting Started Content] INFO  o.e.m.c.i.e.AbstractTransferListenerAdapter - Downloaded https://repo.maven.apache.org/maven2/org/codehaus/woodstox/stax2-api/4.2.2/stax2-api-4.2.2.pom
2025-04-17 06:52:41,148 [Worker-12: Import Getting Started Content] INFO  o.e.m.c.i.e.AbstractTransferListenerAdapter - Downloading https://repo.maven.apache.org/maven2/com/fasterxml/oss-parent/55/oss-parent-55.pom
2025-04-17 06:52:41,161 [Worker-12: Import Getting Started Content] INFO  o.e.m.c.i.e.AbstractTransferListenerAdapter - Downloaded https://repo.maven.apache.org/maven2/com/fasterxml/oss-parent/55/oss-parent-55.pom
2025-04-17 06:52:41,227 [Worker-12: Import Getting Started Content] INFO  o.e.m.c.i.e.AbstractTransferListenerAdapter - Downloading https://repo.maven.apache.org/maven2/com/fasterxml/woodstox/woodstox-core/7.0.0/woodstox-core-7.0.0.pom
2025-04-17 06:52:41,235 [Worker-12: Import Getting Started Content] INFO  o.e.m.c.i.e.AbstractTransferListenerAdapter - Downloaded https://repo.maven.apache.org/maven2/com/fasterxml/woodstox/woodstox-core/7.0.0/woodstox-core-7.0.0.pom
2025-04-17 06:52:41,302 [Worker-12: Import Getting Started Content] INFO  o.e.m.c.i.e.AbstractTransferListenerAdapter - Downloading https://repo.maven.apache.org/maven2/com/fasterxml/oss-parent/59/oss-parent-59.pom
2025-04-17 06:52:41,324 [Worker-12: Import Getting Started Content] INFO  o.e.m.c.i.e.AbstractTransferListenerAdapter - Downloaded https://repo.maven.apache.org/maven2/com/fasterxml/oss-parent/59/oss-parent-59.pom
2025-04-17 06:52:41,408 [Worker-12: Import Getting Started Content] INFO  o.e.m.c.i.e.AbstractTransferListenerAdapter - Downloading https://repo.maven.apache.org/maven2/org/springframework/cloud/spring-cloud-starter-loadbalancer/4.2.1/spring-cloud-starter-loadbalancer-4.2.1.pom
2025-04-17 06:52:41,423 [Worker-12: Import Getting Started Content] INFO  o.e.m.c.i.e.AbstractTransferListenerAdapter - Downloaded https://repo.maven.apache.org/maven2/org/springframework/cloud/spring-cloud-starter-loadbalancer/4.2.1/spring-cloud-starter-loadbalancer-4.2.1.pom
2025-04-17 06:52:41,498 [Worker-12: Import Getting Started Content] INFO  o.e.m.c.i.e.AbstractTransferListenerAdapter - Downloading https://repo.maven.apache.org/maven2/org/springframework/cloud/spring-cloud-loadbalancer/4.2.1/spring-cloud-loadbalancer-4.2.1.pom
2025-04-17 06:52:41,507 [Worker-12: Import Getting Started Content] INFO  o.e.m.c.i.e.AbstractTransferListenerAdapter - Downloaded https://repo.maven.apache.org/maven2/org/springframework/cloud/spring-cloud-loadbalancer/4.2.1/spring-cloud-loadbalancer-4.2.1.pom
2025-04-17 06:52:41,633 [Worker-12: Import Getting Started Content] INFO  o.e.m.c.i.e.AbstractTransferListenerAdapter - Downloading https://repo.maven.apache.org/maven2/io/projectreactor/addons/reactor-extra/3.5.2/reactor-extra-3.5.2.pom
2025-04-17 06:52:41,650 [Worker-12: Import Getting Started Content] INFO  o.e.m.c.i.e.AbstractTransferListenerAdapter - Downloaded https://repo.maven.apache.org/maven2/io/projectreactor/addons/reactor-extra/3.5.2/reactor-extra-3.5.2.pom
2025-04-17 06:52:41,735 [Worker-12: Import Getting Started Content] INFO  o.e.m.c.i.e.AbstractTransferListenerAdapter - Downloading https://repo.maven.apache.org/maven2/org/springframework/boot/spring-boot-starter-cache/3.4.4/spring-boot-starter-cache-3.4.4.pom
2025-04-17 06:52:41,748 [Worker-12: Import Getting Started Content] INFO  o.e.m.c.i.e.AbstractTransferListenerAdapter - Downloaded https://repo.maven.apache.org/maven2/org/springframework/boot/spring-boot-starter-cache/3.4.4/spring-boot-starter-cache-3.4.4.pom
2025-04-17 06:52:41,820 [Worker-12: Import Getting Started Content] INFO  o.e.m.c.i.e.AbstractTransferListenerAdapter - Downloading https://repo.maven.apache.org/maven2/com/stoyanr/evictor/1.0.0/evictor-1.0.0.pom
2025-04-17 06:52:41,828 [Worker-12: Import Getting Started Content] INFO  o.e.m.c.i.e.AbstractTransferListenerAdapter - Downloaded https://repo.maven.apache.org/maven2/com/stoyanr/evictor/1.0.0/evictor-1.0.0.pom
2025-04-17 06:52:43,102 [Worker-12: Import Getting Started Content] INFO  o.e.m.c.i.e.AbstractTransferListenerAdapter - Downloading https://repo.maven.apache.org/maven2/org/springframework/cloud/spring-cloud-starter-netflix-eureka-server/4.2.1/spring-cloud-starter-netflix-eureka-server-4.2.1.jar
2025-04-17 06:52:43,111 [Worker-12: Import Getting Started Content] INFO  o.e.m.c.i.e.AbstractTransferListenerAdapter - Downloaded https://repo.maven.apache.org/maven2/org/springframework/cloud/spring-cloud-starter-netflix-eureka-server/4.2.1/spring-cloud-starter-netflix-eureka-server-4.2.1.jar
2025-04-17 06:52:43,173 [BasicRepositoryConnector-repo.maven.apache.org-0-1] INFO  o.e.m.c.i.e.AbstractTransferListenerAdapter - Downloading https://repo.maven.apache.org/maven2/org/springframework/boot/spring-boot-starter-actuator/3.4.4/spring-boot-starter-actuator-3.4.4.jar
2025-04-17 06:52:43,183 [BasicRepositoryConnector-repo.maven.apache.org-0-1] INFO  o.e.m.c.i.e.AbstractTransferListenerAdapter - Downloaded https://repo.maven.apache.org/maven2/org/springframework/boot/spring-boot-starter-actuator/3.4.4/spring-boot-starter-actuator-3.4.4.jar
2025-04-17 06:52:43,248 [BasicRepositoryConnector-repo.maven.apache.org-0-1] INFO  o.e.m.c.i.e.AbstractTransferListenerAdapter - Downloading https://repo.maven.apache.org/maven2/org/springframework/boot/spring-boot-starter-freemarker/3.4.4/spring-boot-starter-freemarker-3.4.4.jar
2025-04-17 06:52:43,263 [BasicRepositoryConnector-repo.maven.apache.org-0-1] INFO  o.e.m.c.i.e.AbstractTransferListenerAdapter - Downloaded https://repo.maven.apache.org/maven2/org/springframework/boot/spring-boot-starter-freemarker/3.4.4/spring-boot-starter-freemarker-3.4.4.jar
2025-04-17 06:52:43,308 [BasicRepositoryConnector-repo.maven.apache.org-0-3] INFO  o.e.m.c.i.e.AbstractTransferListenerAdapter - Downloading https://repo.maven.apache.org/maven2/org/springframework/boot/spring-boot-actuator/3.4.4/spring-boot-actuator-3.4.4.jar
2025-04-17 06:52:43,315 [BasicRepositoryConnector-repo.maven.apache.org-0-4] INFO  o.e.m.c.i.e.AbstractTransferListenerAdapter - Downloading https://repo.maven.apache.org/maven2/io/micrometer/micrometer-jakarta9/1.14.5/micrometer-jakarta9-1.14.5.jar
2025-04-17 06:52:43,322 [BasicRepositoryConnector-repo.maven.apache.org-0-2] INFO  o.e.m.c.i.e.AbstractTransferListenerAdapter - Downloading https://repo.maven.apache.org/maven2/org/springframework/boot/spring-boot-actuator-autoconfigure/3.4.4/spring-boot-actuator-autoconfigure-3.4.4.jar
2025-04-17 06:52:43,331 [BasicRepositoryConnector-repo.maven.apache.org-0-0] INFO  o.e.m.c.i.e.AbstractTransferListenerAdapter - Downloading https://repo.maven.apache.org/maven2/org/springframework/cloud/spring-cloud-netflix-eureka-server/4.2.1/spring-cloud-netflix-eureka-server-4.2.1.jar
2025-04-17 06:52:43,334 [BasicRepositoryConnector-repo.maven.apache.org-0-1] INFO  o.e.m.c.i.e.AbstractTransferListenerAdapter - Downloading https://repo.maven.apache.org/maven2/org/freemarker/freemarker/2.3.34/freemarker-2.3.34.jar
2025-04-17 06:52:43,346 [BasicRepositoryConnector-repo.maven.apache.org-0-4] INFO  o.e.m.c.i.e.AbstractTransferListenerAdapter - Downloaded https://repo.maven.apache.org/maven2/io/micrometer/micrometer-jakarta9/1.14.5/micrometer-jakarta9-1.14.5.jar
2025-04-17 06:52:43,440 [BasicRepositoryConnector-repo.maven.apache.org-0-4] INFO  o.e.m.c.i.e.AbstractTransferListenerAdapter - Downloading https://repo.maven.apache.org/maven2/org/springframework/cloud/spring-cloud-netflix-eureka-client/4.2.1/spring-cloud-netflix-eureka-client-4.2.1.jar
2025-04-17 06:52:43,636 [BasicRepositoryConnector-repo.maven.apache.org-0-4] INFO  o.e.m.c.i.e.AbstractTransferListenerAdapter - Downloaded https://repo.maven.apache.org/maven2/org/springframework/cloud/spring-cloud-netflix-eureka-client/4.2.1/spring-cloud-netflix-eureka-client-4.2.1.jar
2025-04-17 06:52:43,759 [BasicRepositoryConnector-repo.maven.apache.org-0-4] INFO  o.e.m.c.i.e.AbstractTransferListenerAdapter - Downloading https://repo.maven.apache.org/maven2/com/netflix/eureka/eureka-client/2.0.4/eureka-client-2.0.4.jar
2025-04-17 06:52:43,824 [BasicRepositoryConnector-repo.maven.apache.org-0-3] INFO  o.e.m.c.i.e.AbstractTransferListenerAdapter - Downloaded https://repo.maven.apache.org/maven2/org/springframework/boot/spring-boot-actuator/3.4.4/spring-boot-actuator-3.4.4.jar
2025-04-17 06:52:43,854 [BasicRepositoryConnector-repo.maven.apache.org-0-0] INFO  o.e.m.c.i.e.AbstractTransferListenerAdapter - Downloaded https://repo.maven.apache.org/maven2/org/springframework/cloud/spring-cloud-netflix-eureka-server/4.2.1/spring-cloud-netflix-eureka-server-4.2.1.jar
2025-04-17 06:52:43,933 [BasicRepositoryConnector-repo.maven.apache.org-0-2] INFO  o.e.m.c.i.e.AbstractTransferListenerAdapter - Downloaded https://repo.maven.apache.org/maven2/org/springframework/boot/spring-boot-actuator-autoconfigure/3.4.4/spring-boot-actuator-autoconfigure-3.4.4.jar
2025-04-17 06:52:43,956 [BasicRepositoryConnector-repo.maven.apache.org-0-3] INFO  o.e.m.c.i.e.AbstractTransferListenerAdapter - Downloading https://repo.maven.apache.org/maven2/com/thoughtworks/xstream/xstream/1.4.20/xstream-1.4.20.jar
2025-04-17 06:52:43,970 [BasicRepositoryConnector-repo.maven.apache.org-0-0] INFO  o.e.m.c.i.e.AbstractTransferListenerAdapter - Downloading https://repo.maven.apache.org/maven2/io/github/x-stream/mxparser/1.2.2/mxparser-1.2.2.jar
2025-04-17 06:52:43,994 [BasicRepositoryConnector-repo.maven.apache.org-0-0] INFO  o.e.m.c.i.e.AbstractTransferListenerAdapter - Downloaded https://repo.maven.apache.org/maven2/io/github/x-stream/mxparser/1.2.2/mxparser-1.2.2.jar
2025-04-17 06:52:44,009 [BasicRepositoryConnector-repo.maven.apache.org-0-2] INFO  o.e.m.c.i.e.AbstractTransferListenerAdapter - Downloading https://repo.maven.apache.org/maven2/xmlpull/xmlpull/1.1.3.1/xmlpull-1.1.3.1.jar
2025-04-17 06:52:44,018 [BasicRepositoryConnector-repo.maven.apache.org-0-2] INFO  o.e.m.c.i.e.AbstractTransferListenerAdapter - Downloaded https://repo.maven.apache.org/maven2/xmlpull/xmlpull/1.1.3.1/xmlpull-1.1.3.1.jar
2025-04-17 06:52:44,042 [BasicRepositoryConnector-repo.maven.apache.org-0-4] INFO  o.e.m.c.i.e.AbstractTransferListenerAdapter - Downloaded https://repo.maven.apache.org/maven2/com/netflix/eureka/eureka-client/2.0.4/eureka-client-2.0.4.jar
2025-04-17 06:52:44,099 [BasicRepositoryConnector-repo.maven.apache.org-0-0] INFO  o.e.m.c.i.e.AbstractTransferListenerAdapter - Downloading https://repo.maven.apache.org/maven2/com/netflix/spectator/spectator-api/1.7.3/spectator-api-1.7.3.jar
2025-04-17 06:52:44,144 [BasicRepositoryConnector-repo.maven.apache.org-0-2] INFO  o.e.m.c.i.e.AbstractTransferListenerAdapter - Downloading https://repo.maven.apache.org/maven2/org/apache/httpcomponents/httpclient/4.5.3/httpclient-4.5.3.jar
2025-04-17 06:52:44,177 [BasicRepositoryConnector-repo.maven.apache.org-0-4] INFO  o.e.m.c.i.e.AbstractTransferListenerAdapter - Downloading https://repo.maven.apache.org/maven2/commons-configuration/commons-configuration/1.10/commons-configuration-1.10.jar
2025-04-17 06:52:44,301 [BasicRepositoryConnector-repo.maven.apache.org-0-0] INFO  o.e.m.c.i.e.AbstractTransferListenerAdapter - Downloaded https://repo.maven.apache.org/maven2/com/netflix/spectator/spectator-api/1.7.3/spectator-api-1.7.3.jar
2025-04-17 06:52:44,350 [BasicRepositoryConnector-repo.maven.apache.org-0-3] INFO  o.e.m.c.i.e.AbstractTransferListenerAdapter - Downloaded https://repo.maven.apache.org/maven2/com/thoughtworks/xstream/xstream/1.4.20/xstream-1.4.20.jar
2025-04-17 06:52:44,359 [BasicRepositoryConnector-repo.maven.apache.org-0-2] INFO  o.e.m.c.i.e.AbstractTransferListenerAdapter - Downloaded https://repo.maven.apache.org/maven2/org/apache/httpcomponents/httpclient/4.5.3/httpclient-4.5.3.jar
2025-04-17 06:52:44,424 [BasicRepositoryConnector-repo.maven.apache.org-0-1] INFO  o.e.m.c.i.e.AbstractTransferListenerAdapter - Downloaded https://repo.maven.apache.org/maven2/org/freemarker/freemarker/2.3.34/freemarker-2.3.34.jar
2025-04-17 06:52:44,457 [BasicRepositoryConnector-repo.maven.apache.org-0-0] INFO  o.e.m.c.i.e.AbstractTransferListenerAdapter - Downloading https://repo.maven.apache.org/maven2/commons-lang/commons-lang/2.6/commons-lang-2.6.jar
2025-04-17 06:52:44,463 [BasicRepositoryConnector-repo.maven.apache.org-0-3] INFO  o.e.m.c.i.e.AbstractTransferListenerAdapter - Downloading https://repo.maven.apache.org/maven2/com/netflix/netflix-commons/netflix-eventbus/0.3.0/netflix-eventbus-0.3.0.jar
2025-04-17 06:52:44,468 [BasicRepositoryConnector-repo.maven.apache.org-0-2] INFO  o.e.m.c.i.e.AbstractTransferListenerAdapter - Downloading https://repo.maven.apache.org/maven2/com/netflix/netflix-commons/netflix-infix/0.3.0/netflix-infix-0.3.0.jar
2025-04-17 06:52:44,479 [BasicRepositoryConnector-repo.maven.apache.org-0-4] INFO  o.e.m.c.i.e.AbstractTransferListenerAdapter - Downloaded https://repo.maven.apache.org/maven2/commons-configuration/commons-configuration/1.10/commons-configuration-1.10.jar
2025-04-17 06:52:44,484 [BasicRepositoryConnector-repo.maven.apache.org-0-1] INFO  o.e.m.c.i.e.AbstractTransferListenerAdapter - Downloading https://repo.maven.apache.org/maven2/commons-jxpath/commons-jxpath/1.3/commons-jxpath-1.3.jar
2025-04-17 06:52:44,490 [BasicRepositoryConnector-repo.maven.apache.org-0-3] INFO  o.e.m.c.i.e.AbstractTransferListenerAdapter - Downloaded https://repo.maven.apache.org/maven2/com/netflix/netflix-commons/netflix-eventbus/0.3.0/netflix-eventbus-0.3.0.jar
2025-04-17 06:52:44,530 [BasicRepositoryConnector-repo.maven.apache.org-0-2] INFO  o.e.m.c.i.e.AbstractTransferListenerAdapter - Downloaded https://repo.maven.apache.org/maven2/com/netflix/netflix-commons/netflix-infix/0.3.0/netflix-infix-0.3.0.jar
2025-04-17 06:52:44,549 [BasicRepositoryConnector-repo.maven.apache.org-0-4] INFO  o.e.m.c.i.e.AbstractTransferListenerAdapter - Downloading https://repo.maven.apache.org/maven2/joda-time/joda-time/2.3/joda-time-2.3.jar
2025-04-17 06:52:44,559 [BasicRepositoryConnector-repo.maven.apache.org-0-3] INFO  o.e.m.c.i.e.AbstractTransferListenerAdapter - Downloading https://repo.maven.apache.org/maven2/org/antlr/antlr-runtime/3.4/antlr-runtime-3.4.jar
2025-04-17 06:52:44,617 [BasicRepositoryConnector-repo.maven.apache.org-0-3] INFO  o.e.m.c.i.e.AbstractTransferListenerAdapter - Downloaded https://repo.maven.apache.org/maven2/org/antlr/antlr-runtime/3.4/antlr-runtime-3.4.jar
2025-04-17 06:52:44,622 [BasicRepositoryConnector-repo.maven.apache.org-0-2] INFO  o.e.m.c.i.e.AbstractTransferListenerAdapter - Downloading https://repo.maven.apache.org/maven2/org/antlr/stringtemplate/3.2.1/stringtemplate-3.2.1.jar
2025-04-17 06:52:44,672 [BasicRepositoryConnector-repo.maven.apache.org-0-1] INFO  o.e.m.c.i.e.AbstractTransferListenerAdapter - Downloaded https://repo.maven.apache.org/maven2/commons-jxpath/commons-jxpath/1.3/commons-jxpath-1.3.jar
2025-04-17 06:52:44,675 [BasicRepositoryConnector-repo.maven.apache.org-0-0] INFO  o.e.m.c.i.e.AbstractTransferListenerAdapter - Downloaded https://repo.maven.apache.org/maven2/commons-lang/commons-lang/2.6/commons-lang-2.6.jar
2025-04-17 06:52:44,696 [BasicRepositoryConnector-repo.maven.apache.org-0-2] INFO  o.e.m.c.i.e.AbstractTransferListenerAdapter - Downloaded https://repo.maven.apache.org/maven2/org/antlr/stringtemplate/3.2.1/stringtemplate-3.2.1.jar
2025-04-17 06:52:44,753 [BasicRepositoryConnector-repo.maven.apache.org-0-3] INFO  o.e.m.c.i.e.AbstractTransferListenerAdapter - Downloading https://repo.maven.apache.org/maven2/antlr/antlr/2.7.7/antlr-2.7.7.jar
2025-04-17 06:52:44,766 [BasicRepositoryConnector-repo.maven.apache.org-0-0] INFO  o.e.m.c.i.e.AbstractTransferListenerAdapter - Downloading https://repo.maven.apache.org/maven2/com/netflix/servo/servo-core/0.5.3/servo-core-0.5.3.jar
2025-04-17 06:52:44,767 [BasicRepositoryConnector-repo.maven.apache.org-0-2] INFO  o.e.m.c.i.e.AbstractTransferListenerAdapter - Downloading https://repo.maven.apache.org/maven2/org/apache/commons/commons-math/2.2/commons-math-2.2.jar
2025-04-17 06:52:44,774 [BasicRepositoryConnector-repo.maven.apache.org-0-1] INFO  o.e.m.c.i.e.AbstractTransferListenerAdapter - Downloading https://repo.maven.apache.org/maven2/com/google/code/gson/gson/2.11.0/gson-2.11.0.jar
2025-04-17 06:52:44,866 [BasicRepositoryConnector-repo.maven.apache.org-0-4] INFO  o.e.m.c.i.e.AbstractTransferListenerAdapter - Downloaded https://repo.maven.apache.org/maven2/joda-time/joda-time/2.3/joda-time-2.3.jar
2025-04-17 06:52:44,909 [BasicRepositoryConnector-repo.maven.apache.org-0-3] INFO  o.e.m.c.i.e.AbstractTransferListenerAdapter - Downloaded https://repo.maven.apache.org/maven2/antlr/antlr/2.7.7/antlr-2.7.7.jar
2025-04-17 06:52:44,993 [BasicRepositoryConnector-repo.maven.apache.org-0-1] INFO  o.e.m.c.i.e.AbstractTransferListenerAdapter - Downloaded https://repo.maven.apache.org/maven2/com/google/code/gson/gson/2.11.0/gson-2.11.0.jar
2025-04-17 06:52:45,031 [BasicRepositoryConnector-repo.maven.apache.org-0-0] INFO  o.e.m.c.i.e.AbstractTransferListenerAdapter - Downloaded https://repo.maven.apache.org/maven2/com/netflix/servo/servo-core/0.5.3/servo-core-0.5.3.jar
2025-04-17 06:52:45,044 [BasicRepositoryConnector-repo.maven.apache.org-0-4] INFO  o.e.m.c.i.e.AbstractTransferListenerAdapter - Downloading https://repo.maven.apache.org/maven2/javax/annotation/javax.annotation-api/1.2/javax.annotation-api-1.2.jar
2025-04-17 06:52:45,055 [BasicRepositoryConnector-repo.maven.apache.org-0-3] INFO  o.e.m.c.i.e.AbstractTransferListenerAdapter - Downloading https://repo.maven.apache.org/maven2/org/codehaus/jettison/jettison/1.5.4/jettison-1.5.4.jar
2025-04-17 06:52:45,062 [BasicRepositoryConnector-repo.maven.apache.org-0-4] INFO  o.e.m.c.i.e.AbstractTransferListenerAdapter - Downloaded https://repo.maven.apache.org/maven2/javax/annotation/javax.annotation-api/1.2/javax.annotation-api-1.2.jar
2025-04-17 06:52:45,069 [BasicRepositoryConnector-repo.maven.apache.org-0-1] INFO  o.e.m.c.i.e.AbstractTransferListenerAdapter - Downloading https://repo.maven.apache.org/maven2/com/netflix/eureka/eureka-client-jersey3/2.0.4/eureka-client-jersey3-2.0.4.jar
2025-04-17 06:52:45,082 [BasicRepositoryConnector-repo.maven.apache.org-0-3] INFO  o.e.m.c.i.e.AbstractTransferListenerAdapter - Downloaded https://repo.maven.apache.org/maven2/org/codehaus/jettison/jettison/1.5.4/jettison-1.5.4.jar
2025-04-17 06:52:45,096 [BasicRepositoryConnector-repo.maven.apache.org-0-0] INFO  o.e.m.c.i.e.AbstractTransferListenerAdapter - Downloading https://repo.maven.apache.org/maven2/org/glassfish/jersey/connectors/jersey-apache-connector/3.1.10/jersey-apache-connector-3.1.10.jar
2025-04-17 06:52:45,098 [BasicRepositoryConnector-repo.maven.apache.org-0-1] INFO  o.e.m.c.i.e.AbstractTransferListenerAdapter - Downloaded https://repo.maven.apache.org/maven2/com/netflix/eureka/eureka-client-jersey3/2.0.4/eureka-client-jersey3-2.0.4.jar
2025-04-17 06:52:45,121 [BasicRepositoryConnector-repo.maven.apache.org-0-0] INFO  o.e.m.c.i.e.AbstractTransferListenerAdapter - Downloaded https://repo.maven.apache.org/maven2/org/glassfish/jersey/connectors/jersey-apache-connector/3.1.10/jersey-apache-connector-3.1.10.jar
2025-04-17 06:52:45,140 [BasicRepositoryConnector-repo.maven.apache.org-0-4] INFO  o.e.m.c.i.e.AbstractTransferListenerAdapter - Downloading https://repo.maven.apache.org/maven2/com/netflix/eureka/eureka-core-jersey3/2.0.4/eureka-core-jersey3-2.0.4.jar
2025-04-17 06:52:45,147 [BasicRepositoryConnector-repo.maven.apache.org-0-3] INFO  o.e.m.c.i.e.AbstractTransferListenerAdapter - Downloading https://repo.maven.apache.org/maven2/com/netflix/eureka/eureka-core/2.0.4/eureka-core-2.0.4.jar
2025-04-17 06:52:45,151 [BasicRepositoryConnector-repo.maven.apache.org-0-4] INFO  o.e.m.c.i.e.AbstractTransferListenerAdapter - Downloaded https://repo.maven.apache.org/maven2/com/netflix/eureka/eureka-core-jersey3/2.0.4/eureka-core-jersey3-2.0.4.jar
2025-04-17 06:52:45,179 [BasicRepositoryConnector-repo.maven.apache.org-0-1] INFO  o.e.m.c.i.e.AbstractTransferListenerAdapter - Downloading https://repo.maven.apache.org/maven2/com/google/guava/guava/33.0.0-jre/guava-33.0.0-jre.jar
2025-04-17 06:52:45,217 [BasicRepositoryConnector-repo.maven.apache.org-0-0] INFO  o.e.m.c.i.e.AbstractTransferListenerAdapter - Downloading https://repo.maven.apache.org/maven2/com/google/guava/failureaccess/1.0.2/failureaccess-1.0.2.jar
2025-04-17 06:52:45,222 [BasicRepositoryConnector-repo.maven.apache.org-0-3] INFO  o.e.m.c.i.e.AbstractTransferListenerAdapter - Downloaded https://repo.maven.apache.org/maven2/com/netflix/eureka/eureka-core/2.0.4/eureka-core-2.0.4.jar
2025-04-17 06:52:45,228 [BasicRepositoryConnector-repo.maven.apache.org-0-0] INFO  o.e.m.c.i.e.AbstractTransferListenerAdapter - Downloaded https://repo.maven.apache.org/maven2/com/google/guava/failureaccess/1.0.2/failureaccess-1.0.2.jar
2025-04-17 06:52:45,240 [BasicRepositoryConnector-repo.maven.apache.org-0-2] INFO  o.e.m.c.i.e.AbstractTransferListenerAdapter - Downloaded https://repo.maven.apache.org/maven2/org/apache/commons/commons-math/2.2/commons-math-2.2.jar
2025-04-17 06:52:45,240 [BasicRepositoryConnector-repo.maven.apache.org-0-4] INFO  o.e.m.c.i.e.AbstractTransferListenerAdapter - Downloading https://repo.maven.apache.org/maven2/com/google/guava/listenablefuture/9999.0-empty-to-avoid-conflict-with-guava/listenablefuture-9999.0-empty-to-avoid-conflict-with-guava.jar
2025-04-17 06:52:45,250 [BasicRepositoryConnector-repo.maven.apache.org-0-4] INFO  o.e.m.c.i.e.AbstractTransferListenerAdapter - Downloaded https://repo.maven.apache.org/maven2/com/google/guava/listenablefuture/9999.0-empty-to-avoid-conflict-with-guava/listenablefuture-9999.0-empty-to-avoid-conflict-with-guava.jar
2025-04-17 06:52:45,307 [BasicRepositoryConnector-repo.maven.apache.org-0-3] INFO  o.e.m.c.i.e.AbstractTransferListenerAdapter - Downloading https://repo.maven.apache.org/maven2/org/checkerframework/checker-qual/3.41.0/checker-qual-3.41.0.jar
2025-04-17 06:52:45,308 [BasicRepositoryConnector-repo.maven.apache.org-0-2] INFO  o.e.m.c.i.e.AbstractTransferListenerAdapter - Downloading https://repo.maven.apache.org/maven2/com/google/j2objc/j2objc-annotations/2.8/j2objc-annotations-2.8.jar
2025-04-17 06:52:45,308 [BasicRepositoryConnector-repo.maven.apache.org-0-0] INFO  o.e.m.c.i.e.AbstractTransferListenerAdapter - Downloading https://repo.maven.apache.org/maven2/com/google/errorprone/error_prone_annotations/2.23.0/error_prone_annotations-2.23.0.jar
2025-04-17 06:52:45,316 [BasicRepositoryConnector-repo.maven.apache.org-0-4] INFO  o.e.m.c.i.e.AbstractTransferListenerAdapter - Downloading https://repo.maven.apache.org/maven2/org/glassfish/jersey/containers/jersey-container-servlet/3.1.10/jersey-container-servlet-3.1.10.jar
2025-04-17 06:52:45,317 [BasicRepositoryConnector-repo.maven.apache.org-0-2] INFO  o.e.m.c.i.e.AbstractTransferListenerAdapter - Downloaded https://repo.maven.apache.org/maven2/com/google/j2objc/j2objc-annotations/2.8/j2objc-annotations-2.8.jar
2025-04-17 06:52:45,326 [BasicRepositoryConnector-repo.maven.apache.org-0-0] INFO  o.e.m.c.i.e.AbstractTransferListenerAdapter - Downloaded https://repo.maven.apache.org/maven2/com/google/errorprone/error_prone_annotations/2.23.0/error_prone_annotations-2.23.0.jar
2025-04-17 06:52:45,330 [BasicRepositoryConnector-repo.maven.apache.org-0-4] INFO  o.e.m.c.i.e.AbstractTransferListenerAdapter - Downloaded https://repo.maven.apache.org/maven2/org/glassfish/jersey/containers/jersey-container-servlet/3.1.10/jersey-container-servlet-3.1.10.jar
2025-04-17 06:52:45,386 [BasicRepositoryConnector-repo.maven.apache.org-0-3] INFO  o.e.m.c.i.e.AbstractTransferListenerAdapter - Downloaded https://repo.maven.apache.org/maven2/org/checkerframework/checker-qual/3.41.0/checker-qual-3.41.0.jar
2025-04-17 06:52:45,392 [BasicRepositoryConnector-repo.maven.apache.org-0-2] INFO  o.e.m.c.i.e.AbstractTransferListenerAdapter - Downloading https://repo.maven.apache.org/maven2/org/glassfish/jersey/containers/jersey-container-servlet-core/3.1.10/jersey-container-servlet-core-3.1.10.jar
2025-04-17 06:52:45,412 [BasicRepositoryConnector-repo.maven.apache.org-0-2] INFO  o.e.m.c.i.e.AbstractTransferListenerAdapter - Downloaded https://repo.maven.apache.org/maven2/org/glassfish/jersey/containers/jersey-container-servlet-core/3.1.10/jersey-container-servlet-core-3.1.10.jar
2025-04-17 06:52:45,426 [BasicRepositoryConnector-repo.maven.apache.org-0-4] INFO  o.e.m.c.i.e.AbstractTransferListenerAdapter - Downloading https://repo.maven.apache.org/maven2/org/glassfish/hk2/osgi-resource-locator/1.0.3/osgi-resource-locator-1.0.3.jar
2025-04-17 06:52:45,427 [BasicRepositoryConnector-repo.maven.apache.org-0-0] INFO  o.e.m.c.i.e.AbstractTransferListenerAdapter - Downloading https://repo.maven.apache.org/maven2/org/glassfish/jersey/core/jersey-common/3.1.10/jersey-common-3.1.10.jar
2025-04-17 06:52:45,446 [BasicRepositoryConnector-repo.maven.apache.org-0-4] INFO  o.e.m.c.i.e.AbstractTransferListenerAdapter - Downloaded https://repo.maven.apache.org/maven2/org/glassfish/hk2/osgi-resource-locator/1.0.3/osgi-resource-locator-1.0.3.jar
2025-04-17 06:52:45,506 [BasicRepositoryConnector-repo.maven.apache.org-0-3] INFO  o.e.m.c.i.e.AbstractTransferListenerAdapter - Downloading https://repo.maven.apache.org/maven2/jakarta/ws/rs/jakarta.ws.rs-api/3.1.0/jakarta.ws.rs-api-3.1.0.jar
2025-04-17 06:52:45,510 [BasicRepositoryConnector-repo.maven.apache.org-0-2] INFO  o.e.m.c.i.e.AbstractTransferListenerAdapter - Downloading https://repo.maven.apache.org/maven2/org/glassfish/jersey/core/jersey-server/3.1.10/jersey-server-3.1.10.jar
2025-04-17 06:52:45,647 [BasicRepositoryConnector-repo.maven.apache.org-0-3] INFO  o.e.m.c.i.e.AbstractTransferListenerAdapter - Downloaded https://repo.maven.apache.org/maven2/jakarta/ws/rs/jakarta.ws.rs-api/3.1.0/jakarta.ws.rs-api-3.1.0.jar
2025-04-17 06:52:45,668 [BasicRepositoryConnector-repo.maven.apache.org-0-4] INFO  o.e.m.c.i.e.AbstractTransferListenerAdapter - Downloading https://repo.maven.apache.org/maven2/org/glassfish/jersey/core/jersey-client/3.1.10/jersey-client-3.1.10.jar
2025-04-17 06:52:45,751 [BasicRepositoryConnector-repo.maven.apache.org-0-4] INFO  o.e.m.c.i.e.AbstractTransferListenerAdapter - Downloaded https://repo.maven.apache.org/maven2/org/glassfish/jersey/core/jersey-client/3.1.10/jersey-client-3.1.10.jar
2025-04-17 06:52:45,792 [BasicRepositoryConnector-repo.maven.apache.org-0-0] INFO  o.e.m.c.i.e.AbstractTransferListenerAdapter - Downloaded https://repo.maven.apache.org/maven2/org/glassfish/jersey/core/jersey-common/3.1.10/jersey-common-3.1.10.jar
2025-04-17 06:52:45,865 [BasicRepositoryConnector-repo.maven.apache.org-0-3] INFO  o.e.m.c.i.e.AbstractTransferListenerAdapter - Downloading https://repo.maven.apache.org/maven2/org/glassfish/jersey/inject/jersey-hk2/3.1.10/jersey-hk2-3.1.10.jar
2025-04-17 06:52:45,882 [BasicRepositoryConnector-repo.maven.apache.org-0-4] INFO  o.e.m.c.i.e.AbstractTransferListenerAdapter - Downloading https://repo.maven.apache.org/maven2/org/glassfish/hk2/hk2-locator/3.0.6/hk2-locator-3.0.6.jar
2025-04-17 06:52:45,892 [BasicRepositoryConnector-repo.maven.apache.org-0-0] INFO  o.e.m.c.i.e.AbstractTransferListenerAdapter - Downloading https://repo.maven.apache.org/maven2/org/glassfish/hk2/hk2-utils/3.0.6/hk2-utils-3.0.6.jar
2025-04-17 06:52:45,961 [BasicRepositoryConnector-repo.maven.apache.org-0-3] INFO  o.e.m.c.i.e.AbstractTransferListenerAdapter - Downloaded https://repo.maven.apache.org/maven2/org/glassfish/jersey/inject/jersey-hk2/3.1.10/jersey-hk2-3.1.10.jar
2025-04-17 06:52:45,965 [BasicRepositoryConnector-repo.maven.apache.org-0-0] INFO  o.e.m.c.i.e.AbstractTransferListenerAdapter - Downloaded https://repo.maven.apache.org/maven2/org/glassfish/hk2/hk2-utils/3.0.6/hk2-utils-3.0.6.jar
2025-04-17 06:52:46,025 [BasicRepositoryConnector-repo.maven.apache.org-0-4] INFO  o.e.m.c.i.e.AbstractTransferListenerAdapter - Downloaded https://repo.maven.apache.org/maven2/org/glassfish/hk2/hk2-locator/3.0.6/hk2-locator-3.0.6.jar
2025-04-17 06:52:46,111 [BasicRepositoryConnector-repo.maven.apache.org-0-0] INFO  o.e.m.c.i.e.AbstractTransferListenerAdapter - Downloading https://repo.maven.apache.org/maven2/org/glassfish/hk2/spring-bridge/3.1.1/spring-bridge-3.1.1.jar
2025-04-17 06:52:46,114 [BasicRepositoryConnector-repo.maven.apache.org-0-3] INFO  o.e.m.c.i.e.AbstractTransferListenerAdapter - Downloading https://repo.maven.apache.org/maven2/org/javassist/javassist/3.30.2-GA/javassist-3.30.2-GA.jar
2025-04-17 06:52:46,124 [BasicRepositoryConnector-repo.maven.apache.org-0-2] INFO  o.e.m.c.i.e.AbstractTransferListenerAdapter - Downloaded https://repo.maven.apache.org/maven2/org/glassfish/jersey/core/jersey-server/3.1.10/jersey-server-3.1.10.jar
2025-04-17 06:52:46,126 [BasicRepositoryConnector-repo.maven.apache.org-0-4] INFO  o.e.m.c.i.e.AbstractTransferListenerAdapter - Downloading https://repo.maven.apache.org/maven2/org/glassfish/hk2/hk2-api/3.1.1/hk2-api-3.1.1.jar
2025-04-17 06:52:46,132 [BasicRepositoryConnector-repo.maven.apache.org-0-0] INFO  o.e.m.c.i.e.AbstractTransferListenerAdapter - Downloaded https://repo.maven.apache.org/maven2/org/glassfish/hk2/spring-bridge/3.1.1/spring-bridge-3.1.1.jar
2025-04-17 06:52:46,255 [BasicRepositoryConnector-repo.maven.apache.org-0-2] INFO  o.e.m.c.i.e.AbstractTransferListenerAdapter - Downloading https://repo.maven.apache.org/maven2/com/fasterxml/jackson/dataformat/jackson-dataformat-xml/2.18.3/jackson-dataformat-xml-2.18.3.jar
2025-04-17 06:52:46,267 [BasicRepositoryConnector-repo.maven.apache.org-0-0] INFO  o.e.m.c.i.e.AbstractTransferListenerAdapter - Downloading https://repo.maven.apache.org/maven2/org/codehaus/woodstox/stax2-api/4.2.2/stax2-api-4.2.2.jar
2025-04-17 06:52:46,296 [BasicRepositoryConnector-repo.maven.apache.org-0-4] INFO  o.e.m.c.i.e.AbstractTransferListenerAdapter - Downloaded https://repo.maven.apache.org/maven2/org/glassfish/hk2/hk2-api/3.1.1/hk2-api-3.1.1.jar
2025-04-17 06:52:46,363 [BasicRepositoryConnector-repo.maven.apache.org-0-3] INFO  o.e.m.c.i.e.AbstractTransferListenerAdapter - Downloaded https://repo.maven.apache.org/maven2/org/javassist/javassist/3.30.2-GA/javassist-3.30.2-GA.jar
2025-04-17 06:52:46,369 [BasicRepositoryConnector-repo.maven.apache.org-0-2] INFO  o.e.m.c.i.e.AbstractTransferListenerAdapter - Downloaded https://repo.maven.apache.org/maven2/com/fasterxml/jackson/dataformat/jackson-dataformat-xml/2.18.3/jackson-dataformat-xml-2.18.3.jar
2025-04-17 06:52:46,376 [BasicRepositoryConnector-repo.maven.apache.org-0-0] INFO  o.e.m.c.i.e.AbstractTransferListenerAdapter - Downloaded https://repo.maven.apache.org/maven2/org/codehaus/woodstox/stax2-api/4.2.2/stax2-api-4.2.2.jar
2025-04-17 06:52:46,555 [BasicRepositoryConnector-repo.maven.apache.org-0-4] INFO  o.e.m.c.i.e.AbstractTransferListenerAdapter - Downloading https://repo.maven.apache.org/maven2/com/fasterxml/woodstox/woodstox-core/7.0.0/woodstox-core-7.0.0.jar
2025-04-17 06:52:46,581 [BasicRepositoryConnector-repo.maven.apache.org-0-3] INFO  o.e.m.c.i.e.AbstractTransferListenerAdapter - Downloading https://repo.maven.apache.org/maven2/org/springframework/cloud/spring-cloud-starter-loadbalancer/4.2.1/spring-cloud-starter-loadbalancer-4.2.1.jar
2025-04-17 06:52:46,591 [BasicRepositoryConnector-repo.maven.apache.org-0-2] INFO  o.e.m.c.i.e.AbstractTransferListenerAdapter - Downloading https://repo.maven.apache.org/maven2/org/springframework/cloud/spring-cloud-loadbalancer/4.2.1/spring-cloud-loadbalancer-4.2.1.jar
2025-04-17 06:52:46,591 [BasicRepositoryConnector-repo.maven.apache.org-0-0] INFO  o.e.m.c.i.e.AbstractTransferListenerAdapter - Downloading https://repo.maven.apache.org/maven2/io/projectreactor/addons/reactor-extra/3.5.2/reactor-extra-3.5.2.jar
2025-04-17 06:52:46,593 [BasicRepositoryConnector-repo.maven.apache.org-0-3] INFO  o.e.m.c.i.e.AbstractTransferListenerAdapter - Downloaded https://repo.maven.apache.org/maven2/org/springframework/cloud/spring-cloud-starter-loadbalancer/4.2.1/spring-cloud-starter-loadbalancer-4.2.1.jar
2025-04-17 06:52:46,640 [BasicRepositoryConnector-repo.maven.apache.org-0-0] INFO  o.e.m.c.i.e.AbstractTransferListenerAdapter - Downloaded https://repo.maven.apache.org/maven2/io/projectreactor/addons/reactor-extra/3.5.2/reactor-extra-3.5.2.jar
2025-04-17 06:52:46,680 [BasicRepositoryConnector-repo.maven.apache.org-0-3] INFO  o.e.m.c.i.e.AbstractTransferListenerAdapter - Downloading https://repo.maven.apache.org/maven2/org/springframework/boot/spring-boot-starter-cache/3.4.4/spring-boot-starter-cache-3.4.4.jar
2025-04-17 06:52:46,682 [BasicRepositoryConnector-repo.maven.apache.org-0-2] INFO  o.e.m.c.i.e.AbstractTransferListenerAdapter - Downloaded https://repo.maven.apache.org/maven2/org/springframework/cloud/spring-cloud-loadbalancer/4.2.1/spring-cloud-loadbalancer-4.2.1.jar
2025-04-17 06:52:46,691 [BasicRepositoryConnector-repo.maven.apache.org-0-3] INFO  o.e.m.c.i.e.AbstractTransferListenerAdapter - Downloaded https://repo.maven.apache.org/maven2/org/springframework/boot/spring-boot-starter-cache/3.4.4/spring-boot-starter-cache-3.4.4.jar
2025-04-17 06:52:46,749 [BasicRepositoryConnector-repo.maven.apache.org-0-0] INFO  o.e.m.c.i.e.AbstractTransferListenerAdapter - Downloading https://repo.maven.apache.org/maven2/com/stoyanr/evictor/1.0.0/evictor-1.0.0.jar
2025-04-17 06:52:46,765 [BasicRepositoryConnector-repo.maven.apache.org-0-0] INFO  o.e.m.c.i.e.AbstractTransferListenerAdapter - Downloaded https://repo.maven.apache.org/maven2/com/stoyanr/evictor/1.0.0/evictor-1.0.0.jar
2025-04-17 06:52:46,921 [BasicRepositoryConnector-repo.maven.apache.org-0-1] INFO  o.e.m.c.i.e.AbstractTransferListenerAdapter - Downloaded https://repo.maven.apache.org/maven2/com/google/guava/guava/33.0.0-jre/guava-33.0.0-jre.jar
2025-04-17 06:52:47,102 [BasicRepositoryConnector-repo.maven.apache.org-0-4] INFO  o.e.m.c.i.e.AbstractTransferListenerAdapter - Downloaded https://repo.maven.apache.org/maven2/com/fasterxml/woodstox/woodstox-core/7.0.0/woodstox-core-7.0.0.jar
2025-04-17 06:52:50,391 [Worker-12: Import Getting Started Content] INFO  o.e.m.c.i.l.LifecycleMappingFactory - Using org.eclipse.m2e.jdt.JarLifecycleMapping lifecycle mapping for MavenProject: com.config.service:config-service:1.0 @ E:\microservicio\config-service\pom.xml.
2025-04-17 06:52:55,313 [Worker-12: Import Getting Started Content] INFO  o.e.m.c.i.l.LifecycleMappingFactory - Using org.eclipse.m2e.jdt.JarLifecycleMapping lifecycle mapping for MavenProject: auth-service:usuario-service:0.0.1-SNAPSHOT @ E:\microservicio\usuario-service\pom.xml.
2025-04-17 06:52:57,964 [Worker-12: Import Getting Started Content] INFO  o.e.m.c.i.l.LifecycleMappingFactory - Using org.eclipse.m2e.jdt.JarLifecycleMapping lifecycle mapping for MavenProject: auth-service:carro-service:0.0.1-SNAPSHOT @ E:\microservicio\carro-service\pom.xml.
2025-04-17 06:53:00,198 [Worker-12: Import Getting Started Content] INFO  o.e.m.c.i.l.LifecycleMappingFactory - Using org.eclipse.m2e.jdt.JarLifecycleMapping lifecycle mapping for MavenProject: auth-service:moto-service-1:0.0.1-SNAPSHOT @ E:\microservicio\moto-service\pom.xml.
2025-04-17 06:53:05,392 [Worker-12: Import Getting Started Content] INFO  o.e.m.j.i.AbstractJavaProjectConfigurator - Adding source folder /eureka-service/src/main/java
2025-04-17 06:53:05,395 [Worker-12: Import Getting Started Content] INFO  o.e.m.j.i.AbstractJavaProjectConfigurator - Adding resource folder /eureka-service/src/main/resources
2025-04-17 06:53:05,412 [Worker-12: Import Getting Started Content] INFO  o.e.m.j.i.AbstractJavaProjectConfigurator - Adding resource folder /eureka-service/src/main/resources
2025-04-17 06:53:05,429 [Worker-12: Import Getting Started Content] INFO  o.e.m.j.i.AbstractJavaProjectConfigurator - Adding source folder /eureka-service/src/test/java
2025-04-17 06:53:05,430 [Worker-12: Import Getting Started Content] INFO  o.e.m.j.i.AbstractJavaProjectConfigurator - Adding resource folder /eureka-service/src/test/resources
2025-04-17 06:53:05,684 [Worker-17: Download sources and javadoc] INFO  o.e.m.c.i.e.AbstractTransferListenerAdapter - Downloaded https://repo.maven.apache.org/maven2/org/springframework/cloud/spring-cloud-starter-netflix-eureka-server/4.2.1/spring-cloud-starter-netflix-eureka-server-4.2.1-sources.jar
2025-04-17 06:53:05,692 [Worker-17: Download sources and javadoc] ERROR o.e.m.j.internal.DownloadSourcesJob - Could not download sources for org.springframework.cloud:spring-cloud-starter-netflix-eureka-server:4.2.1
org.eclipse.core.runtime.CoreException: Could not resolve artifact org.springframework.cloud:spring-cloud-starter-netflix-eureka-server:jar:sources:4.2.1
	at org.eclipse.m2e.core.internal.embedder.MavenImpl.lambda$7(MavenImpl.java:540)
	at org.eclipse.m2e.core.internal.embedder.MavenExecutionContext.executeBare(MavenExecutionContext.java:458)
	at org.eclipse.m2e.core.internal.embedder.MavenExecutionContext.execute(MavenExecutionContext.java:292)
	at org.eclipse.m2e.core.internal.embedder.MavenExecutionContext.execute(MavenExecutionContext.java:278)
	at org.eclipse.m2e.core.internal.embedder.MavenImpl.resolve(MavenImpl.java:509)
	at org.eclipse.m2e.core.internal.embedder.MavenImpl.resolve(MavenImpl.java:494)
	at org.eclipse.m2e.jdt.internal.DownloadSourcesJob.download(DownloadSourcesJob.java:308)
	at org.eclipse.m2e.jdt.internal.DownloadSourcesJob.downloadAttachments(DownloadSourcesJob.java:282)
	at org.eclipse.m2e.jdt.internal.DownloadSourcesJob.downloadMaven(DownloadSourcesJob.java:252)
	at org.eclipse.m2e.jdt.internal.DownloadSourcesJob.downloadFilesAndPopulateToUpdate(DownloadSourcesJob.java:220)
	at org.eclipse.m2e.jdt.internal.DownloadSourcesJob.lambda$0(DownloadSourcesJob.java:149)
	at org.eclipse.m2e.core.internal.embedder.MavenExecutionContext.executeBare(MavenExecutionContext.java:458)
	at org.eclipse.m2e.core.internal.embedder.MavenExecutionContext.execute(MavenExecutionContext.java:339)
	at org.eclipse.m2e.core.internal.embedder.MavenExecutionContext.execute(MavenExecutionContext.java:278)
	at org.eclipse.m2e.core.embedder.IMaven.execute(IMaven.java:300)
	at org.eclipse.m2e.jdt.internal.DownloadSourcesJob.run(DownloadSourcesJob.java:149)
	at org.eclipse.core.internal.jobs.Worker.run(Worker.java:63)
2025-04-17 06:53:05,917 [Worker-17: Download sources and javadoc] INFO  o.e.m.c.i.e.AbstractTransferListenerAdapter - Downloading https://repo.maven.apache.org/maven2/org/springframework/cloud/spring-cloud-netflix-eureka-server/4.2.1/spring-cloud-netflix-eureka-server-4.2.1-sources.jar
2025-04-17 06:53:06,197 [Worker-17: Download sources and javadoc] INFO  o.e.m.c.i.e.AbstractTransferListenerAdapter - Downloaded https://repo.maven.apache.org/maven2/org/springframework/cloud/spring-cloud-netflix-eureka-server/4.2.1/spring-cloud-netflix-eureka-server-4.2.1-sources.jar
2025-04-17 06:53:06,205 [Worker-17: Download sources and javadoc] INFO  o.e.m.j.internal.DownloadSourcesJob - Downloaded sources for org.springframework.cloud:spring-cloud-netflix-eureka-server:4.2.1
2025-04-17 06:53:06,434 [Worker-17: Download sources and javadoc] INFO  o.e.m.c.i.e.AbstractTransferListenerAdapter - Downloading https://repo.maven.apache.org/maven2/org/springframework/boot/spring-boot-starter-actuator/3.4.4/spring-boot-starter-actuator-3.4.4-sources.jar
2025-04-17 06:53:06,444 [Worker-17: Download sources and javadoc] INFO  o.e.m.c.i.e.AbstractTransferListenerAdapter - Downloaded https://repo.maven.apache.org/maven2/org/springframework/boot/spring-boot-starter-actuator/3.4.4/spring-boot-starter-actuator-3.4.4-sources.jar
2025-04-17 06:53:06,473 [Worker-17: Download sources and javadoc] INFO  o.e.m.j.internal.DownloadSourcesJob - Downloaded sources for org.springframework.boot:spring-boot-starter-actuator:3.4.4
2025-04-17 06:53:06,711 [Worker-17: Download sources and javadoc] INFO  o.e.m.c.i.e.AbstractTransferListenerAdapter - Downloading https://repo.maven.apache.org/maven2/org/springframework/boot/spring-boot-actuator-autoconfigure/3.4.4/spring-boot-actuator-autoconfigure-3.4.4-sources.jar
2025-04-17 06:53:07,002 [Worker-17: Download sources and javadoc] INFO  o.e.m.c.i.e.AbstractTransferListenerAdapter - Downloaded https://repo.maven.apache.org/maven2/org/springframework/boot/spring-boot-actuator-autoconfigure/3.4.4/spring-boot-actuator-autoconfigure-3.4.4-sources.jar
2025-04-17 06:53:07,009 [Worker-17: Download sources and javadoc] INFO  o.e.m.j.internal.DownloadSourcesJob - Downloaded sources for org.springframework.boot:spring-boot-actuator-autoconfigure:3.4.4
2025-04-17 06:53:07,268 [Worker-17: Download sources and javadoc] INFO  o.e.m.c.i.e.AbstractTransferListenerAdapter - Downloading https://repo.maven.apache.org/maven2/org/springframework/boot/spring-boot-actuator/3.4.4/spring-boot-actuator-3.4.4-sources.jar
2025-04-17 06:53:07,574 [Worker-17: Download sources and javadoc] INFO  o.e.m.c.i.e.AbstractTransferListenerAdapter - Downloaded https://repo.maven.apache.org/maven2/org/springframework/boot/spring-boot-actuator/3.4.4/spring-boot-actuator-3.4.4-sources.jar
2025-04-17 06:53:07,582 [Worker-17: Download sources and javadoc] INFO  o.e.m.j.internal.DownloadSourcesJob - Downloaded sources for org.springframework.boot:spring-boot-actuator:3.4.4
2025-04-17 06:53:07,656 [Worker-12: Import Getting Started Content] INFO  o.e.m.c.i.p.ProjectConfigurationManager - Imported and configured 1 project(s) in 47 sec
2025-04-17 06:53:07,661 [Worker-12: Import Getting Started Content] INFO  o.e.m.c.i.p.ProjectConfigurationManager - Update started
2025-04-17 06:53:07,810 [Worker-17: Download sources and javadoc] INFO  o.e.m.c.i.e.AbstractTransferListenerAdapter - Downloading https://repo.maven.apache.org/maven2/io/micrometer/micrometer-jakarta9/1.14.5/micrometer-jakarta9-1.14.5-sources.jar
2025-04-17 06:53:07,823 [Worker-17: Download sources and javadoc] INFO  o.e.m.c.i.e.AbstractTransferListenerAdapter - Downloaded https://repo.maven.apache.org/maven2/io/micrometer/micrometer-jakarta9/1.14.5/micrometer-jakarta9-1.14.5-sources.jar
2025-04-17 06:53:07,830 [Worker-17: Download sources and javadoc] INFO  o.e.m.j.internal.DownloadSourcesJob - Downloaded sources for io.micrometer:micrometer-jakarta9:1.14.5
2025-04-17 06:53:15,643 [Worker-12: Import Getting Started Content] INFO  o.e.m.c.i.l.LifecycleMappingFactory - Using org.eclipse.m2e.jdt.JarLifecycleMapping lifecycle mapping for MavenProject: com.eureka.service:eureka-service:1.0 @ E:\microservicio\eureka-service\pom.xml.
2025-04-17 06:53:15,712 [Worker-17: Download sources and javadoc] INFO  o.e.m.c.i.e.AbstractTransferListenerAdapter - Downloading https://repo.maven.apache.org/maven2/org/springframework/boot/spring-boot-starter-freemarker/3.4.4/spring-boot-starter-freemarker-3.4.4-sources.jar
2025-04-17 06:53:15,721 [Worker-17: Download sources and javadoc] INFO  o.e.m.c.i.e.AbstractTransferListenerAdapter - Downloaded https://repo.maven.apache.org/maven2/org/springframework/boot/spring-boot-starter-freemarker/3.4.4/spring-boot-starter-freemarker-3.4.4-sources.jar
2025-04-17 06:53:15,729 [Worker-17: Download sources and javadoc] INFO  o.e.m.j.internal.DownloadSourcesJob - Downloaded sources for org.springframework.boot:spring-boot-starter-freemarker:3.4.4
2025-04-17 06:53:16,530 [Worker-17: Download sources and javadoc] INFO  o.e.m.c.i.e.AbstractTransferListenerAdapter - Downloading https://repo.maven.apache.org/maven2/org/freemarker/freemarker/2.3.34/freemarker-2.3.34-sources.jar
2025-04-17 06:53:16,922 [Worker-17: Download sources and javadoc] INFO  o.e.m.c.i.e.AbstractTransferListenerAdapter - Downloaded https://repo.maven.apache.org/maven2/org/freemarker/freemarker/2.3.34/freemarker-2.3.34-sources.jar
2025-04-17 06:53:16,931 [Worker-17: Download sources and javadoc] INFO  o.e.m.j.internal.DownloadSourcesJob - Downloaded sources for org.freemarker:freemarker:2.3.34
2025-04-17 06:53:17,140 [Worker-17: Download sources and javadoc] INFO  o.e.m.c.i.e.AbstractTransferListenerAdapter - Downloading https://repo.maven.apache.org/maven2/org/springframework/cloud/spring-cloud-netflix-eureka-client/4.2.1/spring-cloud-netflix-eureka-client-4.2.1-sources.jar
2025-04-17 06:53:17,230 [Worker-17: Download sources and javadoc] INFO  o.e.m.c.i.e.AbstractTransferListenerAdapter - Downloaded https://repo.maven.apache.org/maven2/org/springframework/cloud/spring-cloud-netflix-eureka-client/4.2.1/spring-cloud-netflix-eureka-client-4.2.1-sources.jar
2025-04-17 06:53:17,237 [Worker-17: Download sources and javadoc] INFO  o.e.m.j.internal.DownloadSourcesJob - Downloaded sources for org.springframework.cloud:spring-cloud-netflix-eureka-client:4.2.1
2025-04-17 06:53:17,461 [Worker-17: Download sources and javadoc] INFO  o.e.m.c.i.e.AbstractTransferListenerAdapter - Downloading https://repo.maven.apache.org/maven2/com/netflix/eureka/eureka-client/2.0.4/eureka-client-2.0.4-sources.jar
2025-04-17 06:53:17,626 [Worker-17: Download sources and javadoc] INFO  o.e.m.c.i.e.AbstractTransferListenerAdapter - Downloaded https://repo.maven.apache.org/maven2/com/netflix/eureka/eureka-client/2.0.4/eureka-client-2.0.4-sources.jar
2025-04-17 06:53:17,634 [Worker-17: Download sources and javadoc] INFO  o.e.m.j.internal.DownloadSourcesJob - Downloaded sources for com.netflix.eureka:eureka-client:2.0.4
2025-04-17 06:53:17,879 [Worker-17: Download sources and javadoc] INFO  o.e.m.c.i.e.AbstractTransferListenerAdapter - Downloading https://repo.maven.apache.org/maven2/com/thoughtworks/xstream/xstream/1.4.20/xstream-1.4.20-sources.jar
2025-04-17 06:53:18,157 [Worker-17: Download sources and javadoc] INFO  o.e.m.c.i.e.AbstractTransferListenerAdapter - Downloaded https://repo.maven.apache.org/maven2/com/thoughtworks/xstream/xstream/1.4.20/xstream-1.4.20-sources.jar
2025-04-17 06:53:18,165 [Worker-17: Download sources and javadoc] INFO  o.e.m.j.internal.DownloadSourcesJob - Downloaded sources for com.thoughtworks.xstream:xstream:1.4.20
2025-04-17 06:53:18,380 [Worker-17: Download sources and javadoc] INFO  o.e.m.c.i.e.AbstractTransferListenerAdapter - Downloading https://repo.maven.apache.org/maven2/io/github/x-stream/mxparser/1.2.2/mxparser-1.2.2-sources.jar
2025-04-17 06:53:18,398 [Worker-17: Download sources and javadoc] INFO  o.e.m.c.i.e.AbstractTransferListenerAdapter - Downloaded https://repo.maven.apache.org/maven2/io/github/x-stream/mxparser/1.2.2/mxparser-1.2.2-sources.jar
2025-04-17 06:53:18,405 [Worker-17: Download sources and javadoc] INFO  o.e.m.j.internal.DownloadSourcesJob - Downloaded sources for io.github.x-stream:mxparser:1.2.2
2025-04-17 06:53:18,738 [Worker-17: Download sources and javadoc] INFO  o.e.m.c.i.e.AbstractTransferListenerAdapter - Downloaded https://repo.maven.apache.org/maven2/xmlpull/xmlpull/1.1.3.1/xmlpull-1.1.3.1-sources.jar
2025-04-17 06:53:18,744 [Worker-17: Download sources and javadoc] ERROR o.e.m.j.internal.DownloadSourcesJob - Could not download sources for xmlpull:xmlpull:1.1.3.1
org.eclipse.core.runtime.CoreException: Could not resolve artifact xmlpull:xmlpull:jar:sources:1.1.3.1
	at org.eclipse.m2e.core.internal.embedder.MavenImpl.lambda$7(MavenImpl.java:540)
	at org.eclipse.m2e.core.internal.embedder.MavenExecutionContext.executeBare(MavenExecutionContext.java:458)
	at org.eclipse.m2e.core.internal.embedder.MavenExecutionContext.execute(MavenExecutionContext.java:292)
	at org.eclipse.m2e.core.internal.embedder.MavenExecutionContext.execute(MavenExecutionContext.java:278)
	at org.eclipse.m2e.core.internal.embedder.MavenImpl.resolve(MavenImpl.java:509)
	at org.eclipse.m2e.core.internal.embedder.MavenImpl.resolve(MavenImpl.java:494)
	at org.eclipse.m2e.jdt.internal.DownloadSourcesJob.download(DownloadSourcesJob.java:308)
	at org.eclipse.m2e.jdt.internal.DownloadSourcesJob.downloadAttachments(DownloadSourcesJob.java:282)
	at org.eclipse.m2e.jdt.internal.DownloadSourcesJob.downloadMaven(DownloadSourcesJob.java:252)
	at org.eclipse.m2e.jdt.internal.DownloadSourcesJob.downloadFilesAndPopulateToUpdate(DownloadSourcesJob.java:220)
	at org.eclipse.m2e.jdt.internal.DownloadSourcesJob.lambda$0(DownloadSourcesJob.java:149)
	at org.eclipse.m2e.core.internal.embedder.MavenExecutionContext.executeBare(MavenExecutionContext.java:458)
	at org.eclipse.m2e.core.internal.embedder.MavenExecutionContext.execute(MavenExecutionContext.java:339)
	at org.eclipse.m2e.core.internal.embedder.MavenExecutionContext.execute(MavenExecutionContext.java:278)
	at org.eclipse.m2e.core.embedder.IMaven.execute(IMaven.java:300)
	at org.eclipse.m2e.jdt.internal.DownloadSourcesJob.run(DownloadSourcesJob.java:149)
	at org.eclipse.core.internal.jobs.Worker.run(Worker.java:63)
2025-04-17 06:53:18,954 [Worker-17: Download sources and javadoc] INFO  o.e.m.c.i.e.AbstractTransferListenerAdapter - Downloading https://repo.maven.apache.org/maven2/com/netflix/spectator/spectator-api/1.7.3/spectator-api-1.7.3-sources.jar
2025-04-17 06:53:19,101 [Worker-17: Download sources and javadoc] INFO  o.e.m.c.i.e.AbstractTransferListenerAdapter - Downloaded https://repo.maven.apache.org/maven2/com/netflix/spectator/spectator-api/1.7.3/spectator-api-1.7.3-sources.jar
2025-04-17 06:53:19,108 [Worker-17: Download sources and javadoc] INFO  o.e.m.j.internal.DownloadSourcesJob - Downloaded sources for com.netflix.spectator:spectator-api:1.7.3
2025-04-17 06:53:19,351 [Worker-17: Download sources and javadoc] INFO  o.e.m.c.i.e.AbstractTransferListenerAdapter - Downloading https://repo.maven.apache.org/maven2/org/apache/httpcomponents/httpclient/4.5.3/httpclient-4.5.3-sources.jar
2025-04-17 06:53:19,744 [Worker-17: Download sources and javadoc] INFO  o.e.m.c.i.e.AbstractTransferListenerAdapter - Downloaded https://repo.maven.apache.org/maven2/org/apache/httpcomponents/httpclient/4.5.3/httpclient-4.5.3-sources.jar
2025-04-17 06:53:19,751 [Worker-17: Download sources and javadoc] INFO  o.e.m.j.internal.DownloadSourcesJob - Downloaded sources for org.apache.httpcomponents:httpclient:4.5.3
2025-04-17 06:53:19,977 [Worker-17: Download sources and javadoc] INFO  o.e.m.c.i.e.AbstractTransferListenerAdapter - Downloading https://repo.maven.apache.org/maven2/commons-configuration/commons-configuration/1.10/commons-configuration-1.10-sources.jar
2025-04-17 06:53:20,274 [Worker-17: Download sources and javadoc] INFO  o.e.m.c.i.e.AbstractTransferListenerAdapter - Downloaded https://repo.maven.apache.org/maven2/commons-configuration/commons-configuration/1.10/commons-configuration-1.10-sources.jar
2025-04-17 06:53:20,287 [Worker-17: Download sources and javadoc] INFO  o.e.m.j.internal.DownloadSourcesJob - Downloaded sources for commons-configuration:commons-configuration:1.10
2025-04-17 06:53:20,516 [Worker-17: Download sources and javadoc] INFO  o.e.m.c.i.e.AbstractTransferListenerAdapter - Downloading https://repo.maven.apache.org/maven2/commons-lang/commons-lang/2.6/commons-lang-2.6-sources.jar
2025-04-17 06:53:20,763 [Worker-17: Download sources and javadoc] INFO  o.e.m.c.i.e.AbstractTransferListenerAdapter - Downloaded https://repo.maven.apache.org/maven2/commons-lang/commons-lang/2.6/commons-lang-2.6-sources.jar
2025-04-17 06:53:20,770 [Worker-17: Download sources and javadoc] INFO  o.e.m.j.internal.DownloadSourcesJob - Downloaded sources for commons-lang:commons-lang:2.6
2025-04-17 06:53:21,102 [Worker-17: Download sources and javadoc] INFO  o.e.m.c.i.e.AbstractTransferListenerAdapter - Downloading https://repo.maven.apache.org/maven2/com/netflix/netflix-commons/netflix-eventbus/0.3.0/netflix-eventbus-0.3.0-sources.jar
2025-04-17 06:53:21,133 [Worker-17: Download sources and javadoc] INFO  o.e.m.c.i.e.AbstractTransferListenerAdapter - Downloaded https://repo.maven.apache.org/maven2/com/netflix/netflix-commons/netflix-eventbus/0.3.0/netflix-eventbus-0.3.0-sources.jar
2025-04-17 06:53:21,141 [Worker-17: Download sources and javadoc] INFO  o.e.m.j.internal.DownloadSourcesJob - Downloaded sources for com.netflix.netflix-commons:netflix-eventbus:0.3.0
2025-04-17 06:53:21,393 [Worker-17: Download sources and javadoc] INFO  o.e.m.c.i.e.AbstractTransferListenerAdapter - Downloading https://repo.maven.apache.org/maven2/com/netflix/netflix-commons/netflix-infix/0.3.0/netflix-infix-0.3.0-sources.jar
2025-04-17 06:53:21,538 [Worker-17: Download sources and javadoc] INFO  o.e.m.c.i.e.AbstractTransferListenerAdapter - Downloaded https://repo.maven.apache.org/maven2/com/netflix/netflix-commons/netflix-infix/0.3.0/netflix-infix-0.3.0-sources.jar
2025-04-17 06:53:21,545 [Worker-17: Download sources and javadoc] INFO  o.e.m.j.internal.DownloadSourcesJob - Downloaded sources for com.netflix.netflix-commons:netflix-infix:0.3.0
2025-04-17 06:53:21,777 [Worker-17: Download sources and javadoc] INFO  o.e.m.c.i.e.AbstractTransferListenerAdapter - Downloading https://repo.maven.apache.org/maven2/commons-jxpath/commons-jxpath/1.3/commons-jxpath-1.3-sources.jar
2025-04-17 06:53:22,001 [Worker-17: Download sources and javadoc] INFO  o.e.m.c.i.e.AbstractTransferListenerAdapter - Downloaded https://repo.maven.apache.org/maven2/commons-jxpath/commons-jxpath/1.3/commons-jxpath-1.3-sources.jar
2025-04-17 06:53:22,010 [Worker-17: Download sources and javadoc] INFO  o.e.m.j.internal.DownloadSourcesJob - Downloaded sources for commons-jxpath:commons-jxpath:1.3
2025-04-17 06:53:22,290 [Worker-17: Download sources and javadoc] INFO  o.e.m.c.i.e.AbstractTransferListenerAdapter - Downloading https://repo.maven.apache.org/maven2/joda-time/joda-time/2.3/joda-time-2.3-sources.jar
2025-04-17 06:53:22,582 [Worker-17: Download sources and javadoc] INFO  o.e.m.c.i.e.AbstractTransferListenerAdapter - Downloaded https://repo.maven.apache.org/maven2/joda-time/joda-time/2.3/joda-time-2.3-sources.jar
2025-04-17 06:53:22,597 [Worker-17: Download sources and javadoc] INFO  o.e.m.j.internal.DownloadSourcesJob - Downloaded sources for joda-time:joda-time:2.3
2025-04-17 06:53:22,815 [Worker-12: Import Getting Started Content] INFO  o.e.m.j.i.AbstractJavaProjectConfigurator - Adding source folder /eureka-service/src/main/java
2025-04-17 06:53:22,816 [Worker-12: Import Getting Started Content] INFO  o.e.m.j.i.AbstractJavaProjectConfigurator - Adding resource folder /eureka-service/src/main/resources
2025-04-17 06:53:22,817 [Worker-12: Import Getting Started Content] INFO  o.e.m.j.i.AbstractJavaProjectConfigurator - Adding resource folder /eureka-service/src/main/resources
2025-04-17 06:53:22,819 [Worker-12: Import Getting Started Content] INFO  o.e.m.j.i.AbstractJavaProjectConfigurator - Adding source folder /eureka-service/src/test/java
2025-04-17 06:53:22,821 [Worker-12: Import Getting Started Content] INFO  o.e.m.j.i.AbstractJavaProjectConfigurator - Adding resource folder /eureka-service/src/test/resources
2025-04-17 06:53:22,883 [Worker-17: Download sources and javadoc] INFO  o.e.m.c.i.e.AbstractTransferListenerAdapter - Downloading https://repo.maven.apache.org/maven2/org/antlr/antlr-runtime/3.4/antlr-runtime-3.4-sources.jar
2025-04-17 06:53:23,039 [Worker-17: Download sources and javadoc] INFO  o.e.m.c.i.e.AbstractTransferListenerAdapter - Downloaded https://repo.maven.apache.org/maven2/org/antlr/antlr-runtime/3.4/antlr-runtime-3.4-sources.jar
2025-04-17 06:53:23,046 [Worker-17: Download sources and javadoc] INFO  o.e.m.j.internal.DownloadSourcesJob - Downloaded sources for org.antlr:antlr-runtime:3.4
2025-04-17 06:53:23,278 [Worker-17: Download sources and javadoc] INFO  o.e.m.c.i.e.AbstractTransferListenerAdapter - Downloading https://repo.maven.apache.org/maven2/org/antlr/stringtemplate/3.2.1/stringtemplate-3.2.1-sources.jar
2025-04-17 06:53:23,423 [Worker-17: Download sources and javadoc] INFO  o.e.m.c.i.e.AbstractTransferListenerAdapter - Downloaded https://repo.maven.apache.org/maven2/org/antlr/stringtemplate/3.2.1/stringtemplate-3.2.1-sources.jar
2025-04-17 06:53:23,429 [Worker-17: Download sources and javadoc] INFO  o.e.m.j.internal.DownloadSourcesJob - Downloaded sources for org.antlr:stringtemplate:3.2.1
2025-04-17 06:53:23,771 [Worker-17: Download sources and javadoc] INFO  o.e.m.c.i.e.AbstractTransferListenerAdapter - Downloaded https://repo.maven.apache.org/maven2/antlr/antlr/2.7.7/antlr-2.7.7-sources.jar
2025-04-17 06:53:23,775 [Worker-17: Download sources and javadoc] ERROR o.e.m.j.internal.DownloadSourcesJob - Could not download sources for antlr:antlr:2.7.7
org.eclipse.core.runtime.CoreException: Could not resolve artifact antlr:antlr:jar:sources:2.7.7
	at org.eclipse.m2e.core.internal.embedder.MavenImpl.lambda$7(MavenImpl.java:540)
	at org.eclipse.m2e.core.internal.embedder.MavenExecutionContext.executeBare(MavenExecutionContext.java:458)
	at org.eclipse.m2e.core.internal.embedder.MavenExecutionContext.execute(MavenExecutionContext.java:292)
	at org.eclipse.m2e.core.internal.embedder.MavenExecutionContext.execute(MavenExecutionContext.java:278)
	at org.eclipse.m2e.core.internal.embedder.MavenImpl.resolve(MavenImpl.java:509)
	at org.eclipse.m2e.core.internal.embedder.MavenImpl.resolve(MavenImpl.java:494)
	at org.eclipse.m2e.jdt.internal.DownloadSourcesJob.download(DownloadSourcesJob.java:308)
	at org.eclipse.m2e.jdt.internal.DownloadSourcesJob.downloadAttachments(DownloadSourcesJob.java:282)
	at org.eclipse.m2e.jdt.internal.DownloadSourcesJob.downloadMaven(DownloadSourcesJob.java:252)
	at org.eclipse.m2e.jdt.internal.DownloadSourcesJob.downloadFilesAndPopulateToUpdate(DownloadSourcesJob.java:220)
	at org.eclipse.m2e.jdt.internal.DownloadSourcesJob.lambda$0(DownloadSourcesJob.java:149)
	at org.eclipse.m2e.core.internal.embedder.MavenExecutionContext.executeBare(MavenExecutionContext.java:458)
	at org.eclipse.m2e.core.internal.embedder.MavenExecutionContext.execute(MavenExecutionContext.java:339)
	at org.eclipse.m2e.core.internal.embedder.MavenExecutionContext.execute(MavenExecutionContext.java:278)
	at org.eclipse.m2e.core.embedder.IMaven.execute(IMaven.java:300)
	at org.eclipse.m2e.jdt.internal.DownloadSourcesJob.run(DownloadSourcesJob.java:149)
	at org.eclipse.core.internal.jobs.Worker.run(Worker.java:63)
2025-04-17 06:53:24,002 [Worker-17: Download sources and javadoc] INFO  o.e.m.c.i.e.AbstractTransferListenerAdapter - Downloading https://repo.maven.apache.org/maven2/com/google/code/gson/gson/2.11.0/gson-2.11.0-sources.jar
2025-04-17 06:53:24,173 [Worker-17: Download sources and javadoc] INFO  o.e.m.c.i.e.AbstractTransferListenerAdapter - Downloaded https://repo.maven.apache.org/maven2/com/google/code/gson/gson/2.11.0/gson-2.11.0-sources.jar
2025-04-17 06:53:24,181 [Worker-17: Download sources and javadoc] INFO  o.e.m.j.internal.DownloadSourcesJob - Downloaded sources for com.google.code.gson:gson:2.11.0
2025-04-17 06:53:24,419 [Worker-17: Download sources and javadoc] INFO  o.e.m.c.i.e.AbstractTransferListenerAdapter - Downloading https://repo.maven.apache.org/maven2/com/netflix/servo/servo-core/0.5.3/servo-core-0.5.3-sources.jar
2025-04-17 06:53:24,593 [Worker-17: Download sources and javadoc] INFO  o.e.m.c.i.e.AbstractTransferListenerAdapter - Downloaded https://repo.maven.apache.org/maven2/com/netflix/servo/servo-core/0.5.3/servo-core-0.5.3-sources.jar
2025-04-17 06:53:24,600 [Worker-17: Download sources and javadoc] INFO  o.e.m.j.internal.DownloadSourcesJob - Downloaded sources for com.netflix.servo:servo-core:0.5.3
2025-04-17 06:53:24,850 [Worker-17: Download sources and javadoc] INFO  o.e.m.c.i.e.AbstractTransferListenerAdapter - Downloading https://repo.maven.apache.org/maven2/org/apache/commons/commons-math/2.2/commons-math-2.2-sources.jar
2025-04-17 06:53:25,250 [Worker-17: Download sources and javadoc] INFO  o.e.m.c.i.e.AbstractTransferListenerAdapter - Downloaded https://repo.maven.apache.org/maven2/org/apache/commons/commons-math/2.2/commons-math-2.2-sources.jar
2025-04-17 06:53:25,258 [Worker-17: Download sources and javadoc] INFO  o.e.m.j.internal.DownloadSourcesJob - Downloaded sources for org.apache.commons:commons-math:2.2
2025-04-17 06:53:25,458 [Worker-17: Download sources and javadoc] INFO  o.e.m.c.i.e.AbstractTransferListenerAdapter - Downloading https://repo.maven.apache.org/maven2/javax/annotation/javax.annotation-api/1.2/javax.annotation-api-1.2-sources.jar
2025-04-17 06:53:25,468 [Worker-12: Import Getting Started Content] INFO  o.e.m.c.i.p.ProjectConfigurationManager - Update completed for 1 poms: local refresh takes 0,00 sec, refresh facades takes 15,00 sec, update config takes 1,00 sec 
2025-04-17 06:53:25,523 [Worker-17: Download sources and javadoc] INFO  o.e.m.c.i.e.AbstractTransferListenerAdapter - Downloaded https://repo.maven.apache.org/maven2/javax/annotation/javax.annotation-api/1.2/javax.annotation-api-1.2-sources.jar
2025-04-17 06:53:25,530 [Worker-17: Download sources and javadoc] INFO  o.e.m.j.internal.DownloadSourcesJob - Downloaded sources for javax.annotation:javax.annotation-api:1.2
2025-04-17 06:53:25,734 [Worker-17: Download sources and javadoc] INFO  o.e.m.c.i.e.AbstractTransferListenerAdapter - Downloading https://repo.maven.apache.org/maven2/org/codehaus/jettison/jettison/1.5.4/jettison-1.5.4-sources.jar
2025-04-17 06:53:25,815 [Worker-17: Download sources and javadoc] INFO  o.e.m.c.i.e.AbstractTransferListenerAdapter - Downloaded https://repo.maven.apache.org/maven2/org/codehaus/jettison/jettison/1.5.4/jettison-1.5.4-sources.jar
2025-04-17 06:53:25,823 [Worker-17: Download sources and javadoc] INFO  o.e.m.j.internal.DownloadSourcesJob - Downloaded sources for org.codehaus.jettison:jettison:1.5.4
2025-04-17 06:53:26,001 [Worker-17: Download sources and javadoc] INFO  o.e.m.c.i.e.AbstractTransferListenerAdapter - Downloading https://repo.maven.apache.org/maven2/com/netflix/eureka/eureka-client-jersey3/2.0.4/eureka-client-jersey3-2.0.4-sources.jar
2025-04-17 06:53:26,011 [Worker-17: Download sources and javadoc] INFO  o.e.m.c.i.e.AbstractTransferListenerAdapter - Downloaded https://repo.maven.apache.org/maven2/com/netflix/eureka/eureka-client-jersey3/2.0.4/eureka-client-jersey3-2.0.4-sources.jar
2025-04-17 06:53:26,019 [Worker-17: Download sources and javadoc] INFO  o.e.m.j.internal.DownloadSourcesJob - Downloaded sources for com.netflix.eureka:eureka-client-jersey3:2.0.4
2025-04-17 06:53:26,192 [Worker-16: Updating Maven Project] INFO  o.e.m.c.i.p.ProjectConfigurationManager - Update started
2025-04-17 06:53:26,223 [Worker-17: Download sources and javadoc] INFO  o.e.m.c.i.e.AbstractTransferListenerAdapter - Downloading https://repo.maven.apache.org/maven2/org/glassfish/jersey/connectors/jersey-apache-connector/3.1.10/jersey-apache-connector-3.1.10-sources.jar
2025-04-17 06:53:26,257 [Worker-17: Download sources and javadoc] INFO  o.e.m.c.i.e.AbstractTransferListenerAdapter - Downloaded https://repo.maven.apache.org/maven2/org/glassfish/jersey/connectors/jersey-apache-connector/3.1.10/jersey-apache-connector-3.1.10-sources.jar
2025-04-17 06:53:26,263 [Worker-17: Download sources and javadoc] INFO  o.e.m.j.internal.DownloadSourcesJob - Downloaded sources for org.glassfish.jersey.connectors:jersey-apache-connector:3.1.10
2025-04-17 06:53:26,477 [Worker-17: Download sources and javadoc] INFO  o.e.m.c.i.e.AbstractTransferListenerAdapter - Downloading https://repo.maven.apache.org/maven2/com/netflix/eureka/eureka-core-jersey3/2.0.4/eureka-core-jersey3-2.0.4-sources.jar
2025-04-17 06:53:26,486 [Worker-17: Download sources and javadoc] INFO  o.e.m.c.i.e.AbstractTransferListenerAdapter - Downloaded https://repo.maven.apache.org/maven2/com/netflix/eureka/eureka-core-jersey3/2.0.4/eureka-core-jersey3-2.0.4-sources.jar
2025-04-17 06:53:26,493 [Worker-17: Download sources and javadoc] INFO  o.e.m.j.internal.DownloadSourcesJob - Downloaded sources for com.netflix.eureka:eureka-core-jersey3:2.0.4
2025-04-17 06:53:30,400 [Worker-16: Updating Maven Project] INFO  o.e.m.c.i.l.LifecycleMappingFactory - Using org.eclipse.m2e.jdt.JarLifecycleMapping lifecycle mapping for MavenProject: com.eureka.service:eureka-service:1.0 @ E:\microservicio\eureka-service\pom.xml.
2025-04-17 06:53:30,489 [Worker-17: Download sources and javadoc] INFO  o.e.m.c.i.e.AbstractTransferListenerAdapter - Downloading https://repo.maven.apache.org/maven2/com/netflix/eureka/eureka-core/2.0.4/eureka-core-2.0.4-sources.jar
2025-04-17 06:53:30,614 [Worker-17: Download sources and javadoc] INFO  o.e.m.c.i.e.AbstractTransferListenerAdapter - Downloaded https://repo.maven.apache.org/maven2/com/netflix/eureka/eureka-core/2.0.4/eureka-core-2.0.4-sources.jar
2025-04-17 06:53:30,622 [Worker-17: Download sources and javadoc] INFO  o.e.m.j.internal.DownloadSourcesJob - Downloaded sources for com.netflix.eureka:eureka-core:2.0.4
2025-04-17 06:53:31,422 [Worker-17: Download sources and javadoc] INFO  o.e.m.c.i.e.AbstractTransferListenerAdapter - Downloading https://repo.maven.apache.org/maven2/com/google/guava/guava/33.0.0-jre/guava-33.0.0-jre-sources.jar
2025-04-17 06:53:31,925 [Worker-17: Download sources and javadoc] INFO  o.e.m.c.i.e.AbstractTransferListenerAdapter - Downloaded https://repo.maven.apache.org/maven2/com/google/guava/guava/33.0.0-jre/guava-33.0.0-jre-sources.jar
2025-04-17 06:53:31,932 [Worker-17: Download sources and javadoc] INFO  o.e.m.j.internal.DownloadSourcesJob - Downloaded sources for com.google.guava:guava:33.0.0-jre
2025-04-17 06:53:32,130 [Worker-17: Download sources and javadoc] INFO  o.e.m.c.i.e.AbstractTransferListenerAdapter - Downloading https://repo.maven.apache.org/maven2/com/google/guava/failureaccess/1.0.2/failureaccess-1.0.2-sources.jar
2025-04-17 06:53:32,138 [Worker-17: Download sources and javadoc] INFO  o.e.m.c.i.e.AbstractTransferListenerAdapter - Downloaded https://repo.maven.apache.org/maven2/com/google/guava/failureaccess/1.0.2/failureaccess-1.0.2-sources.jar
2025-04-17 06:53:32,145 [Worker-17: Download sources and javadoc] INFO  o.e.m.j.internal.DownloadSourcesJob - Downloaded sources for com.google.guava:failureaccess:1.0.2
2025-04-17 06:53:32,329 [Worker-17: Download sources and javadoc] INFO  o.e.m.c.i.e.AbstractTransferListenerAdapter - Downloaded https://repo.maven.apache.org/maven2/com/google/guava/listenablefuture/9999.0-empty-to-avoid-conflict-with-guava/listenablefuture-9999.0-empty-to-avoid-conflict-with-guava-sources.jar
2025-04-17 06:53:32,332 [Worker-17: Download sources and javadoc] ERROR o.e.m.j.internal.DownloadSourcesJob - Could not download sources for com.google.guava:listenablefuture:9999.0-empty-to-avoid-conflict-with-guava
org.eclipse.core.runtime.CoreException: Could not resolve artifact com.google.guava:listenablefuture:jar:sources:9999.0-empty-to-avoid-conflict-with-guava
	at org.eclipse.m2e.core.internal.embedder.MavenImpl.lambda$7(MavenImpl.java:540)
	at org.eclipse.m2e.core.internal.embedder.MavenExecutionContext.executeBare(MavenExecutionContext.java:458)
	at org.eclipse.m2e.core.internal.embedder.MavenExecutionContext.execute(MavenExecutionContext.java:292)
	at org.eclipse.m2e.core.internal.embedder.MavenExecutionContext.execute(MavenExecutionContext.java:278)
	at org.eclipse.m2e.core.internal.embedder.MavenImpl.resolve(MavenImpl.java:509)
	at org.eclipse.m2e.core.internal.embedder.MavenImpl.resolve(MavenImpl.java:494)
	at org.eclipse.m2e.jdt.internal.DownloadSourcesJob.download(DownloadSourcesJob.java:308)
	at org.eclipse.m2e.jdt.internal.DownloadSourcesJob.downloadAttachments(DownloadSourcesJob.java:282)
	at org.eclipse.m2e.jdt.internal.DownloadSourcesJob.downloadMaven(DownloadSourcesJob.java:252)
	at org.eclipse.m2e.jdt.internal.DownloadSourcesJob.downloadFilesAndPopulateToUpdate(DownloadSourcesJob.java:220)
	at org.eclipse.m2e.jdt.internal.DownloadSourcesJob.lambda$0(DownloadSourcesJob.java:149)
	at org.eclipse.m2e.core.internal.embedder.MavenExecutionContext.executeBare(MavenExecutionContext.java:458)
	at org.eclipse.m2e.core.internal.embedder.MavenExecutionContext.execute(MavenExecutionContext.java:339)
	at org.eclipse.m2e.core.internal.embedder.MavenExecutionContext.execute(MavenExecutionContext.java:278)
	at org.eclipse.m2e.core.embedder.IMaven.execute(IMaven.java:300)
	at org.eclipse.m2e.jdt.internal.DownloadSourcesJob.run(DownloadSourcesJob.java:149)
	at org.eclipse.core.internal.jobs.Worker.run(Worker.java:63)
2025-04-17 06:53:32,524 [Worker-17: Download sources and javadoc] INFO  o.e.m.c.i.e.AbstractTransferListenerAdapter - Downloading https://repo.maven.apache.org/maven2/org/checkerframework/checker-qual/3.41.0/checker-qual-3.41.0-sources.jar
2025-04-17 06:53:32,692 [Worker-17: Download sources and javadoc] INFO  o.e.m.c.i.e.AbstractTransferListenerAdapter - Downloaded https://repo.maven.apache.org/maven2/org/checkerframework/checker-qual/3.41.0/checker-qual-3.41.0-sources.jar
2025-04-17 06:53:32,701 [Worker-17: Download sources and javadoc] INFO  o.e.m.j.internal.DownloadSourcesJob - Downloaded sources for org.checkerframework:checker-qual:3.41.0
2025-04-17 06:53:32,883 [Worker-17: Download sources and javadoc] INFO  o.e.m.c.i.e.AbstractTransferListenerAdapter - Downloading https://repo.maven.apache.org/maven2/com/google/errorprone/error_prone_annotations/2.23.0/error_prone_annotations-2.23.0-sources.jar
2025-04-17 06:53:32,909 [Worker-17: Download sources and javadoc] INFO  o.e.m.c.i.e.AbstractTransferListenerAdapter - Downloaded https://repo.maven.apache.org/maven2/com/google/errorprone/error_prone_annotations/2.23.0/error_prone_annotations-2.23.0-sources.jar
2025-04-17 06:53:32,917 [Worker-17: Download sources and javadoc] INFO  o.e.m.j.internal.DownloadSourcesJob - Downloaded sources for com.google.errorprone:error_prone_annotations:2.23.0
2025-04-17 06:53:33,101 [Worker-17: Download sources and javadoc] INFO  o.e.m.c.i.e.AbstractTransferListenerAdapter - Downloading https://repo.maven.apache.org/maven2/com/google/j2objc/j2objc-annotations/2.8/j2objc-annotations-2.8-sources.jar
2025-04-17 06:53:33,189 [Worker-17: Download sources and javadoc] INFO  o.e.m.c.i.e.AbstractTransferListenerAdapter - Downloaded https://repo.maven.apache.org/maven2/com/google/j2objc/j2objc-annotations/2.8/j2objc-annotations-2.8-sources.jar
2025-04-17 06:53:33,196 [Worker-17: Download sources and javadoc] INFO  o.e.m.j.internal.DownloadSourcesJob - Downloaded sources for com.google.j2objc:j2objc-annotations:2.8
2025-04-17 06:53:33,402 [Worker-17: Download sources and javadoc] INFO  o.e.m.c.i.e.AbstractTransferListenerAdapter - Downloading https://repo.maven.apache.org/maven2/org/glassfish/jersey/containers/jersey-container-servlet/3.1.10/jersey-container-servlet-3.1.10-sources.jar
2025-04-17 06:53:33,426 [Worker-17: Download sources and javadoc] INFO  o.e.m.c.i.e.AbstractTransferListenerAdapter - Downloaded https://repo.maven.apache.org/maven2/org/glassfish/jersey/containers/jersey-container-servlet/3.1.10/jersey-container-servlet-3.1.10-sources.jar
2025-04-17 06:53:33,433 [Worker-17: Download sources and javadoc] INFO  o.e.m.j.internal.DownloadSourcesJob - Downloaded sources for org.glassfish.jersey.containers:jersey-container-servlet:3.1.10
2025-04-17 06:53:33,623 [Worker-17: Download sources and javadoc] INFO  o.e.m.c.i.e.AbstractTransferListenerAdapter - Downloading https://repo.maven.apache.org/maven2/org/glassfish/jersey/containers/jersey-container-servlet-core/3.1.10/jersey-container-servlet-core-3.1.10-sources.jar
2025-04-17 06:53:33,691 [Worker-17: Download sources and javadoc] INFO  o.e.m.c.i.e.AbstractTransferListenerAdapter - Downloaded https://repo.maven.apache.org/maven2/org/glassfish/jersey/containers/jersey-container-servlet-core/3.1.10/jersey-container-servlet-core-3.1.10-sources.jar
2025-04-17 06:53:33,698 [Worker-17: Download sources and javadoc] INFO  o.e.m.j.internal.DownloadSourcesJob - Downloaded sources for org.glassfish.jersey.containers:jersey-container-servlet-core:3.1.10
2025-04-17 06:53:33,899 [Worker-17: Download sources and javadoc] INFO  o.e.m.c.i.e.AbstractTransferListenerAdapter - Downloading https://repo.maven.apache.org/maven2/org/glassfish/jersey/core/jersey-common/3.1.10/jersey-common-3.1.10-sources.jar
2025-04-17 06:53:34,220 [Worker-17: Download sources and javadoc] INFO  o.e.m.c.i.e.AbstractTransferListenerAdapter - Downloaded https://repo.maven.apache.org/maven2/org/glassfish/jersey/core/jersey-common/3.1.10/jersey-common-3.1.10-sources.jar
2025-04-17 06:53:34,227 [Worker-17: Download sources and javadoc] INFO  o.e.m.j.internal.DownloadSourcesJob - Downloaded sources for org.glassfish.jersey.core:jersey-common:3.1.10
2025-04-17 06:53:34,333 [Worker-16: Updating Maven Project] INFO  o.e.m.j.i.AbstractJavaProjectConfigurator - Adding source folder /eureka-service/src/main/java
2025-04-17 06:53:34,334 [Worker-16: Updating Maven Project] INFO  o.e.m.j.i.AbstractJavaProjectConfigurator - Adding resource folder /eureka-service/src/main/resources
2025-04-17 06:53:34,335 [Worker-16: Updating Maven Project] INFO  o.e.m.j.i.AbstractJavaProjectConfigurator - Adding resource folder /eureka-service/src/main/resources
2025-04-17 06:53:34,337 [Worker-16: Updating Maven Project] INFO  o.e.m.j.i.AbstractJavaProjectConfigurator - Adding source folder /eureka-service/src/test/java
2025-04-17 06:53:34,338 [Worker-16: Updating Maven Project] INFO  o.e.m.j.i.AbstractJavaProjectConfigurator - Adding resource folder /eureka-service/src/test/resources
2025-04-17 06:53:34,420 [Worker-17: Download sources and javadoc] INFO  o.e.m.c.i.e.AbstractTransferListenerAdapter - Downloading https://repo.maven.apache.org/maven2/org/glassfish/hk2/osgi-resource-locator/1.0.3/osgi-resource-locator-1.0.3-sources.jar
2025-04-17 06:53:34,458 [Worker-17: Download sources and javadoc] INFO  o.e.m.c.i.e.AbstractTransferListenerAdapter - Downloaded https://repo.maven.apache.org/maven2/org/glassfish/hk2/osgi-resource-locator/1.0.3/osgi-resource-locator-1.0.3-sources.jar
2025-04-17 06:53:34,471 [Worker-17: Download sources and javadoc] INFO  o.e.m.j.internal.DownloadSourcesJob - Downloaded sources for org.glassfish.hk2:osgi-resource-locator:1.0.3
2025-04-17 06:53:34,672 [Worker-17: Download sources and javadoc] INFO  o.e.m.c.i.e.AbstractTransferListenerAdapter - Downloading https://repo.maven.apache.org/maven2/jakarta/ws/rs/jakarta.ws.rs-api/3.1.0/jakarta.ws.rs-api-3.1.0-sources.jar
2025-04-17 06:53:34,832 [Worker-17: Download sources and javadoc] INFO  o.e.m.c.i.e.AbstractTransferListenerAdapter - Downloaded https://repo.maven.apache.org/maven2/jakarta/ws/rs/jakarta.ws.rs-api/3.1.0/jakarta.ws.rs-api-3.1.0-sources.jar
2025-04-17 06:53:34,845 [Worker-17: Download sources and javadoc] INFO  o.e.m.j.internal.DownloadSourcesJob - Downloaded sources for jakarta.ws.rs:jakarta.ws.rs-api:3.1.0
2025-04-17 06:53:35,042 [Worker-17: Download sources and javadoc] INFO  o.e.m.c.i.e.AbstractTransferListenerAdapter - Downloading https://repo.maven.apache.org/maven2/org/glassfish/jersey/core/jersey-server/3.1.10/jersey-server-3.1.10-sources.jar
2025-04-17 06:53:35,386 [Worker-17: Download sources and javadoc] INFO  o.e.m.c.i.e.AbstractTransferListenerAdapter - Downloaded https://repo.maven.apache.org/maven2/org/glassfish/jersey/core/jersey-server/3.1.10/jersey-server-3.1.10-sources.jar
2025-04-17 06:53:35,393 [Worker-17: Download sources and javadoc] INFO  o.e.m.j.internal.DownloadSourcesJob - Downloaded sources for org.glassfish.jersey.core:jersey-server:3.1.10
2025-04-17 06:53:35,658 [Worker-17: Download sources and javadoc] INFO  o.e.m.c.i.e.AbstractTransferListenerAdapter - Downloading https://repo.maven.apache.org/maven2/org/glassfish/jersey/core/jersey-client/3.1.10/jersey-client-3.1.10-sources.jar
2025-04-17 06:53:35,805 [Worker-17: Download sources and javadoc] INFO  o.e.m.c.i.e.AbstractTransferListenerAdapter - Downloaded https://repo.maven.apache.org/maven2/org/glassfish/jersey/core/jersey-client/3.1.10/jersey-client-3.1.10-sources.jar
2025-04-17 06:53:35,813 [Worker-17: Download sources and javadoc] INFO  o.e.m.j.internal.DownloadSourcesJob - Downloaded sources for org.glassfish.jersey.core:jersey-client:3.1.10
2025-04-17 06:53:36,019 [Worker-17: Download sources and javadoc] INFO  o.e.m.c.i.e.AbstractTransferListenerAdapter - Downloading https://repo.maven.apache.org/maven2/org/glassfish/jersey/inject/jersey-hk2/3.1.10/jersey-hk2-3.1.10-sources.jar
2025-04-17 06:53:36,090 [Worker-17: Download sources and javadoc] INFO  o.e.m.c.i.e.AbstractTransferListenerAdapter - Downloaded https://repo.maven.apache.org/maven2/org/glassfish/jersey/inject/jersey-hk2/3.1.10/jersey-hk2-3.1.10-sources.jar
2025-04-17 06:53:36,097 [Worker-17: Download sources and javadoc] INFO  o.e.m.j.internal.DownloadSourcesJob - Downloaded sources for org.glassfish.jersey.inject:jersey-hk2:3.1.10
2025-04-17 06:53:36,323 [Worker-16: Updating Maven Project] INFO  o.e.m.c.i.p.ProjectConfigurationManager - Update completed for 1 poms: local refresh takes 0,00 sec, refresh facades takes 7,00 sec, update config takes 1,00 sec 
2025-04-17 06:53:36,328 [Worker-17: Download sources and javadoc] INFO  o.e.m.c.i.e.AbstractTransferListenerAdapter - Downloading https://repo.maven.apache.org/maven2/org/glassfish/hk2/hk2-locator/3.0.6/hk2-locator-3.0.6-sources.jar
2025-04-17 06:53:36,443 [Worker-17: Download sources and javadoc] INFO  o.e.m.c.i.e.AbstractTransferListenerAdapter - Downloaded https://repo.maven.apache.org/maven2/org/glassfish/hk2/hk2-locator/3.0.6/hk2-locator-3.0.6-sources.jar
2025-04-17 06:53:36,451 [Worker-17: Download sources and javadoc] INFO  o.e.m.j.internal.DownloadSourcesJob - Downloaded sources for org.glassfish.hk2:hk2-locator:3.0.6
2025-04-17 06:53:36,682 [Worker-17: Download sources and javadoc] INFO  o.e.m.c.i.e.AbstractTransferListenerAdapter - Downloading https://repo.maven.apache.org/maven2/org/glassfish/hk2/hk2-utils/3.0.6/hk2-utils-3.0.6-sources.jar
2025-04-17 06:53:36,782 [Worker-17: Download sources and javadoc] INFO  o.e.m.c.i.e.AbstractTransferListenerAdapter - Downloaded https://repo.maven.apache.org/maven2/org/glassfish/hk2/hk2-utils/3.0.6/hk2-utils-3.0.6-sources.jar
2025-04-17 06:53:36,789 [Worker-17: Download sources and javadoc] INFO  o.e.m.j.internal.DownloadSourcesJob - Downloaded sources for org.glassfish.hk2:hk2-utils:3.0.6
2025-04-17 06:53:37,023 [Worker-17: Download sources and javadoc] INFO  o.e.m.c.i.e.AbstractTransferListenerAdapter - Downloading https://repo.maven.apache.org/maven2/org/javassist/javassist/3.30.2-GA/javassist-3.30.2-GA-sources.jar
2025-04-17 06:53:37,322 [Worker-17: Download sources and javadoc] INFO  o.e.m.c.i.e.AbstractTransferListenerAdapter - Downloaded https://repo.maven.apache.org/maven2/org/javassist/javassist/3.30.2-GA/javassist-3.30.2-GA-sources.jar
2025-04-17 06:53:37,329 [Worker-17: Download sources and javadoc] INFO  o.e.m.j.internal.DownloadSourcesJob - Downloaded sources for org.javassist:javassist:3.30.2-GA
2025-04-17 06:53:37,550 [Worker-17: Download sources and javadoc] INFO  o.e.m.c.i.e.AbstractTransferListenerAdapter - Downloading https://repo.maven.apache.org/maven2/org/glassfish/hk2/spring-bridge/3.1.1/spring-bridge-3.1.1-sources.jar
2025-04-17 06:53:37,573 [Worker-17: Download sources and javadoc] INFO  o.e.m.c.i.e.AbstractTransferListenerAdapter - Downloaded https://repo.maven.apache.org/maven2/org/glassfish/hk2/spring-bridge/3.1.1/spring-bridge-3.1.1-sources.jar
2025-04-17 06:53:37,579 [Worker-17: Download sources and javadoc] INFO  o.e.m.j.internal.DownloadSourcesJob - Downloaded sources for org.glassfish.hk2:spring-bridge:3.1.1
2025-04-17 06:53:37,789 [Worker-17: Download sources and javadoc] INFO  o.e.m.c.i.e.AbstractTransferListenerAdapter - Downloading https://repo.maven.apache.org/maven2/org/glassfish/hk2/hk2-api/3.1.1/hk2-api-3.1.1-sources.jar
2025-04-17 06:53:37,943 [Worker-17: Download sources and javadoc] INFO  o.e.m.c.i.e.AbstractTransferListenerAdapter - Downloaded https://repo.maven.apache.org/maven2/org/glassfish/hk2/hk2-api/3.1.1/hk2-api-3.1.1-sources.jar
2025-04-17 06:53:37,950 [Worker-17: Download sources and javadoc] INFO  o.e.m.j.internal.DownloadSourcesJob - Downloaded sources for org.glassfish.hk2:hk2-api:3.1.1
2025-04-17 06:53:38,198 [Worker-17: Download sources and javadoc] INFO  o.e.m.c.i.e.AbstractTransferListenerAdapter - Downloading https://repo.maven.apache.org/maven2/com/fasterxml/jackson/dataformat/jackson-dataformat-xml/2.18.3/jackson-dataformat-xml-2.18.3-sources.jar
2025-04-17 06:53:38,298 [Worker-17: Download sources and javadoc] INFO  o.e.m.c.i.e.AbstractTransferListenerAdapter - Downloaded https://repo.maven.apache.org/maven2/com/fasterxml/jackson/dataformat/jackson-dataformat-xml/2.18.3/jackson-dataformat-xml-2.18.3-sources.jar
2025-04-17 06:53:38,305 [Worker-17: Download sources and javadoc] INFO  o.e.m.j.internal.DownloadSourcesJob - Downloaded sources for com.fasterxml.jackson.dataformat:jackson-dataformat-xml:2.18.3
2025-04-17 06:53:38,533 [Worker-17: Download sources and javadoc] INFO  o.e.m.c.i.e.AbstractTransferListenerAdapter - Downloading https://repo.maven.apache.org/maven2/org/codehaus/woodstox/stax2-api/4.2.2/stax2-api-4.2.2-sources.jar
2025-04-17 06:53:38,687 [Worker-17: Download sources and javadoc] INFO  o.e.m.c.i.e.AbstractTransferListenerAdapter - Downloaded https://repo.maven.apache.org/maven2/org/codehaus/woodstox/stax2-api/4.2.2/stax2-api-4.2.2-sources.jar
2025-04-17 06:53:38,694 [Worker-17: Download sources and javadoc] INFO  o.e.m.j.internal.DownloadSourcesJob - Downloaded sources for org.codehaus.woodstox:stax2-api:4.2.2
2025-04-17 06:53:38,916 [Worker-17: Download sources and javadoc] INFO  o.e.m.c.i.e.AbstractTransferListenerAdapter - Downloading https://repo.maven.apache.org/maven2/com/fasterxml/woodstox/woodstox-core/7.0.0/woodstox-core-7.0.0-sources.jar
2025-04-17 06:53:39,231 [Worker-17: Download sources and javadoc] INFO  o.e.m.c.i.e.AbstractTransferListenerAdapter - Downloaded https://repo.maven.apache.org/maven2/com/fasterxml/woodstox/woodstox-core/7.0.0/woodstox-core-7.0.0-sources.jar
2025-04-17 06:53:39,239 [Worker-17: Download sources and javadoc] INFO  o.e.m.j.internal.DownloadSourcesJob - Downloaded sources for com.fasterxml.woodstox:woodstox-core:7.0.0
2025-04-17 06:53:39,363 [Worker-12: Building] INFO  o.a.m.s.f.DefaultMavenResourcesFiltering - Copying 0 resource from src\main\resources to target\classes
2025-04-17 06:53:39,365 [Worker-12: Building] INFO  o.a.m.s.f.DefaultMavenResourcesFiltering - Copying 1 resource from src\main\resources to target\classes
2025-04-17 06:53:39,460 [Worker-12: Building] INFO  o.a.m.s.f.DefaultMavenResourcesFiltering - skip non existing resourceDirectory E:\microservicio\carro-service\src\test\resources
2025-04-17 06:53:39,583 [Worker-17: Download sources and javadoc] INFO  o.e.m.c.i.e.AbstractTransferListenerAdapter - Downloaded https://repo.maven.apache.org/maven2/org/springframework/cloud/spring-cloud-starter-loadbalancer/4.2.1/spring-cloud-starter-loadbalancer-4.2.1-sources.jar
2025-04-17 06:53:39,589 [Worker-17: Download sources and javadoc] ERROR o.e.m.j.internal.DownloadSourcesJob - Could not download sources for org.springframework.cloud:spring-cloud-starter-loadbalancer:4.2.1
org.eclipse.core.runtime.CoreException: Could not resolve artifact org.springframework.cloud:spring-cloud-starter-loadbalancer:jar:sources:4.2.1
	at org.eclipse.m2e.core.internal.embedder.MavenImpl.lambda$7(MavenImpl.java:540)
	at org.eclipse.m2e.core.internal.embedder.MavenExecutionContext.executeBare(MavenExecutionContext.java:458)
	at org.eclipse.m2e.core.internal.embedder.MavenExecutionContext.execute(MavenExecutionContext.java:292)
	at org.eclipse.m2e.core.internal.embedder.MavenExecutionContext.execute(MavenExecutionContext.java:278)
	at org.eclipse.m2e.core.internal.embedder.MavenImpl.resolve(MavenImpl.java:509)
	at org.eclipse.m2e.core.internal.embedder.MavenImpl.resolve(MavenImpl.java:494)
	at org.eclipse.m2e.jdt.internal.DownloadSourcesJob.download(DownloadSourcesJob.java:308)
	at org.eclipse.m2e.jdt.internal.DownloadSourcesJob.downloadAttachments(DownloadSourcesJob.java:282)
	at org.eclipse.m2e.jdt.internal.DownloadSourcesJob.downloadMaven(DownloadSourcesJob.java:252)
	at org.eclipse.m2e.jdt.internal.DownloadSourcesJob.downloadFilesAndPopulateToUpdate(DownloadSourcesJob.java:220)
	at org.eclipse.m2e.jdt.internal.DownloadSourcesJob.lambda$0(DownloadSourcesJob.java:149)
	at org.eclipse.m2e.core.internal.embedder.MavenExecutionContext.executeBare(MavenExecutionContext.java:458)
	at org.eclipse.m2e.core.internal.embedder.MavenExecutionContext.execute(MavenExecutionContext.java:339)
	at org.eclipse.m2e.core.internal.embedder.MavenExecutionContext.execute(MavenExecutionContext.java:278)
	at org.eclipse.m2e.core.embedder.IMaven.execute(IMaven.java:300)
	at org.eclipse.m2e.jdt.internal.DownloadSourcesJob.run(DownloadSourcesJob.java:149)
	at org.eclipse.core.internal.jobs.Worker.run(Worker.java:63)
2025-04-17 06:53:39,797 [Worker-17: Download sources and javadoc] INFO  o.e.m.c.i.e.AbstractTransferListenerAdapter - Downloading https://repo.maven.apache.org/maven2/org/springframework/cloud/spring-cloud-loadbalancer/4.2.1/spring-cloud-loadbalancer-4.2.1-sources.jar
2025-04-17 06:53:39,872 [Worker-17: Download sources and javadoc] INFO  o.e.m.c.i.e.AbstractTransferListenerAdapter - Downloaded https://repo.maven.apache.org/maven2/org/springframework/cloud/spring-cloud-loadbalancer/4.2.1/spring-cloud-loadbalancer-4.2.1-sources.jar
2025-04-17 06:53:39,878 [Worker-17: Download sources and javadoc] INFO  o.e.m.j.internal.DownloadSourcesJob - Downloaded sources for org.springframework.cloud:spring-cloud-loadbalancer:4.2.1
2025-04-17 06:53:40,082 [Worker-17: Download sources and javadoc] INFO  o.e.m.c.i.e.AbstractTransferListenerAdapter - Downloading https://repo.maven.apache.org/maven2/io/projectreactor/addons/reactor-extra/3.5.2/reactor-extra-3.5.2-sources.jar
2025-04-17 06:53:40,152 [Worker-17: Download sources and javadoc] INFO  o.e.m.c.i.e.AbstractTransferListenerAdapter - Downloaded https://repo.maven.apache.org/maven2/io/projectreactor/addons/reactor-extra/3.5.2/reactor-extra-3.5.2-sources.jar
2025-04-17 06:53:40,159 [Worker-17: Download sources and javadoc] INFO  o.e.m.j.internal.DownloadSourcesJob - Downloaded sources for io.projectreactor.addons:reactor-extra:3.5.2
2025-04-17 06:53:40,359 [Worker-17: Download sources and javadoc] INFO  o.e.m.c.i.e.AbstractTransferListenerAdapter - Downloading https://repo.maven.apache.org/maven2/org/springframework/boot/spring-boot-starter-cache/3.4.4/spring-boot-starter-cache-3.4.4-sources.jar
2025-04-17 06:53:40,367 [Worker-17: Download sources and javadoc] INFO  o.e.m.c.i.e.AbstractTransferListenerAdapter - Downloaded https://repo.maven.apache.org/maven2/org/springframework/boot/spring-boot-starter-cache/3.4.4/spring-boot-starter-cache-3.4.4-sources.jar
2025-04-17 06:53:40,374 [Worker-17: Download sources and javadoc] INFO  o.e.m.j.internal.DownloadSourcesJob - Downloaded sources for org.springframework.boot:spring-boot-starter-cache:3.4.4
2025-04-17 06:53:40,556 [Worker-17: Download sources and javadoc] INFO  o.e.m.c.i.e.AbstractTransferListenerAdapter - Downloading https://repo.maven.apache.org/maven2/com/stoyanr/evictor/1.0.0/evictor-1.0.0-sources.jar
2025-04-17 06:53:40,575 [Worker-17: Download sources and javadoc] INFO  o.e.m.c.i.e.AbstractTransferListenerAdapter - Downloaded https://repo.maven.apache.org/maven2/com/stoyanr/evictor/1.0.0/evictor-1.0.0-sources.jar
2025-04-17 06:53:40,582 [Worker-17: Download sources and javadoc] INFO  o.e.m.j.internal.DownloadSourcesJob - Downloaded sources for com.stoyanr:evictor:1.0.0
2025-04-17 06:53:42,630 [Worker-19: Building] INFO  o.a.m.s.f.DefaultMavenResourcesFiltering - Copying 1 resource from src\main\resources to target\classes
2025-04-17 06:53:42,713 [Worker-19: Building] INFO  o.a.m.s.f.DefaultMavenResourcesFiltering - Copying 0 resource from src\main\resources to target\classes
2025-04-17 06:53:42,724 [Worker-19: Building] INFO  o.a.m.s.f.DefaultMavenResourcesFiltering - skip non existing resourceDirectory E:\microservicio\config-service\src\test\resources
2025-04-17 06:53:43,551 [Worker-19: Building] INFO  o.a.m.s.f.DefaultMavenResourcesFiltering - Copying 1 resource from src\main\resources to target\classes
2025-04-17 06:53:43,599 [Worker-19: Building] INFO  o.a.m.s.f.DefaultMavenResourcesFiltering - Copying 0 resource from src\main\resources to target\classes
2025-04-17 06:53:43,629 [Worker-19: Building] INFO  o.a.m.s.f.DefaultMavenResourcesFiltering - skip non existing resourceDirectory E:\microservicio\eureka-service\src\test\resources
2025-04-17 06:53:44,599 [Worker-19: Building] INFO  o.a.m.s.f.DefaultMavenResourcesFiltering - Copying 0 resource from src\main\resources to target\classes
2025-04-17 06:53:44,600 [Worker-19: Building] INFO  o.a.m.s.f.DefaultMavenResourcesFiltering - Copying 1 resource from src\main\resources to target\classes
2025-04-17 06:53:44,667 [Worker-19: Building] INFO  o.a.m.s.f.DefaultMavenResourcesFiltering - skip non existing resourceDirectory E:\microservicio\moto-service\src\test\resources
2025-04-17 06:53:45,985 [Worker-19: Building] INFO  o.a.m.s.f.DefaultMavenResourcesFiltering - Copying 0 resource from src\main\resources to target\classes
2025-04-17 06:53:45,986 [Worker-19: Building] INFO  o.a.m.s.f.DefaultMavenResourcesFiltering - Copying 1 resource from src\main\resources to target\classes
2025-04-17 06:53:46,004 [Worker-19: Building] INFO  o.a.m.s.f.DefaultMavenResourcesFiltering - skip non existing resourceDirectory E:\microservicio\usuario-service\src\test\resources
2025-04-17 06:55:19,346 [Worker-16: Building] INFO  o.e.m.c.i.l.LifecycleMappingFactory - Using org.eclipse.m2e.jdt.JarLifecycleMapping lifecycle mapping for MavenProject: com.eureka.service:eureka-service:1.0 @ E:\microservicio\eureka-service\pom.xml.
2025-04-17 06:55:23,106 [Worker-16: Building] INFO  o.a.m.s.f.DefaultMavenResourcesFiltering - Copying 0 resource from src\main\resources to target\classes
2025-04-17 06:55:23,108 [Worker-16: Building] INFO  o.a.m.s.f.DefaultMavenResourcesFiltering - Copying 0 resource from src\main\resources to target\classes
2025-04-17 06:55:23,117 [Worker-16: Building] INFO  o.a.m.s.f.DefaultMavenResourcesFiltering - skip non existing resourceDirectory E:\microservicio\eureka-service\src\test\resources
2025-04-17 06:55:23,924 [Worker-15: Download sources and javadoc] INFO  o.e.m.c.i.e.AbstractTransferListenerAdapter - Downloaded https://repo.maven.apache.org/maven2/org/springframework/cloud/spring-cloud-starter-netflix-eureka-server/4.2.1/spring-cloud-starter-netflix-eureka-server-4.2.1-javadoc.jar
2025-04-17 06:55:23,934 [Worker-15: Download sources and javadoc] ERROR o.e.m.j.internal.DownloadSourcesJob - Could not download javadoc for org.springframework.cloud:spring-cloud-starter-netflix-eureka-server:4.2.1
org.eclipse.core.runtime.CoreException: Could not resolve artifact org.springframework.cloud:spring-cloud-starter-netflix-eureka-server:jar:javadoc:4.2.1
	at org.eclipse.m2e.core.internal.embedder.MavenImpl.lambda$7(MavenImpl.java:540)
	at org.eclipse.m2e.core.internal.embedder.MavenExecutionContext.executeBare(MavenExecutionContext.java:458)
	at org.eclipse.m2e.core.internal.embedder.MavenExecutionContext.execute(MavenExecutionContext.java:292)
	at org.eclipse.m2e.core.internal.embedder.MavenExecutionContext.execute(MavenExecutionContext.java:278)
	at org.eclipse.m2e.core.internal.embedder.MavenImpl.resolve(MavenImpl.java:509)
	at org.eclipse.m2e.core.internal.embedder.MavenImpl.resolve(MavenImpl.java:494)
	at org.eclipse.m2e.jdt.internal.DownloadSourcesJob.download(DownloadSourcesJob.java:308)
	at org.eclipse.m2e.jdt.internal.DownloadSourcesJob.downloadAttachments(DownloadSourcesJob.java:294)
	at org.eclipse.m2e.jdt.internal.DownloadSourcesJob.downloadMaven(DownloadSourcesJob.java:252)
	at org.eclipse.m2e.jdt.internal.DownloadSourcesJob.downloadFilesAndPopulateToUpdate(DownloadSourcesJob.java:220)
	at org.eclipse.m2e.jdt.internal.DownloadSourcesJob.lambda$0(DownloadSourcesJob.java:149)
	at org.eclipse.m2e.core.internal.embedder.MavenExecutionContext.executeBare(MavenExecutionContext.java:458)
	at org.eclipse.m2e.core.internal.embedder.MavenExecutionContext.execute(MavenExecutionContext.java:339)
	at org.eclipse.m2e.core.internal.embedder.MavenExecutionContext.execute(MavenExecutionContext.java:278)
	at org.eclipse.m2e.core.embedder.IMaven.execute(IMaven.java:300)
	at org.eclipse.m2e.jdt.internal.DownloadSourcesJob.run(DownloadSourcesJob.java:149)
	at org.eclipse.core.internal.jobs.Worker.run(Worker.java:63)
2025-04-17 06:55:24,248 [Worker-15: Download sources and javadoc] INFO  o.e.m.c.i.e.AbstractTransferListenerAdapter - Downloaded https://repo.maven.apache.org/maven2/xmlpull/xmlpull/1.1.3.1/xmlpull-1.1.3.1-javadoc.jar
2025-04-17 06:55:24,253 [Worker-15: Download sources and javadoc] ERROR o.e.m.j.internal.DownloadSourcesJob - Could not download javadoc for xmlpull:xmlpull:1.1.3.1
org.eclipse.core.runtime.CoreException: Could not resolve artifact xmlpull:xmlpull:jar:javadoc:1.1.3.1
	at org.eclipse.m2e.core.internal.embedder.MavenImpl.lambda$7(MavenImpl.java:540)
	at org.eclipse.m2e.core.internal.embedder.MavenExecutionContext.executeBare(MavenExecutionContext.java:458)
	at org.eclipse.m2e.core.internal.embedder.MavenExecutionContext.execute(MavenExecutionContext.java:292)
	at org.eclipse.m2e.core.internal.embedder.MavenExecutionContext.execute(MavenExecutionContext.java:278)
	at org.eclipse.m2e.core.internal.embedder.MavenImpl.resolve(MavenImpl.java:509)
	at org.eclipse.m2e.core.internal.embedder.MavenImpl.resolve(MavenImpl.java:494)
	at org.eclipse.m2e.jdt.internal.DownloadSourcesJob.download(DownloadSourcesJob.java:308)
	at org.eclipse.m2e.jdt.internal.DownloadSourcesJob.downloadAttachments(DownloadSourcesJob.java:294)
	at org.eclipse.m2e.jdt.internal.DownloadSourcesJob.downloadMaven(DownloadSourcesJob.java:252)
	at org.eclipse.m2e.jdt.internal.DownloadSourcesJob.downloadFilesAndPopulateToUpdate(DownloadSourcesJob.java:220)
	at org.eclipse.m2e.jdt.internal.DownloadSourcesJob.lambda$0(DownloadSourcesJob.java:149)
	at org.eclipse.m2e.core.internal.embedder.MavenExecutionContext.executeBare(MavenExecutionContext.java:458)
	at org.eclipse.m2e.core.internal.embedder.MavenExecutionContext.execute(MavenExecutionContext.java:339)
	at org.eclipse.m2e.core.internal.embedder.MavenExecutionContext.execute(MavenExecutionContext.java:278)
	at org.eclipse.m2e.core.embedder.IMaven.execute(IMaven.java:300)
	at org.eclipse.m2e.jdt.internal.DownloadSourcesJob.run(DownloadSourcesJob.java:149)
	at org.eclipse.core.internal.jobs.Worker.run(Worker.java:63)
2025-04-17 06:55:24,572 [Worker-15: Download sources and javadoc] INFO  o.e.m.c.i.e.AbstractTransferListenerAdapter - Downloaded https://repo.maven.apache.org/maven2/antlr/antlr/2.7.7/antlr-2.7.7-javadoc.jar
2025-04-17 06:55:24,580 [Worker-15: Download sources and javadoc] ERROR o.e.m.j.internal.DownloadSourcesJob - Could not download javadoc for antlr:antlr:2.7.7
org.eclipse.core.runtime.CoreException: Could not resolve artifact antlr:antlr:jar:javadoc:2.7.7
	at org.eclipse.m2e.core.internal.embedder.MavenImpl.lambda$7(MavenImpl.java:540)
	at org.eclipse.m2e.core.internal.embedder.MavenExecutionContext.executeBare(MavenExecutionContext.java:458)
	at org.eclipse.m2e.core.internal.embedder.MavenExecutionContext.execute(MavenExecutionContext.java:292)
	at org.eclipse.m2e.core.internal.embedder.MavenExecutionContext.execute(MavenExecutionContext.java:278)
	at org.eclipse.m2e.core.internal.embedder.MavenImpl.resolve(MavenImpl.java:509)
	at org.eclipse.m2e.core.internal.embedder.MavenImpl.resolve(MavenImpl.java:494)
	at org.eclipse.m2e.jdt.internal.DownloadSourcesJob.download(DownloadSourcesJob.java:308)
	at org.eclipse.m2e.jdt.internal.DownloadSourcesJob.downloadAttachments(DownloadSourcesJob.java:294)
	at org.eclipse.m2e.jdt.internal.DownloadSourcesJob.downloadMaven(DownloadSourcesJob.java:252)
	at org.eclipse.m2e.jdt.internal.DownloadSourcesJob.downloadFilesAndPopulateToUpdate(DownloadSourcesJob.java:220)
	at org.eclipse.m2e.jdt.internal.DownloadSourcesJob.lambda$0(DownloadSourcesJob.java:149)
	at org.eclipse.m2e.core.internal.embedder.MavenExecutionContext.executeBare(MavenExecutionContext.java:458)
	at org.eclipse.m2e.core.internal.embedder.MavenExecutionContext.execute(MavenExecutionContext.java:339)
	at org.eclipse.m2e.core.internal.embedder.MavenExecutionContext.execute(MavenExecutionContext.java:278)
	at org.eclipse.m2e.core.embedder.IMaven.execute(IMaven.java:300)
	at org.eclipse.m2e.jdt.internal.DownloadSourcesJob.run(DownloadSourcesJob.java:149)
	at org.eclipse.core.internal.jobs.Worker.run(Worker.java:63)
2025-04-17 06:55:24,899 [Worker-15: Download sources and javadoc] INFO  o.e.m.c.i.e.AbstractTransferListenerAdapter - Downloaded https://repo.maven.apache.org/maven2/com/google/guava/listenablefuture/9999.0-empty-to-avoid-conflict-with-guava/listenablefuture-9999.0-empty-to-avoid-conflict-with-guava-javadoc.jar
2025-04-17 06:55:24,908 [Worker-15: Download sources and javadoc] ERROR o.e.m.j.internal.DownloadSourcesJob - Could not download javadoc for com.google.guava:listenablefuture:9999.0-empty-to-avoid-conflict-with-guava
org.eclipse.core.runtime.CoreException: Could not resolve artifact com.google.guava:listenablefuture:jar:javadoc:9999.0-empty-to-avoid-conflict-with-guava
	at org.eclipse.m2e.core.internal.embedder.MavenImpl.lambda$7(MavenImpl.java:540)
	at org.eclipse.m2e.core.internal.embedder.MavenExecutionContext.executeBare(MavenExecutionContext.java:458)
	at org.eclipse.m2e.core.internal.embedder.MavenExecutionContext.execute(MavenExecutionContext.java:292)
	at org.eclipse.m2e.core.internal.embedder.MavenExecutionContext.execute(MavenExecutionContext.java:278)
	at org.eclipse.m2e.core.internal.embedder.MavenImpl.resolve(MavenImpl.java:509)
	at org.eclipse.m2e.core.internal.embedder.MavenImpl.resolve(MavenImpl.java:494)
	at org.eclipse.m2e.jdt.internal.DownloadSourcesJob.download(DownloadSourcesJob.java:308)
	at org.eclipse.m2e.jdt.internal.DownloadSourcesJob.downloadAttachments(DownloadSourcesJob.java:294)
	at org.eclipse.m2e.jdt.internal.DownloadSourcesJob.downloadMaven(DownloadSourcesJob.java:252)
	at org.eclipse.m2e.jdt.internal.DownloadSourcesJob.downloadFilesAndPopulateToUpdate(DownloadSourcesJob.java:220)
	at org.eclipse.m2e.jdt.internal.DownloadSourcesJob.lambda$0(DownloadSourcesJob.java:149)
	at org.eclipse.m2e.core.internal.embedder.MavenExecutionContext.executeBare(MavenExecutionContext.java:458)
	at org.eclipse.m2e.core.internal.embedder.MavenExecutionContext.execute(MavenExecutionContext.java:339)
	at org.eclipse.m2e.core.internal.embedder.MavenExecutionContext.execute(MavenExecutionContext.java:278)
	at org.eclipse.m2e.core.embedder.IMaven.execute(IMaven.java:300)
	at org.eclipse.m2e.jdt.internal.DownloadSourcesJob.run(DownloadSourcesJob.java:149)
	at org.eclipse.core.internal.jobs.Worker.run(Worker.java:63)
2025-04-17 06:55:25,216 [Worker-15: Download sources and javadoc] INFO  o.e.m.c.i.e.AbstractTransferListenerAdapter - Downloaded https://repo.maven.apache.org/maven2/org/springframework/cloud/spring-cloud-starter-loadbalancer/4.2.1/spring-cloud-starter-loadbalancer-4.2.1-javadoc.jar
2025-04-17 06:55:25,225 [Worker-15: Download sources and javadoc] ERROR o.e.m.j.internal.DownloadSourcesJob - Could not download javadoc for org.springframework.cloud:spring-cloud-starter-loadbalancer:4.2.1
org.eclipse.core.runtime.CoreException: Could not resolve artifact org.springframework.cloud:spring-cloud-starter-loadbalancer:jar:javadoc:4.2.1
	at org.eclipse.m2e.core.internal.embedder.MavenImpl.lambda$7(MavenImpl.java:540)
	at org.eclipse.m2e.core.internal.embedder.MavenExecutionContext.executeBare(MavenExecutionContext.java:458)
	at org.eclipse.m2e.core.internal.embedder.MavenExecutionContext.execute(MavenExecutionContext.java:292)
	at org.eclipse.m2e.core.internal.embedder.MavenExecutionContext.execute(MavenExecutionContext.java:278)
	at org.eclipse.m2e.core.internal.embedder.MavenImpl.resolve(MavenImpl.java:509)
	at org.eclipse.m2e.core.internal.embedder.MavenImpl.resolve(MavenImpl.java:494)
	at org.eclipse.m2e.jdt.internal.DownloadSourcesJob.download(DownloadSourcesJob.java:308)
	at org.eclipse.m2e.jdt.internal.DownloadSourcesJob.downloadAttachments(DownloadSourcesJob.java:294)
	at org.eclipse.m2e.jdt.internal.DownloadSourcesJob.downloadMaven(DownloadSourcesJob.java:252)
	at org.eclipse.m2e.jdt.internal.DownloadSourcesJob.downloadFilesAndPopulateToUpdate(DownloadSourcesJob.java:220)
	at org.eclipse.m2e.jdt.internal.DownloadSourcesJob.lambda$0(DownloadSourcesJob.java:149)
	at org.eclipse.m2e.core.internal.embedder.MavenExecutionContext.executeBare(MavenExecutionContext.java:458)
	at org.eclipse.m2e.core.internal.embedder.MavenExecutionContext.execute(MavenExecutionContext.java:339)
	at org.eclipse.m2e.core.internal.embedder.MavenExecutionContext.execute(MavenExecutionContext.java:278)
	at org.eclipse.m2e.core.embedder.IMaven.execute(IMaven.java:300)
	at org.eclipse.m2e.jdt.internal.DownloadSourcesJob.run(DownloadSourcesJob.java:149)
	at org.eclipse.core.internal.jobs.Worker.run(Worker.java:63)
2025-04-17 06:55:59,082 [Worker-15: Updating Maven Project] INFO  o.e.m.c.i.p.ProjectConfigurationManager - Update started
2025-04-17 06:55:59,947 [Worker-15: Updating Maven Project] INFO  o.e.m.c.i.l.LifecycleMappingFactory - Using org.eclipse.m2e.jdt.JarLifecycleMapping lifecycle mapping for MavenProject: com.eureka.service:eureka-service:1.0 @ E:\microservicio\eureka-service\pom.xml.
2025-04-17 06:56:02,259 [Worker-15: Updating Maven Project] INFO  o.e.m.j.i.AbstractJavaProjectConfigurator - Adding source folder /eureka-service/src/main/java
2025-04-17 06:56:02,260 [Worker-15: Updating Maven Project] INFO  o.e.m.j.i.AbstractJavaProjectConfigurator - Adding resource folder /eureka-service/src/main/resources
2025-04-17 06:56:02,260 [Worker-15: Updating Maven Project] INFO  o.e.m.j.i.AbstractJavaProjectConfigurator - Adding resource folder /eureka-service/src/main/resources
2025-04-17 06:56:02,261 [Worker-15: Updating Maven Project] INFO  o.e.m.j.i.AbstractJavaProjectConfigurator - Adding source folder /eureka-service/src/test/java
2025-04-17 06:56:02,262 [Worker-15: Updating Maven Project] INFO  o.e.m.j.i.AbstractJavaProjectConfigurator - Adding resource folder /eureka-service/src/test/resources
2025-04-17 06:56:05,030 [Worker-15: Updating Maven Project] INFO  o.e.m.c.i.p.ProjectConfigurationManager - Update completed for 1 poms: local refresh takes 0,00 sec, refresh facades takes 3,00 sec, update config takes 2,00 sec 
2025-04-17 06:56:05,656 [Worker-18: Building] INFO  o.a.m.s.f.DefaultMavenResourcesFiltering - Copying 1 resource from src\main\resources to target\classes
2025-04-17 06:56:05,687 [Worker-18: Building] INFO  o.a.m.s.f.DefaultMavenResourcesFiltering - Copying 0 resource from src\main\resources to target\classes
2025-04-17 06:56:05,696 [Worker-18: Building] INFO  o.a.m.s.f.DefaultMavenResourcesFiltering - skip non existing resourceDirectory E:\microservicio\eureka-service\src\test\resources
2025-04-17 06:56:56,238 [Worker-20: Building] INFO  o.a.m.s.f.DefaultMavenResourcesFiltering - Copying 0 resource from src\main\resources to target\classes
2025-04-17 06:56:56,242 [Worker-20: Building] INFO  o.a.m.s.f.DefaultMavenResourcesFiltering - Copying 1 resource from src\main\resources to target\classes
2025-04-17 06:56:56,251 [Worker-20: Building] INFO  o.a.m.s.f.DefaultMavenResourcesFiltering - skip non existing resourceDirectory E:\microservicio\eureka-service\src\test\resources
2025-04-17 06:58:18,165 [Worker-3: Building] INFO  o.a.m.s.f.DefaultMavenResourcesFiltering - Copying 0 resource from src\main\resources to target\classes
2025-04-17 06:58:18,166 [Worker-3: Building] INFO  o.a.m.s.f.DefaultMavenResourcesFiltering - Copying 1 resource from src\main\resources to target\classes
2025-04-17 06:58:18,172 [Worker-3: Building] INFO  o.a.m.s.f.DefaultMavenResourcesFiltering - skip non existing resourceDirectory E:\microservicio\eureka-service\src\test\resources
2025-04-17 06:58:27,797 [Worker-12: Building] INFO  o.a.m.s.f.DefaultMavenResourcesFiltering - Copying 0 resource from src\main\resources to target\classes
2025-04-17 06:58:27,798 [Worker-12: Building] INFO  o.a.m.s.f.DefaultMavenResourcesFiltering - Copying 1 resource from src\main\resources to target\classes
2025-04-17 06:58:27,807 [Worker-12: Building] INFO  o.a.m.s.f.DefaultMavenResourcesFiltering - skip non existing resourceDirectory E:\microservicio\eureka-service\src\test\resources
2025-04-17 06:58:37,059 [Worker-20: Building] INFO  o.a.m.s.f.DefaultMavenResourcesFiltering - Copying 0 resource from src\main\resources to target\classes
2025-04-17 06:58:37,060 [Worker-20: Building] INFO  o.a.m.s.f.DefaultMavenResourcesFiltering - Copying 1 resource from src\main\resources to target\classes
2025-04-17 06:58:37,183 [Worker-20: Building] INFO  o.a.m.s.f.DefaultMavenResourcesFiltering - skip non existing resourceDirectory E:\microservicio\eureka-service\src\test\resources
2025-04-17 06:59:37,905 [Worker-20: Building] INFO  o.a.m.s.f.DefaultMavenResourcesFiltering - Copying 0 resource from src\main\resources to target\classes
2025-04-17 06:59:37,906 [Worker-20: Building] INFO  o.a.m.s.f.DefaultMavenResourcesFiltering - Copying 1 resource from src\main\resources to target\classes
2025-04-17 06:59:37,911 [Worker-20: Building] INFO  o.a.m.s.f.DefaultMavenResourcesFiltering - skip non existing resourceDirectory E:\microservicio\eureka-service\src\test\resources
2025-04-17 07:10:26,990 [Worker-12: Building] INFO  o.e.m.c.i.l.LifecycleMappingFactory - Using org.eclipse.m2e.jdt.JarLifecycleMapping lifecycle mapping for MavenProject: auth-service:usuario-service:0.0.1-SNAPSHOT @ E:\microservicio\usuario-service\pom.xml.
2025-04-17 07:10:28,564 [Worker-12: Building] INFO  o.e.m.c.i.e.AbstractTransferListenerAdapter - Downloading https://repo.maven.apache.org/maven2/org/springframework/cloud/spring-cloud-starter-netflix-eureka-client/4.2.1/spring-cloud-starter-netflix-eureka-client-4.2.1.pom
2025-04-17 07:10:28,575 [Worker-12: Building] INFO  o.e.m.c.i.e.AbstractTransferListenerAdapter - Downloaded https://repo.maven.apache.org/maven2/org/springframework/cloud/spring-cloud-starter-netflix-eureka-client/4.2.1/spring-cloud-starter-netflix-eureka-client-4.2.1.pom
2025-04-17 07:10:29,875 [Worker-12: Building] INFO  o.e.m.c.i.e.AbstractTransferListenerAdapter - Downloading https://repo.maven.apache.org/maven2/org/springframework/cloud/spring-cloud-starter-netflix-eureka-client/4.2.1/spring-cloud-starter-netflix-eureka-client-4.2.1.jar
2025-04-17 07:10:29,884 [Worker-12: Building] INFO  o.e.m.c.i.e.AbstractTransferListenerAdapter - Downloaded https://repo.maven.apache.org/maven2/org/springframework/cloud/spring-cloud-starter-netflix-eureka-client/4.2.1/spring-cloud-starter-netflix-eureka-client-4.2.1.jar
2025-04-17 07:10:29,948 [BasicRepositoryConnector-repo.maven.apache.org-1-1] INFO  o.e.m.c.i.e.AbstractTransferListenerAdapter - Downloading https://repo.maven.apache.org/maven2/com/google/errorprone/error_prone_annotations/2.27.0/error_prone_annotations-2.27.0.jar
2025-04-17 07:10:29,970 [BasicRepositoryConnector-repo.maven.apache.org-1-1] INFO  o.e.m.c.i.e.AbstractTransferListenerAdapter - Downloaded https://repo.maven.apache.org/maven2/com/google/errorprone/error_prone_annotations/2.27.0/error_prone_annotations-2.27.0.jar
2025-04-17 07:10:30,087 [BasicRepositoryConnector-repo.maven.apache.org-1-0] INFO  o.e.m.c.i.e.AbstractTransferListenerAdapter - Downloading https://repo.maven.apache.org/maven2/com/google/guava/guava/14.0.1/guava-14.0.1.jar
2025-04-17 07:10:30,656 [BasicRepositoryConnector-repo.maven.apache.org-1-0] INFO  o.e.m.c.i.e.AbstractTransferListenerAdapter - Downloaded https://repo.maven.apache.org/maven2/com/google/guava/guava/14.0.1/guava-14.0.1.jar
2025-04-17 07:10:31,626 [Worker-12: Building] INFO  o.a.m.s.f.DefaultMavenResourcesFiltering - Copying 0 resource from src\main\resources to target\classes
2025-04-17 07:10:31,628 [Worker-12: Building] INFO  o.a.m.s.f.DefaultMavenResourcesFiltering - Copying 0 resource from src\main\resources to target\classes
2025-04-17 07:10:31,635 [Worker-12: Building] INFO  o.a.m.s.f.DefaultMavenResourcesFiltering - skip non existing resourceDirectory E:\microservicio\usuario-service\src\test\resources
2025-04-17 07:10:32,330 [Worker-14: Updating Maven Project] INFO  o.e.m.c.i.p.ProjectConfigurationManager - Update started
2025-04-17 07:10:32,704 [Worker-18: Download sources and javadoc] INFO  o.e.m.c.i.e.AbstractTransferListenerAdapter - Downloaded https://repo.maven.apache.org/maven2/org/springframework/cloud/spring-cloud-starter-netflix-eureka-client/4.2.1/spring-cloud-starter-netflix-eureka-client-4.2.1-sources.jar
2025-04-17 07:10:32,709 [Worker-18: Download sources and javadoc] ERROR o.e.m.j.internal.DownloadSourcesJob - Could not download sources for org.springframework.cloud:spring-cloud-starter-netflix-eureka-client:4.2.1
org.eclipse.core.runtime.CoreException: Could not resolve artifact org.springframework.cloud:spring-cloud-starter-netflix-eureka-client:jar:sources:4.2.1
	at org.eclipse.m2e.core.internal.embedder.MavenImpl.lambda$7(MavenImpl.java:540)
	at org.eclipse.m2e.core.internal.embedder.MavenExecutionContext.executeBare(MavenExecutionContext.java:458)
	at org.eclipse.m2e.core.internal.embedder.MavenExecutionContext.execute(MavenExecutionContext.java:292)
	at org.eclipse.m2e.core.internal.embedder.MavenExecutionContext.execute(MavenExecutionContext.java:278)
	at org.eclipse.m2e.core.internal.embedder.MavenImpl.resolve(MavenImpl.java:509)
	at org.eclipse.m2e.core.internal.embedder.MavenImpl.resolve(MavenImpl.java:494)
	at org.eclipse.m2e.jdt.internal.DownloadSourcesJob.download(DownloadSourcesJob.java:308)
	at org.eclipse.m2e.jdt.internal.DownloadSourcesJob.downloadAttachments(DownloadSourcesJob.java:282)
	at org.eclipse.m2e.jdt.internal.DownloadSourcesJob.downloadMaven(DownloadSourcesJob.java:252)
	at org.eclipse.m2e.jdt.internal.DownloadSourcesJob.downloadFilesAndPopulateToUpdate(DownloadSourcesJob.java:220)
	at org.eclipse.m2e.jdt.internal.DownloadSourcesJob.lambda$0(DownloadSourcesJob.java:149)
	at org.eclipse.m2e.core.internal.embedder.MavenExecutionContext.executeBare(MavenExecutionContext.java:458)
	at org.eclipse.m2e.core.internal.embedder.MavenExecutionContext.execute(MavenExecutionContext.java:339)
	at org.eclipse.m2e.core.internal.embedder.MavenExecutionContext.execute(MavenExecutionContext.java:278)
	at org.eclipse.m2e.core.embedder.IMaven.execute(IMaven.java:300)
	at org.eclipse.m2e.jdt.internal.DownloadSourcesJob.run(DownloadSourcesJob.java:149)
	at org.eclipse.core.internal.jobs.Worker.run(Worker.java:63)
2025-04-17 07:10:42,890 [Worker-14: Updating Maven Project] INFO  o.e.m.c.i.l.LifecycleMappingFactory - Using org.eclipse.m2e.jdt.JarLifecycleMapping lifecycle mapping for MavenProject: auth-service:usuario-service:0.0.1-SNAPSHOT @ E:\microservicio\usuario-service\pom.xml.
2025-04-17 07:10:42,905 [Worker-18: Download sources and javadoc] INFO  o.e.m.c.i.e.AbstractTransferListenerAdapter - Downloading https://repo.maven.apache.org/maven2/com/google/guava/guava/14.0.1/guava-14.0.1-sources.jar
2025-04-17 07:10:43,298 [Worker-18: Download sources and javadoc] INFO  o.e.m.c.i.e.AbstractTransferListenerAdapter - Downloaded https://repo.maven.apache.org/maven2/com/google/guava/guava/14.0.1/guava-14.0.1-sources.jar
2025-04-17 07:10:43,315 [Worker-18: Download sources and javadoc] INFO  o.e.m.j.internal.DownloadSourcesJob - Downloaded sources for com.google.guava:guava:14.0.1
2025-04-17 07:10:43,525 [Worker-18: Download sources and javadoc] INFO  o.e.m.c.i.e.AbstractTransferListenerAdapter - Downloading https://repo.maven.apache.org/maven2/com/google/errorprone/error_prone_annotations/2.27.0/error_prone_annotations-2.27.0-sources.jar
2025-04-17 07:10:43,550 [Worker-18: Download sources and javadoc] INFO  o.e.m.c.i.e.AbstractTransferListenerAdapter - Downloaded https://repo.maven.apache.org/maven2/com/google/errorprone/error_prone_annotations/2.27.0/error_prone_annotations-2.27.0-sources.jar
2025-04-17 07:10:43,560 [Worker-18: Download sources and javadoc] INFO  o.e.m.j.internal.DownloadSourcesJob - Downloaded sources for com.google.errorprone:error_prone_annotations:2.27.0
2025-04-17 07:10:48,021 [Worker-14: Updating Maven Project] INFO  o.e.m.j.i.AbstractJavaProjectConfigurator - Adding source folder /usuario-service/src/main/java
2025-04-17 07:10:48,022 [Worker-14: Updating Maven Project] INFO  o.e.m.j.i.AbstractJavaProjectConfigurator - Adding resource folder /usuario-service/src/main/resources
2025-04-17 07:10:48,023 [Worker-14: Updating Maven Project] INFO  o.e.m.j.i.AbstractJavaProjectConfigurator - Adding resource folder /usuario-service/src/main/resources
2025-04-17 07:10:48,023 [Worker-14: Updating Maven Project] INFO  o.e.m.j.i.AbstractJavaProjectConfigurator - Adding source folder /usuario-service/src/test/java
2025-04-17 07:10:48,024 [Worker-14: Updating Maven Project] INFO  o.e.m.j.i.AbstractJavaProjectConfigurator - Adding resource folder /usuario-service/src/test/resources
2025-04-17 07:10:49,330 [Worker-14: Updating Maven Project] INFO  o.e.m.c.i.p.ProjectConfigurationManager - Update completed for 1 poms: local refresh takes 0,00 sec, refresh facades takes 15,00 sec, update config takes 1,00 sec 
2025-04-17 07:10:52,695 [Worker-24: Building] INFO  o.a.m.s.f.DefaultMavenResourcesFiltering - Copying 0 resource from src\main\resources to target\classes
2025-04-17 07:10:52,695 [Worker-24: Building] INFO  o.a.m.s.f.DefaultMavenResourcesFiltering - Copying 1 resource from src\main\resources to target\classes
2025-04-17 07:10:52,722 [Worker-24: Building] INFO  o.a.m.s.f.DefaultMavenResourcesFiltering - skip non existing resourceDirectory E:\microservicio\usuario-service\src\test\resources
2025-04-17 07:11:53,898 [Worker-26: Building] INFO  o.a.m.s.f.DefaultMavenResourcesFiltering - Copying 0 resource from src\main\resources to target\classes
2025-04-17 07:11:53,901 [Worker-26: Building] INFO  o.a.m.s.f.DefaultMavenResourcesFiltering - Copying 1 resource from src\main\resources to target\classes
2025-04-17 07:11:53,906 [Worker-26: Building] INFO  o.a.m.s.f.DefaultMavenResourcesFiltering - skip non existing resourceDirectory E:\microservicio\usuario-service\src\test\resources
2025-04-17 07:12:46,944 [Worker-18: Updating Maven Project] INFO  o.e.m.c.i.p.ProjectConfigurationManager - Update started
2025-04-17 07:12:47,756 [Worker-18: Updating Maven Project] INFO  o.e.m.c.i.l.LifecycleMappingFactory - Using org.eclipse.m2e.jdt.JarLifecycleMapping lifecycle mapping for MavenProject: auth-service:usuario-service:0.0.1-SNAPSHOT @ E:\microservicio\usuario-service\pom.xml.
2025-04-17 07:12:49,728 [Worker-18: Updating Maven Project] INFO  o.e.m.j.i.AbstractJavaProjectConfigurator - Adding source folder /usuario-service/src/main/java
2025-04-17 07:12:49,729 [Worker-18: Updating Maven Project] INFO  o.e.m.j.i.AbstractJavaProjectConfigurator - Adding resource folder /usuario-service/src/main/resources
2025-04-17 07:12:49,730 [Worker-18: Updating Maven Project] INFO  o.e.m.j.i.AbstractJavaProjectConfigurator - Adding resource folder /usuario-service/src/main/resources
2025-04-17 07:12:49,731 [Worker-18: Updating Maven Project] INFO  o.e.m.j.i.AbstractJavaProjectConfigurator - Adding source folder /usuario-service/src/test/java
2025-04-17 07:12:49,732 [Worker-18: Updating Maven Project] INFO  o.e.m.j.i.AbstractJavaProjectConfigurator - Adding resource folder /usuario-service/src/test/resources
2025-04-17 07:12:50,617 [Worker-18: Updating Maven Project] INFO  o.e.m.c.i.p.ProjectConfigurationManager - Update completed for 1 poms: local refresh takes 0,00 sec, refresh facades takes 2,00 sec, update config takes 0,00 sec 
2025-04-17 07:12:50,978 [Worker-17: Download sources and javadoc] INFO  o.e.m.c.i.e.AbstractTransferListenerAdapter - Downloaded https://repo.maven.apache.org/maven2/org/springframework/cloud/spring-cloud-starter-netflix-eureka-client/4.2.1/spring-cloud-starter-netflix-eureka-client-4.2.1-javadoc.jar
2025-04-17 07:12:50,983 [Worker-17: Download sources and javadoc] ERROR o.e.m.j.internal.DownloadSourcesJob - Could not download javadoc for org.springframework.cloud:spring-cloud-starter-netflix-eureka-client:4.2.1
org.eclipse.core.runtime.CoreException: Could not resolve artifact org.springframework.cloud:spring-cloud-starter-netflix-eureka-client:jar:javadoc:4.2.1
	at org.eclipse.m2e.core.internal.embedder.MavenImpl.lambda$7(MavenImpl.java:540)
	at org.eclipse.m2e.core.internal.embedder.MavenExecutionContext.executeBare(MavenExecutionContext.java:458)
	at org.eclipse.m2e.core.internal.embedder.MavenExecutionContext.execute(MavenExecutionContext.java:292)
	at org.eclipse.m2e.core.internal.embedder.MavenExecutionContext.execute(MavenExecutionContext.java:278)
	at org.eclipse.m2e.core.internal.embedder.MavenImpl.resolve(MavenImpl.java:509)
	at org.eclipse.m2e.core.internal.embedder.MavenImpl.resolve(MavenImpl.java:494)
	at org.eclipse.m2e.jdt.internal.DownloadSourcesJob.download(DownloadSourcesJob.java:308)
	at org.eclipse.m2e.jdt.internal.DownloadSourcesJob.downloadAttachments(DownloadSourcesJob.java:294)
	at org.eclipse.m2e.jdt.internal.DownloadSourcesJob.downloadMaven(DownloadSourcesJob.java:252)
	at org.eclipse.m2e.jdt.internal.DownloadSourcesJob.downloadFilesAndPopulateToUpdate(DownloadSourcesJob.java:220)
	at org.eclipse.m2e.jdt.internal.DownloadSourcesJob.lambda$0(DownloadSourcesJob.java:149)
	at org.eclipse.m2e.core.internal.embedder.MavenExecutionContext.executeBare(MavenExecutionContext.java:458)
	at org.eclipse.m2e.core.internal.embedder.MavenExecutionContext.execute(MavenExecutionContext.java:339)
	at org.eclipse.m2e.core.internal.embedder.MavenExecutionContext.execute(MavenExecutionContext.java:278)
	at org.eclipse.m2e.core.embedder.IMaven.execute(IMaven.java:300)
	at org.eclipse.m2e.jdt.internal.DownloadSourcesJob.run(DownloadSourcesJob.java:149)
	at org.eclipse.core.internal.jobs.Worker.run(Worker.java:63)
2025-04-17 07:12:51,452 [Worker-14: Building] INFO  o.a.m.s.f.DefaultMavenResourcesFiltering - Copying 0 resource from src\main\resources to target\classes
2025-04-17 07:12:51,453 [Worker-14: Building] INFO  o.a.m.s.f.DefaultMavenResourcesFiltering - Copying 1 resource from src\main\resources to target\classes
2025-04-17 07:12:51,467 [Worker-14: Building] INFO  o.a.m.s.f.DefaultMavenResourcesFiltering - skip non existing resourceDirectory E:\microservicio\usuario-service\src\test\resources
2025-04-17 07:13:04,149 [Worker-23: Updating Maven Project] INFO  o.e.m.c.i.p.ProjectConfigurationManager - Update started
2025-04-17 07:13:04,875 [Worker-23: Updating Maven Project] INFO  o.e.m.c.i.l.LifecycleMappingFactory - Using org.eclipse.m2e.jdt.JarLifecycleMapping lifecycle mapping for MavenProject: auth-service:usuario-service:0.0.1-SNAPSHOT @ E:\microservicio\usuario-service\pom.xml.
2025-04-17 07:13:07,087 [Worker-23: Updating Maven Project] INFO  o.e.m.j.i.AbstractJavaProjectConfigurator - Adding source folder /usuario-service/src/main/java
2025-04-17 07:13:07,088 [Worker-23: Updating Maven Project] INFO  o.e.m.j.i.AbstractJavaProjectConfigurator - Adding resource folder /usuario-service/src/main/resources
2025-04-17 07:13:07,089 [Worker-23: Updating Maven Project] INFO  o.e.m.j.i.AbstractJavaProjectConfigurator - Adding resource folder /usuario-service/src/main/resources
2025-04-17 07:13:07,090 [Worker-23: Updating Maven Project] INFO  o.e.m.j.i.AbstractJavaProjectConfigurator - Adding source folder /usuario-service/src/test/java
2025-04-17 07:13:07,091 [Worker-23: Updating Maven Project] INFO  o.e.m.j.i.AbstractJavaProjectConfigurator - Adding resource folder /usuario-service/src/test/resources
2025-04-17 07:13:08,039 [Worker-23: Updating Maven Project] INFO  o.e.m.c.i.p.ProjectConfigurationManager - Update completed for 1 poms: local refresh takes 0,00 sec, refresh facades takes 2,00 sec, update config takes 0,00 sec 
2025-04-17 07:13:08,633 [Worker-14: Building] INFO  o.a.m.s.f.DefaultMavenResourcesFiltering - Copying 0 resource from src\main\resources to target\classes
2025-04-17 07:13:08,633 [Worker-14: Building] INFO  o.a.m.s.f.DefaultMavenResourcesFiltering - Copying 1 resource from src\main\resources to target\classes
2025-04-17 07:13:08,646 [Worker-14: Building] INFO  o.a.m.s.f.DefaultMavenResourcesFiltering - skip non existing resourceDirectory E:\microservicio\usuario-service\src\test\resources
2025-04-17 07:13:34,650 [Worker-26: Building] INFO  o.a.m.s.f.DefaultMavenResourcesFiltering - Copying 0 resource from src\main\resources to target\classes
2025-04-17 07:13:34,651 [Worker-26: Building] INFO  o.a.m.s.f.DefaultMavenResourcesFiltering - Copying 1 resource from src\main\resources to target\classes
2025-04-17 07:13:34,654 [Worker-26: Building] INFO  o.a.m.s.f.DefaultMavenResourcesFiltering - skip non existing resourceDirectory E:\microservicio\usuario-service\src\test\resources
2025-04-17 07:14:39,100 [Worker-12: Building] INFO  o.a.m.s.f.DefaultMavenResourcesFiltering - Copying 0 resource from src\main\resources to target\classes
2025-04-17 07:14:39,102 [Worker-12: Building] INFO  o.a.m.s.f.DefaultMavenResourcesFiltering - Copying 1 resource from src\main\resources to target\classes
2025-04-17 07:14:39,106 [Worker-12: Building] INFO  o.a.m.s.f.DefaultMavenResourcesFiltering - skip non existing resourceDirectory E:\microservicio\usuario-service\src\test\resources
2025-04-17 07:16:13,342 [Worker-26: Building] INFO  o.a.m.s.f.DefaultMavenResourcesFiltering - Copying 0 resource from src\main\resources to target\classes
2025-04-17 07:16:13,344 [Worker-26: Building] INFO  o.a.m.s.f.DefaultMavenResourcesFiltering - Copying 1 resource from src\main\resources to target\classes
2025-04-17 07:16:13,358 [Worker-26: Building] INFO  o.a.m.s.f.DefaultMavenResourcesFiltering - skip non existing resourceDirectory E:\microservicio\usuario-service\src\test\resources
2025-04-17 07:18:19,889 [Worker-25: Building] INFO  o.a.m.s.f.DefaultMavenResourcesFiltering - Copying 0 resource from src\main\resources to target\classes
2025-04-17 07:18:19,890 [Worker-25: Building] INFO  o.a.m.s.f.DefaultMavenResourcesFiltering - Copying 1 resource from src\main\resources to target\classes
2025-04-17 07:18:19,895 [Worker-25: Building] INFO  o.a.m.s.f.DefaultMavenResourcesFiltering - skip non existing resourceDirectory E:\microservicio\usuario-service\src\test\resources
2025-04-17 07:18:58,671 [Worker-27: Building] INFO  o.e.m.c.i.l.LifecycleMappingFactory - Using org.eclipse.m2e.jdt.JarLifecycleMapping lifecycle mapping for MavenProject: auth-service:carro-service:0.0.1-SNAPSHOT @ E:\microservicio\carro-service\pom.xml.
2025-04-17 07:19:02,411 [Worker-27: Building] INFO  o.a.m.s.f.DefaultMavenResourcesFiltering - Copying 0 resource from src\main\resources to target\classes
2025-04-17 07:19:02,413 [Worker-27: Building] INFO  o.a.m.s.f.DefaultMavenResourcesFiltering - Copying 0 resource from src\main\resources to target\classes
2025-04-17 07:19:02,421 [Worker-27: Building] INFO  o.a.m.s.f.DefaultMavenResourcesFiltering - skip non existing resourceDirectory E:\microservicio\carro-service\src\test\resources
2025-04-17 07:19:02,621 [Worker-17: Updating Maven Project] INFO  o.e.m.c.i.p.ProjectConfigurationManager - Update started
2025-04-17 07:19:03,795 [Worker-17: Updating Maven Project] INFO  o.e.m.c.i.l.LifecycleMappingFactory - Using org.eclipse.m2e.jdt.JarLifecycleMapping lifecycle mapping for MavenProject: auth-service:carro-service:0.0.1-SNAPSHOT @ E:\microservicio\carro-service\pom.xml.
2025-04-17 07:19:06,216 [Worker-17: Updating Maven Project] INFO  o.e.m.j.i.AbstractJavaProjectConfigurator - Adding source folder /carro-service/src/main/java
2025-04-17 07:19:06,217 [Worker-17: Updating Maven Project] INFO  o.e.m.j.i.AbstractJavaProjectConfigurator - Adding resource folder /carro-service/src/main/resources
2025-04-17 07:19:06,218 [Worker-17: Updating Maven Project] INFO  o.e.m.j.i.AbstractJavaProjectConfigurator - Adding resource folder /carro-service/src/main/resources
2025-04-17 07:19:06,219 [Worker-17: Updating Maven Project] INFO  o.e.m.j.i.AbstractJavaProjectConfigurator - Adding source folder /carro-service/src/test/java
2025-04-17 07:19:06,220 [Worker-17: Updating Maven Project] INFO  o.e.m.j.i.AbstractJavaProjectConfigurator - Adding resource folder /carro-service/src/test/resources
2025-04-17 07:19:07,298 [Worker-17: Updating Maven Project] INFO  o.e.m.c.i.p.ProjectConfigurationManager - Update completed for 1 poms: local refresh takes 0,00 sec, refresh facades takes 3,00 sec, update config takes 1,00 sec 
2025-04-17 07:19:07,941 [Worker-17: Building] INFO  o.a.m.s.f.DefaultMavenResourcesFiltering - Copying 0 resource from src\main\resources to target\classes
2025-04-17 07:19:07,942 [Worker-17: Building] INFO  o.a.m.s.f.DefaultMavenResourcesFiltering - Copying 1 resource from src\main\resources to target\classes
2025-04-17 07:19:07,956 [Worker-17: Building] INFO  o.a.m.s.f.DefaultMavenResourcesFiltering - skip non existing resourceDirectory E:\microservicio\carro-service\src\test\resources
2025-04-17 07:19:58,326 [Worker-29: Building] INFO  o.a.m.s.f.DefaultMavenResourcesFiltering - Copying 0 resource from src\main\resources to target\classes
2025-04-17 07:19:58,326 [Worker-29: Building] INFO  o.a.m.s.f.DefaultMavenResourcesFiltering - Copying 1 resource from src\main\resources to target\classes
2025-04-17 07:19:58,330 [Worker-29: Building] INFO  o.a.m.s.f.DefaultMavenResourcesFiltering - skip non existing resourceDirectory E:\microservicio\carro-service\src\test\resources
2025-04-19 08:10:33,803 [Worker-0: Loading available Gradle versions] INFO  o.e.b.c.i.u.g.PublishedGradleVersions - Gradle version information cache is out-of-date. Trying to update.
2025-04-19 08:11:16,716 [Worker-0: Building] INFO  o.a.m.s.f.DefaultMavenResourcesFiltering - Copying 0 resource from src\main\resources to target\classes
2025-04-19 08:11:16,735 [Worker-0: Building] INFO  o.a.m.s.f.DefaultMavenResourcesFiltering - Copying 1 resource from src\main\resources to target\classes
2025-04-19 08:11:16,749 [Worker-0: Building] INFO  o.a.m.s.f.DefaultMavenResourcesFiltering - skip non existing resourceDirectory E:\microservicio\carro-service\src\test\resources
2025-04-19 08:13:00,274 [Worker-1: Building] INFO  o.a.m.s.f.DefaultMavenResourcesFiltering - Copying 0 resource from src\main\resources to target\classes
2025-04-19 08:13:00,276 [Worker-1: Building] INFO  o.a.m.s.f.DefaultMavenResourcesFiltering - Copying 1 resource from src\main\resources to target\classes
2025-04-19 08:13:00,286 [Worker-1: Building] INFO  o.a.m.s.f.DefaultMavenResourcesFiltering - skip non existing resourceDirectory E:\microservicio\carro-service\src\test\resources
2025-04-19 08:14:02,626 [Worker-12: Building] INFO  o.a.m.s.f.DefaultMavenResourcesFiltering - Copying 0 resource from src\main\resources to target\classes
2025-04-19 08:14:02,627 [Worker-12: Building] INFO  o.a.m.s.f.DefaultMavenResourcesFiltering - Copying 1 resource from src\main\resources to target\classes
2025-04-19 08:14:02,643 [Worker-12: Building] INFO  o.a.m.s.f.DefaultMavenResourcesFiltering - skip non existing resourceDirectory E:\microservicio\usuario-service\src\test\resources
2025-04-19 08:15:10,512 [Worker-6: Building] INFO  o.a.m.s.f.DefaultMavenResourcesFiltering - Copying 0 resource from src\main\resources to target\classes
2025-04-19 08:15:10,512 [Worker-6: Building] INFO  o.a.m.s.f.DefaultMavenResourcesFiltering - Copying 1 resource from src\main\resources to target\classes
2025-04-19 08:15:10,526 [Worker-6: Building] INFO  o.a.m.s.f.DefaultMavenResourcesFiltering - skip non existing resourceDirectory E:\microservicio\moto-service\src\test\resources
2025-04-19 08:15:40,133 [Worker-10: Building] INFO  o.a.m.s.f.DefaultMavenResourcesFiltering - Copying 0 resource from src\main\resources to target\classes
2025-04-19 08:15:40,134 [Worker-10: Building] INFO  o.a.m.s.f.DefaultMavenResourcesFiltering - Copying 1 resource from src\main\resources to target\classes
2025-04-19 08:15:40,139 [Worker-10: Building] INFO  o.a.m.s.f.DefaultMavenResourcesFiltering - skip non existing resourceDirectory E:\microservicio\moto-service\src\test\resources
2025-04-19 08:15:54,163 [Worker-8: Building] INFO  o.a.m.s.f.DefaultMavenResourcesFiltering - Copying 0 resource from src\main\resources to target\classes
2025-04-19 08:15:54,164 [Worker-8: Building] INFO  o.a.m.s.f.DefaultMavenResourcesFiltering - Copying 1 resource from src\main\resources to target\classes
2025-04-19 08:15:54,171 [Worker-8: Building] INFO  o.a.m.s.f.DefaultMavenResourcesFiltering - skip non existing resourceDirectory E:\microservicio\moto-service\src\test\resources
2025-04-19 08:16:03,250 [Worker-3: Building] INFO  o.a.m.s.f.DefaultMavenResourcesFiltering - Copying 0 resource from src\main\resources to target\classes
2025-04-19 08:16:03,254 [Worker-3: Building] INFO  o.a.m.s.f.DefaultMavenResourcesFiltering - Copying 1 resource from src\main\resources to target\classes
2025-04-19 08:16:03,260 [Worker-3: Building] INFO  o.a.m.s.f.DefaultMavenResourcesFiltering - skip non existing resourceDirectory E:\microservicio\carro-service\src\test\resources
2025-04-19 08:16:03,620 [Worker-3: Building] INFO  o.a.m.s.f.DefaultMavenResourcesFiltering - Copying 0 resource from src\main\resources to target\classes
2025-04-19 08:16:03,622 [Worker-3: Building] INFO  o.a.m.s.f.DefaultMavenResourcesFiltering - Copying 1 resource from src\main\resources to target\classes
2025-04-19 08:16:03,637 [Worker-3: Building] INFO  o.a.m.s.f.DefaultMavenResourcesFiltering - skip non existing resourceDirectory E:\microservicio\moto-service\src\test\resources
2025-04-19 08:16:14,940 [Worker-10: Building] INFO  o.a.m.s.f.DefaultMavenResourcesFiltering - Copying 0 resource from src\main\resources to target\classes
2025-04-19 08:16:14,942 [Worker-10: Building] INFO  o.a.m.s.f.DefaultMavenResourcesFiltering - Copying 1 resource from src\main\resources to target\classes
2025-04-19 08:16:14,949 [Worker-10: Building] INFO  o.a.m.s.f.DefaultMavenResourcesFiltering - skip non existing resourceDirectory E:\microservicio\carro-service\src\test\resources
2025-04-21 06:58:50,469 [Worker-4: Loading available Gradle versions] INFO  o.e.b.c.i.u.g.PublishedGradleVersions - Gradle version information cache is out-of-date. Trying to update.
2025-04-21 07:04:48,361 [Worker-14: Building] INFO  o.e.m.c.i.l.LifecycleMappingFactory - Using org.eclipse.m2e.jdt.JarLifecycleMapping lifecycle mapping for MavenProject: auth-service:moto-service-1:0.0.1-SNAPSHOT @ E:\microservicio\moto-service\pom.xml.
2025-04-21 07:04:52,950 [Worker-14: Building] INFO  o.a.m.s.f.DefaultMavenResourcesFiltering - Copying 0 resource from src\main\resources to target\classes
2025-04-21 07:04:52,953 [Worker-14: Building] INFO  o.a.m.s.f.DefaultMavenResourcesFiltering - Copying 1 resource from src\main\resources to target\classes
2025-04-21 07:04:52,971 [Worker-14: Building] INFO  o.a.m.s.f.DefaultMavenResourcesFiltering - skip non existing resourceDirectory E:\microservicio\moto-service\src\test\resources
2025-04-21 07:04:55,075 [Worker-18: Updating Maven Project] INFO  o.e.m.c.i.p.ProjectConfigurationManager - Update started
2025-04-21 07:04:55,956 [Worker-18: Updating Maven Project] INFO  o.e.m.c.i.l.LifecycleMappingFactory - Using org.eclipse.m2e.jdt.JarLifecycleMapping lifecycle mapping for MavenProject: auth-service:moto-service-1:0.0.1-SNAPSHOT @ E:\microservicio\moto-service\pom.xml.
2025-04-21 07:04:58,548 [Worker-18: Updating Maven Project] INFO  o.e.m.j.i.AbstractJavaProjectConfigurator - Adding source folder /moto-service/src/main/java
2025-04-21 07:04:58,551 [Worker-18: Updating Maven Project] INFO  o.e.m.j.i.AbstractJavaProjectConfigurator - Adding resource folder /moto-service/src/main/resources
2025-04-21 07:04:58,553 [Worker-18: Updating Maven Project] INFO  o.e.m.j.i.AbstractJavaProjectConfigurator - Adding resource folder /moto-service/src/main/resources
2025-04-21 07:04:58,556 [Worker-18: Updating Maven Project] INFO  o.e.m.j.i.AbstractJavaProjectConfigurator - Adding source folder /moto-service/src/test/java
2025-04-21 07:04:58,558 [Worker-18: Updating Maven Project] INFO  o.e.m.j.i.AbstractJavaProjectConfigurator - Adding resource folder /moto-service/src/test/resources
2025-04-21 07:04:59,563 [Worker-18: Updating Maven Project] INFO  o.e.m.c.i.p.ProjectConfigurationManager - Update completed for 1 poms: local refresh takes 0,00 sec, refresh facades takes 3,00 sec, update config takes 1,00 sec 
2025-04-21 07:05:00,623 [Worker-12: Building] INFO  o.a.m.s.f.DefaultMavenResourcesFiltering - Copying 0 resource from src\main\resources to target\classes
2025-04-21 07:05:00,625 [Worker-12: Building] INFO  o.a.m.s.f.DefaultMavenResourcesFiltering - Copying 1 resource from src\main\resources to target\classes
2025-04-21 07:05:00,646 [Worker-12: Building] INFO  o.a.m.s.f.DefaultMavenResourcesFiltering - skip non existing resourceDirectory E:\microservicio\moto-service\src\test\resources
2025-04-21 07:49:59,198 [Worker-21: Updating Maven Project] INFO  o.e.m.c.i.p.ProjectConfigurationManager - Update started
2025-04-21 07:50:00,084 [Worker-21: Updating Maven Project] INFO  o.e.m.c.i.l.LifecycleMappingFactory - Using org.eclipse.m2e.jdt.JarLifecycleMapping lifecycle mapping for MavenProject: auth-service:carro-service:0.0.1-SNAPSHOT @ E:\microservicio\carro-service\pom.xml.
2025-04-21 07:50:02,277 [Worker-21: Updating Maven Project] INFO  o.e.m.j.i.AbstractJavaProjectConfigurator - Adding source folder /carro-service/src/main/java
2025-04-21 07:50:02,279 [Worker-21: Updating Maven Project] INFO  o.e.m.j.i.AbstractJavaProjectConfigurator - Adding resource folder /carro-service/src/main/resources
2025-04-21 07:50:02,281 [Worker-21: Updating Maven Project] INFO  o.e.m.j.i.AbstractJavaProjectConfigurator - Adding resource folder /carro-service/src/main/resources
2025-04-21 07:50:02,282 [Worker-21: Updating Maven Project] INFO  o.e.m.j.i.AbstractJavaProjectConfigurator - Adding source folder /carro-service/src/test/java
2025-04-21 07:50:02,283 [Worker-21: Updating Maven Project] INFO  o.e.m.j.i.AbstractJavaProjectConfigurator - Adding resource folder /carro-service/src/test/resources
2025-04-21 07:50:03,775 [Worker-21: Updating Maven Project] INFO  o.e.m.c.i.p.ProjectConfigurationManager - Update completed for 1 poms: local refresh takes 0,00 sec, refresh facades takes 2,00 sec, update config takes 1,00 sec 
2025-04-21 07:50:05,685 [Worker-23: Building] INFO  o.a.m.s.f.DefaultMavenResourcesFiltering - Copying 0 resource from src\main\resources to target\classes
2025-04-21 07:50:05,686 [Worker-23: Building] INFO  o.a.m.s.f.DefaultMavenResourcesFiltering - Copying 1 resource from src\main\resources to target\classes
2025-04-21 07:50:05,754 [Worker-23: Building] INFO  o.a.m.s.f.DefaultMavenResourcesFiltering - skip non existing resourceDirectory E:\microservicio\carro-service\src\test\resources
2025-04-21 07:51:26,390 [Worker-16: Updating Maven Project] INFO  o.e.m.c.i.p.ProjectConfigurationManager - Update started
2025-04-21 07:51:27,280 [Worker-16: Updating Maven Project] INFO  o.e.m.c.i.l.LifecycleMappingFactory - Using org.eclipse.m2e.jdt.JarLifecycleMapping lifecycle mapping for MavenProject: auth-service:usuario-service:0.0.1-SNAPSHOT @ E:\microservicio\usuario-service\pom.xml.
2025-04-21 07:51:30,830 [Worker-16: Updating Maven Project] INFO  o.e.m.j.i.AbstractJavaProjectConfigurator - Adding source folder /usuario-service/src/main/java
2025-04-21 07:51:30,832 [Worker-16: Updating Maven Project] INFO  o.e.m.j.i.AbstractJavaProjectConfigurator - Adding resource folder /usuario-service/src/main/resources
2025-04-21 07:51:30,835 [Worker-16: Updating Maven Project] INFO  o.e.m.j.i.AbstractJavaProjectConfigurator - Adding resource folder /usuario-service/src/main/resources
2025-04-21 07:51:30,836 [Worker-16: Updating Maven Project] INFO  o.e.m.j.i.AbstractJavaProjectConfigurator - Adding source folder /usuario-service/src/test/java
2025-04-21 07:51:30,848 [Worker-16: Updating Maven Project] INFO  o.e.m.j.i.AbstractJavaProjectConfigurator - Adding resource folder /usuario-service/src/test/resources
2025-04-21 07:51:35,681 [Worker-16: Updating Maven Project] INFO  o.e.m.c.i.p.ProjectConfigurationManager - Update completed for 1 poms: local refresh takes 0,00 sec, refresh facades takes 3,00 sec, update config takes 5,00 sec 
2025-04-21 07:51:38,800 [Worker-17: Building] INFO  o.a.m.s.f.DefaultMavenResourcesFiltering - Copying 0 resource from src\main\resources to target\classes
2025-04-21 07:51:38,801 [Worker-17: Building] INFO  o.a.m.s.f.DefaultMavenResourcesFiltering - Copying 1 resource from src\main\resources to target\classes
2025-04-21 07:51:38,818 [Worker-17: Building] INFO  o.a.m.s.f.DefaultMavenResourcesFiltering - skip non existing resourceDirectory E:\microservicio\usuario-service\src\test\resources
2025-04-21 21:40:07,473 [Worker-0: Loading available Gradle versions] INFO  o.e.b.c.i.u.g.PublishedGradleVersions - Gradle version information cache is up-to-date. Trying to read.
2025-04-28 08:30:19,214 [Worker-4: Loading available Gradle versions] INFO  o.e.b.c.i.u.g.PublishedGradleVersions - Gradle version information cache is out-of-date. Trying to update.
2025-04-28 09:20:27,307 [Worker-18: Building] INFO  o.a.m.s.f.DefaultMavenResourcesFiltering - Copying 0 resource from src\main\resources to target\classes
2025-04-28 09:20:27,317 [Worker-18: Building] INFO  o.a.m.s.f.DefaultMavenResourcesFiltering - Copying 1 resource from src\main\resources to target\classes
2025-04-28 09:20:27,336 [Worker-18: Building] INFO  o.a.m.s.f.DefaultMavenResourcesFiltering - skip non existing resourceDirectory E:\microservicio\carro-service\src\test\resources
2025-04-28 09:20:34,028 [Worker-18: Building] INFO  o.a.m.s.f.DefaultMavenResourcesFiltering - Copying 1 resource from src\main\resources to target\classes
2025-04-28 09:20:34,085 [Worker-18: Building] INFO  o.a.m.s.f.DefaultMavenResourcesFiltering - Copying 0 resource from src\main\resources to target\classes
2025-04-28 09:20:34,096 [Worker-18: Building] INFO  o.a.m.s.f.DefaultMavenResourcesFiltering - skip non existing resourceDirectory E:\microservicio\config-service\src\test\resources
2025-04-28 09:20:40,042 [Worker-18: Building] INFO  o.a.m.s.f.DefaultMavenResourcesFiltering - Copying 0 resource from src\main\resources to target\classes
2025-04-28 09:20:40,043 [Worker-18: Building] INFO  o.a.m.s.f.DefaultMavenResourcesFiltering - Copying 1 resource from src\main\resources to target\classes
2025-04-28 09:20:40,057 [Worker-18: Building] INFO  o.a.m.s.f.DefaultMavenResourcesFiltering - skip non existing resourceDirectory E:\microservicio\eureka-service\src\test\resources
2025-04-28 09:20:44,823 [Worker-18: Building] INFO  o.a.m.s.f.DefaultMavenResourcesFiltering - Copying 0 resource from src\main\resources to target\classes
2025-04-28 09:20:44,825 [Worker-18: Building] INFO  o.a.m.s.f.DefaultMavenResourcesFiltering - Copying 1 resource from src\main\resources to target\classes
2025-04-28 09:20:44,847 [Worker-18: Building] INFO  o.a.m.s.f.DefaultMavenResourcesFiltering - skip non existing resourceDirectory E:\microservicio\moto-service\src\test\resources
2025-04-28 09:20:52,658 [Worker-18: Building] INFO  o.a.m.s.f.DefaultMavenResourcesFiltering - Copying 0 resource from src\main\resources to target\classes
2025-04-28 09:20:52,659 [Worker-18: Building] INFO  o.a.m.s.f.DefaultMavenResourcesFiltering - Copying 1 resource from src\main\resources to target\classes
2025-04-28 09:20:52,673 [Worker-18: Building] INFO  o.a.m.s.f.DefaultMavenResourcesFiltering - skip non existing resourceDirectory E:\microservicio\usuario-service\src\test\resources
